Chromosome,Map_Type,Position_cM,Position_bp,Group
1,ZhongmuNo.1,0,745191,NotImp
1,ZhongmuNo.1,0,919378,NotImp
1,ZhongmuNo.1,0,1059005,NotImp
1,ZhongmuNo.1,0,1066463,NotImp
1,ZhongmuNo.1,0,1066466,NotImp
1,ZhongmuNo.1,0.01,1066514,NotImp
1,ZhongmuNo.1,0.55,1219834,NotImp
1,ZhongmuNo.1,0.63,1238234,NotImp
1,ZhongmuNo.1,0.63,1238275,NotImp
1,ZhongmuNo.1,0.63,1238276,NotImp
1,ZhongmuNo.1,0.63,1256180,NotImp
1,ZhongmuNo.1,0.64,1260662,NotImp
1,ZhongmuNo.1,0.64,1260780,NotImp
1,ZhongmuNo.1,0.64,1393857,NotImp
1,ZhongmuNo.1,0.64,1646652,NotImp
1,ZhongmuNo.1,0.64,1671569,NotImp
1,ZhongmuNo.1,0.64,1923588,NotImp
1,ZhongmuNo.1,0.64,3312051,NotImp
1,ZhongmuNo.1,2.95,3698478,NotImp
1,ZhongmuNo.1,2.95,4222290,NotImp
1,ZhongmuNo.1,2.95,4244291,NotImp
1,ZhongmuNo.1,2.95,4718674,NotImp
1,ZhongmuNo.1,2.95,4834622,NotImp
1,ZhongmuNo.1,2.95,5168489,NotImp
1,ZhongmuNo.1,2.95,5679993,NotImp
1,ZhongmuNo.1,2.95,6020264,NotImp
1,ZhongmuNo.1,2.95,6265544,NotImp
1,ZhongmuNo.1,7.35,6265688,NotImp
1,ZhongmuNo.1,7.35,6887824,NotImp
1,ZhongmuNo.1,7.8,7781013,NotImp
1,ZhongmuNo.1,7.8,7919582,NotImp
1,ZhongmuNo.1,7.8,8439122,NotImp
1,ZhongmuNo.1,28.53,8504507,NotImp
1,ZhongmuNo.1,28.53,8753095,NotImp
1,ZhongmuNo.1,28.53,8789527,NotImp
1,ZhongmuNo.1,28.53,9171839,NotImp
1,ZhongmuNo.1,28.53,9173727,NotImp
1,ZhongmuNo.1,28.67,10596294,NotImp
1,ZhongmuNo.1,28.67,10596332,NotImp
1,ZhongmuNo.1,28.79,10596495,NotImp
1,ZhongmuNo.1,28.8,10610898,NotImp
1,ZhongmuNo.1,28.8,10611081,NotImp
1,ZhongmuNo.1,28.8,10651676,NotImp
1,ZhongmuNo.1,28.8,10651678,NotImp
1,ZhongmuNo.1,28.8,11072620,NotImp
1,ZhongmuNo.1,28.8,11075491,NotImp
1,ZhongmuNo.1,28.8,11075649,NotImp
1,ZhongmuNo.1,31.25,11234850,NotImp
1,ZhongmuNo.1,35.93,11245947,NotImp
1,ZhongmuNo.1,35.94,11245968,NotImp
1,ZhongmuNo.1,37.49,11246123,NotImp
1,ZhongmuNo.1,37.49,11246126,NotImp
1,ZhongmuNo.1,40.98,11617465,NotImp
1,ZhongmuNo.1,40.98,11617646,NotImp
1,ZhongmuNo.1,40.98,11617662,NotImp
1,ZhongmuNo.1,48.9,11618183,NotImp
1,ZhongmuNo.1,48.97,11669079,NotImp
1,ZhongmuNo.1,48.97,11755458,NotImp
1,ZhongmuNo.1,48.97,11755565,NotImp
1,ZhongmuNo.1,48.97,11855542,NotImp
1,ZhongmuNo.1,48.97,11855619,NotImp
1,ZhongmuNo.1,49.11,11871525,NotImp
1,ZhongmuNo.1,49.12,12128668,NotImp
1,ZhongmuNo.1,49.12,14137043,NotImp
1,ZhongmuNo.1,49.12,15098548,NotImp
1,ZhongmuNo.1,51.13,15206272,NotImp
1,ZhongmuNo.1,51.13,15445731,NotImp
1,ZhongmuNo.1,51.13,15445910,NotImp
1,ZhongmuNo.1,51.13,15458741,NotImp
1,ZhongmuNo.1,51.14,15472779,NotImp
1,ZhongmuNo.1,51.14,15569783,NotImp
1,ZhongmuNo.1,51.93,16216550,NotImp
1,ZhongmuNo.1,51.93,16227767,NotImp
1,ZhongmuNo.1,52.63,16240214,NotImp
1,ZhongmuNo.1,53.23,16835838,NotImp
1,ZhongmuNo.1,54.18,16852520,NotImp
1,ZhongmuNo.1,54.18,17229182,NotImp
1,ZhongmuNo.1,54.19,17969833,NotImp
1,ZhongmuNo.1,54.19,18058933,NotImp
1,ZhongmuNo.1,54.19,18058959,NotImp
1,ZhongmuNo.1,54.19,18059720,NotImp
1,ZhongmuNo.1,54.19,18059869,NotImp
1,ZhongmuNo.1,54.19,18692861,NotImp
1,ZhongmuNo.1,55.32,18693025,NotImp
1,ZhongmuNo.1,55.32,18777233,NotImp
1,ZhongmuNo.1,58.72,19846749,NotImp
1,ZhongmuNo.1,58.72,19846800,NotImp
1,ZhongmuNo.1,58.72,19847840,NotImp
1,ZhongmuNo.1,58.72,19847848,NotImp
1,ZhongmuNo.1,59.78,20247809,NotImp
1,ZhongmuNo.1,63.02,23119149,NotImp
1,ZhongmuNo.1,63.02,23134470,NotImp
1,ZhongmuNo.1,69.53,23134537,NotImp
1,ZhongmuNo.1,69.53,23254478,NotImp
1,ZhongmuNo.1,72.71,24901592,NotImp
1,ZhongmuNo.1,72.71,24979999,NotImp
1,ZhongmuNo.1,72.71,24980115,NotImp
1,ZhongmuNo.1,72.71,24980156,NotImp
1,ZhongmuNo.1,72.71,26051457,NotImp
1,ZhongmuNo.1,72.98,26692505,NotImp
1,ZhongmuNo.1,72.98,26692604,NotImp
1,ZhongmuNo.1,72.98,27599298,NotImp
1,ZhongmuNo.1,72.98,27702534,NotImp
1,ZhongmuNo.1,72.98,28131760,NotImp
1,ZhongmuNo.1,72.98,29056299,NotImp
1,ZhongmuNo.1,75.24,29327545,NotImp
1,ZhongmuNo.1,77.51,32203759,NotImp
1,ZhongmuNo.1,77.51,32204162,NotImp
1,ZhongmuNo.1,77.51,32285793,NotImp
1,ZhongmuNo.1,77.51,32286348,NotImp
1,ZhongmuNo.1,77.51,32292387,NotImp
1,ZhongmuNo.1,77.51,32292389,NotImp
1,ZhongmuNo.1,77.51,32303033,NotImp
1,ZhongmuNo.1,77.51,32883414,NotImp
1,ZhongmuNo.1,77.52,33727161,NotImp
1,ZhongmuNo.1,77.52,33759563,NotImp
1,ZhongmuNo.1,77.52,33759564,NotImp
1,ZhongmuNo.1,77.52,33760055,NotImp
1,ZhongmuNo.1,77.83,33760190,NotImp
1,ZhongmuNo.1,77.83,34890401,NotImp
1,ZhongmuNo.1,78.97,39171894,NotImp
1,ZhongmuNo.1,78.97,39171999,NotImp
1,ZhongmuNo.1,78.97,39299257,NotImp
1,ZhongmuNo.1,80.15,39790784,NotImp
1,ZhongmuNo.1,89.93,39790979,NotImp
1,ZhongmuNo.1,89.93,43470992,NotImp
1,ZhongmuNo.1,89.93,44291488,NotImp
1,ZhongmuNo.1,89.93,44291553,NotImp
1,ZhongmuNo.1,94.65,45464597,NotImp
1,ZhongmuNo.1,94.65,45699600,NotImp
1,ZhongmuNo.1,94.65,52288014,NotImp
1,ZhongmuNo.1,94.65,52541488,NotImp
1,ZhongmuNo.1,94.65,52541596,NotImp
1,ZhongmuNo.1,94.65,52541606,NotImp
1,ZhongmuNo.1,94.65,53639040,NotImp
1,ZhongmuNo.1,94.65,53639043,NotImp
1,ZhongmuNo.1,94.65,53723240,NotImp
1,ZhongmuNo.1,94.66,53723427,NotImp
1,ZhongmuNo.1,94.84,53723740,NotImp
1,ZhongmuNo.1,94.84,54153825,NotImp
1,ZhongmuNo.1,94.84,54153829,NotImp
1,ZhongmuNo.1,94.85,55314096,NotImp
1,ZhongmuNo.1,94.85,55314108,NotImp
1,ZhongmuNo.1,97.07,55805844,NotImp
1,ZhongmuNo.1,97.07,55805952,NotImp
1,ZhongmuNo.1,97.08,55805988,NotImp
1,ZhongmuNo.1,97.99,56393212,NotImp
1,ZhongmuNo.1,98.69,56820696,NotImp
1,ZhongmuNo.1,98.69,56820727,NotImp
1,ZhongmuNo.1,99.46,57526662,NotImp
1,ZhongmuNo.1,99.46,57526830,NotImp
1,ZhongmuNo.1,99.46,57865320,NotImp
1,ZhongmuNo.1,99.46,58109509,NotImp
1,ZhongmuNo.1,99.46,58109688,NotImp
1,ZhongmuNo.1,99.47,58109699,NotImp
1,ZhongmuNo.1,99.47,58109733,NotImp
1,ZhongmuNo.1,99.47,58499539,NotImp
1,ZhongmuNo.1,99.47,58870677,NotImp
1,ZhongmuNo.1,99.47,58874124,NotImp
1,ZhongmuNo.1,99.47,58874168,NotImp
1,ZhongmuNo.1,99.47,58874233,NotImp
1,ZhongmuNo.1,99.47,58874247,NotImp
1,ZhongmuNo.1,99.47,58874280,NotImp
1,ZhongmuNo.1,99.47,58874318,NotImp
1,ZhongmuNo.1,99.48,58887605,NotImp
1,ZhongmuNo.1,101.48,59468514,NotImp
1,ZhongmuNo.1,101.48,59576802,NotImp
1,ZhongmuNo.1,101.48,60718566,NotImp
1,ZhongmuNo.1,101.48,60806714,NotImp
1,ZhongmuNo.1,101.48,61077901,NotImp
1,ZhongmuNo.1,101.57,61286598,NotImp
1,ZhongmuNo.1,101.57,61286639,NotImp
1,ZhongmuNo.1,101.57,61429936,NotImp
1,ZhongmuNo.1,101.57,61433153,NotImp
1,ZhongmuNo.1,101.57,61433168,NotImp
1,ZhongmuNo.1,101.57,61433323,NotImp
1,ZhongmuNo.1,101.57,61433336,NotImp
1,ZhongmuNo.1,101.58,61565654,NotImp
1,ZhongmuNo.1,101.58,61565810,NotImp
1,ZhongmuNo.1,101.58,61925736,NotImp
1,ZhongmuNo.1,101.58,61925758,NotImp
1,ZhongmuNo.1,101.58,61925812,NotImp
1,ZhongmuNo.1,101.58,61925945,NotImp
1,ZhongmuNo.1,101.58,61956611,NotImp
1,ZhongmuNo.1,101.58,62240791,NotImp
1,ZhongmuNo.1,102.22,62305756,NotImp
1,ZhongmuNo.1,102.22,62305954,NotImp
1,ZhongmuNo.1,102.23,62306321,NotImp
1,ZhongmuNo.1,102.23,62376841,NotImp
1,ZhongmuNo.1,105.79,62409210,NotImp
1,ZhongmuNo.1,105.79,62501858,NotImp
1,ZhongmuNo.1,105.79,63219106,NotImp
1,ZhongmuNo.1,105.79,63222431,NotImp
1,ZhongmuNo.1,105.79,63351563,NotImp
1,ZhongmuNo.1,105.79,63351580,NotImp
1,ZhongmuNo.1,105.79,63351628,NotImp
1,ZhongmuNo.1,105.8,63356474,NotImp
1,ZhongmuNo.1,105.8,63393059,NotImp
1,ZhongmuNo.1,105.81,63506019,NotImp
1,ZhongmuNo.1,105.81,63708560,NotImp
1,ZhongmuNo.1,105.83,63807288,NotImp
1,ZhongmuNo.1,105.83,63928479,NotImp
1,ZhongmuNo.1,105.83,64837150,NotImp
1,ZhongmuNo.1,105.83,64991122,NotImp
1,ZhongmuNo.1,105.83,64991310,NotImp
1,ZhongmuNo.1,106.6,65131480,NotImp
1,ZhongmuNo.1,106.6,65163870,NotImp
1,ZhongmuNo.1,106.6,65163922,NotImp
1,ZhongmuNo.1,106.6,65225562,NotImp
1,ZhongmuNo.1,106.6,65225619,NotImp
1,ZhongmuNo.1,106.61,65225819,NotImp
1,ZhongmuNo.1,106.61,65310762,NotImp
1,ZhongmuNo.1,106.61,65310893,NotImp
1,ZhongmuNo.1,107.42,65602058,NotImp
1,ZhongmuNo.1,107.42,67407279,NotImp
1,ZhongmuNo.1,107.42,67413026,NotImp
1,ZhongmuNo.1,107.82,67419565,NotImp
1,ZhongmuNo.1,107.82,67467790,NotImp
1,ZhongmuNo.1,107.83,67683876,NotImp
1,ZhongmuNo.1,107.83,67688508,NotImp
1,ZhongmuNo.1,107.83,67728294,NotImp
1,ZhongmuNo.1,109.68,67863718,NotImp
1,ZhongmuNo.1,109.68,67870106,NotImp
1,ZhongmuNo.1,109.68,67966622,NotImp
1,ZhongmuNo.1,109.76,67996780,NotImp
1,ZhongmuNo.1,111.24,67996925,NotImp
1,ZhongmuNo.1,111.24,68214077,NotImp
1,ZhongmuNo.1,112.31,68595143,NotImp
1,ZhongmuNo.1,112.34,68800137,NotImp
1,ZhongmuNo.1,112.34,68844178,NotImp
1,ZhongmuNo.1,112.34,69110023,NotImp
1,ZhongmuNo.1,112.34,69110036,NotImp
1,ZhongmuNo.1,112.64,69110086,NotImp
1,ZhongmuNo.1,112.64,69110140,NotImp
1,ZhongmuNo.1,112.64,69265453,NotImp
1,ZhongmuNo.1,112.64,69434486,NotImp
1,ZhongmuNo.1,112.64,69576781,NotImp
1,ZhongmuNo.1,112.64,69640862,NotImp
1,ZhongmuNo.1,112.83,69753562,NotImp
1,ZhongmuNo.1,113.08,69806663,NotImp
1,ZhongmuNo.1,113.08,69894598,NotImp
1,ZhongmuNo.1,113.08,70563236,NotImp
1,ZhongmuNo.1,113.08,70574975,NotImp
1,ZhongmuNo.1,113.08,70665232,NotImp
1,ZhongmuNo.1,113.08,70714713,NotImp
1,ZhongmuNo.1,113.09,71256057,NotImp
1,ZhongmuNo.1,113.09,71541056,NotImp
1,ZhongmuNo.1,113.09,71541188,NotImp
1,ZhongmuNo.1,113.09,71766579,NotImp
1,ZhongmuNo.1,113.09,71797029,NotImp
1,ZhongmuNo.1,113.09,71800426,NotImp
1,ZhongmuNo.1,113.09,72510791,NotImp
1,ZhongmuNo.1,113.09,72799367,NotImp
1,ZhongmuNo.1,114.1,73273220,NotImp
1,ZhongmuNo.1,115.26,73375024,NotImp
1,ZhongmuNo.1,117.11,73901013,NotImp
1,ZhongmuNo.1,117.11,77118635,NotImp
1,ZhongmuNo.1,119.61,77262183,NotImp
1,ZhongmuNo.1,119.61,77333969,NotImp
1,ZhongmuNo.1,119.61,77342863,NotImp
1,ZhongmuNo.1,119.62,77657784,NotImp
1,ZhongmuNo.1,119.96,77658838,NotImp
1,ZhongmuNo.1,122.66,78002331,NotImp
1,ZhongmuNo.1,122.86,78070684,NotImp
1,ZhongmuNo.1,125.09,78371155,NotImp
1,ZhongmuNo.1,125.09,78451601,NotImp
1,ZhongmuNo.1,125.09,78451789,NotImp
1,ZhongmuNo.1,125.09,78451790,NotImp
1,ZhongmuNo.1,125.09,78556251,NotImp
1,ZhongmuNo.1,125.09,78556278,NotImp
1,ZhongmuNo.1,125.09,78556467,NotImp
1,ZhongmuNo.1,125.1,78678571,NotImp
1,ZhongmuNo.1,125.1,78875659,NotImp
1,ZhongmuNo.1,125.1,78945135,NotImp
1,ZhongmuNo.1,125.1,79003595,NotImp
1,ZhongmuNo.1,125.1,79132807,NotImp
1,ZhongmuNo.1,125.1,79151479,NotImp
1,ZhongmuNo.1,125.1,79151517,NotImp
1,ZhongmuNo.1,127.87,79210694,NotImp
1,ZhongmuNo.1,127.87,79210701,NotImp
1,ZhongmuNo.1,129.7,79362141,NotImp
1,ZhongmuNo.1,129.7,79395030,NotImp
1,ZhongmuNo.1,129.71,79395265,NotImp
1,ZhongmuNo.1,131.44,80049190,NotImp
1,ZhongmuNo.1,131.44,80263951,NotImp
1,ZhongmuNo.1,133.33,80785174,NotImp
1,ZhongmuNo.1,133.33,80787338,NotImp
1,ZhongmuNo.1,133.99,80973308,NotImp
1,ZhongmuNo.1,134.46,80973516,NotImp
1,ZhongmuNo.1,136.54,81861547,NotImp
1,ZhongmuNo.1,136.54,81861594,NotImp
1,ZhongmuNo.1,136.54,82469291,NotImp
1,ZhongmuNo.1,136.54,82469507,NotImp
1,ZhongmuNo.1,138.83,82865383,NotImp
1,ZhongmuNo.1,138.83,82865450,NotImp
1,ZhongmuNo.1,138.83,82865478,NotImp
1,ZhongmuNo.1,138.83,82876140,NotImp
1,ZhongmuNo.1,138.84,83266702,NotImp
1,ZhongmuNo.1,138.84,83556694,NotImp
1,ZhongmuNo.1,138.93,83901987,NotImp
1,ZhongmuNo.1,139.65,84246120,NotImp
1,ZhongmuNo.1,140.07,84365825,NotImp
1,ZhongmuNo.1,140.07,84734787,NotImp
1,ZhongmuNo.1,140.07,84922292,NotImp
1,ZhongmuNo.1,140.07,84922367,NotImp
1,ZhongmuNo.1,140.64,84998017,NotImp
1,ZhongmuNo.1,140.64,85029861,NotImp
1,ZhongmuNo.1,140.64,85423163,NotImp
1,ZhongmuNo.1,140.64,85564393,NotImp
1,ZhongmuNo.1,140.64,85705156,NotImp
1,ZhongmuNo.1,140.65,85705165,NotImp
1,ZhongmuNo.1,146.96,86890411,NotImp
1,ZhongmuNo.1,146.96,86890416,NotImp
1,ZhongmuNo.1,151.67,86918811,NotImp
1,ZhongmuNo.1,151.68,87009608,NotImp
1,ZhongmuNo.1,151.68,87918770,NotImp
1,ZhongmuNo.1,151.68,87918771,NotImp
1,ZhongmuNo.1,151.68,87918808,NotImp
1,ZhongmuNo.1,151.68,87922111,NotImp
1,ZhongmuNo.1,151.68,87922117,NotImp
1,ZhongmuNo.1,151.68,87944021,NotImp
1,ZhongmuNo.1,151.68,88132758,NotImp
1,ZhongmuNo.1,151.68,88163543,NotImp
1,ZhongmuNo.1,151.68,88164314,NotImp
1,ZhongmuNo.1,152.21,88378334,NotImp
1,ZhongmuNo.1,152.86,89264190,NotImp
1,ZhongmuNo.1,152.87,89288558,NotImp
1,ZhongmuNo.1,152.87,89304948,NotImp
1,ZhongmuNo.1,152.87,89608746,NotImp
1,ZhongmuNo.1,152.87,89991966,NotImp
1,ZhongmuNo.1,152.87,90249986,NotImp
1,ZhongmuNo.1,152.87,90250135,NotImp
1,ZhongmuNo.1,152.87,90413773,NotImp
1,ZhongmuNo.1,152.87,90734605,NotImp
1,ZhongmuNo.1,152.87,90869682,NotImp
1,ZhongmuNo.1,152.87,90878943,NotImp
1,ZhongmuNo.1,152.88,91032151,NotImp
1,ZhongmuNo.1,152.88,91244193,NotImp
1,ZhongmuNo.1,152.88,91295269,NotImp
1,ZhongmuNo.1,152.88,91380500,NotImp
1,ZhongmuNo.1,152.88,91613830,NotImp
1,ZhongmuNo.1,152.88,91613900,NotImp
1,ZhongmuNo.1,152.88,91627912,NotImp
1,ZhongmuNo.1,152.88,91779005,NotImp
1,ZhongmuNo.1,152.88,91911541,NotImp
1,ZhongmuNo.1,152.88,92404096,NotImp
1,ZhongmuNo.1,152.89,92404123,NotImp
1,ZhongmuNo.1,153.1,92431137,NotImp
1,ZhongmuNo.1,153.34,92869995,NotImp
1,ZhongmuNo.1,153.34,93274070,NotImp
1,ZhongmuNo.1,153.34,93700157,NotImp
1,ZhongmuNo.1,153.34,94365742,NotImp
1,ZhongmuNo.1,153.34,94784568,NotImp
1,ZhongmuNo.1,153.35,94847994,NotImp
1,ZhongmuNo.1,153.35,94883401,NotImp
1,ZhongmuNo.1,153.58,94886377,NotImp
1,ZhongmuNo.1,153.58,95762495,NotImp
1,ZhongmuNo.1,153.58,95884098,NotImp
1,ZhongmuNo.1,154.01,96147979,NotImp
1,ZhongmuNo.1,154.01,96431682,NotImp
1,ZhongmuNo.1,155.48,96577258,NotImp
1,ZhongmuNo.1,158.29,97493280,NotImp
1,ZhongmuNo.1,159.12,97493325,NotImp
1,ZhongmuNo.1,159.12,97493328,NotImp
1,ZhongmuNo.1,160.87,97668493,NotImp
1,ZhongmuNo.1,160.87,97980040,NotImp
1,ZhongmuNo.1,160.88,97987533,NotImp
1,ZhongmuNo.1,160.88,97987781,NotImp
1,ZhongmuNo.1,160.88,98012126,NotImp
1,ZhongmuNo.1,161.71,98386988,NotImp
1,ZhongmuNo.1,161.71,98387014,NotImp
1,ZhongmuNo.1,161.71,98388135,NotImp
1,ZhongmuNo.1,161.71,98464973,NotImp
1,ZhongmuNo.1,161.71,98497383,NotImp
1,ZhongmuNo.1,161.71,98643086,NotImp
1,ZhongmuNo.1,162.13,99318353,NotImp
1,ZhongmuNo.1,162.13,99338403,NotImp
1,ZhongmuNo.1,162.13,99355649,NotImp
1,ZhongmuNo.1,162.13,99482760,NotImp
1,ZhongmuNo.1,162.13,99482770,NotImp
1,ZhongmuNo.1,162.14,99587117,NotImp
1,ZhongmuNo.1,162.14,99587166,NotImp
1,ZhongmuNo.1,162.14,99743405,NotImp
1,ZhongmuNo.1,162.14,100155653,NotImp
1,ZhongmuNo.1,162.14,100155679,NotImp
1,ZhongmuNo.1,162.14,100190990,NotImp
1,ZhongmuNo.1,162.14,100191058,NotImp
1,ZhongmuNo.1,162.14,100220919,NotImp
1,ZhongmuNo.1,162.14,100221187,NotImp
1,ZhongmuNo.1,163.2,100587671,NotImp
1,ZhongmuNo.1,163.2,100653002,NotImp
1,ZhongmuNo.1,163.2,100653564,NotImp
1,ZhongmuNo.1,163.2,100653568,NotImp
1,ZhongmuNo.1,163.2,100653577,NotImp
1,ZhongmuNo.1,163.2,100664247,NotImp
1,ZhongmuNo.1,163.2,100754921,NotImp
1,ZhongmuNo.1,163.2,100814409,NotImp
1,ZhongmuNo.1,163.2,100814414,NotImp
1,ZhongmuNo.1,163.21,101512933,NotImp
1,ZhongmuNo.1,163.21,101548170,NotImp
1,ZhongmuNo.1,163.21,101630568,NotImp
1,ZhongmuNo.1,163.21,101673556,NotImp
1,ZhongmuNo.1,163.21,101851329,NotImp
1,ZhongmuNo.1,163.21,101886286,NotImp
1,ZhongmuNo.1,163.21,101899629,NotImp
2,ZhongmuNo.1,0,179511,NotImp
2,ZhongmuNo.1,27.69,179865,NotImp
2,ZhongmuNo.1,27.69,289289,NotImp
2,ZhongmuNo.1,27.69,289348,NotImp
2,ZhongmuNo.1,27.7,526068,NotImp
2,ZhongmuNo.1,27.7,659358,NotImp
2,ZhongmuNo.1,27.7,695935,NotImp
2,ZhongmuNo.1,38.12,1066525,NotImp
2,ZhongmuNo.1,38.13,1282739,NotImp
2,ZhongmuNo.1,38.14,1578053,NotImp
2,ZhongmuNo.1,38.14,1698717,NotImp
2,ZhongmuNo.1,38.14,1856740,NotImp
2,ZhongmuNo.1,38.14,1919138,NotImp
2,ZhongmuNo.1,38.14,2236431,NotImp
2,ZhongmuNo.1,38.14,4003902,NotImp
2,ZhongmuNo.1,40.17,5141465,NotImp
2,ZhongmuNo.1,40.18,5141492,NotImp
2,ZhongmuNo.1,40.18,5313757,NotImp
2,ZhongmuNo.1,40.18,6128388,NotImp
2,ZhongmuNo.1,40.18,6128451,NotImp
2,ZhongmuNo.1,40.18,6319610,NotImp
2,ZhongmuNo.1,40.18,6399035,NotImp
2,ZhongmuNo.1,40.18,6399041,NotImp
2,ZhongmuNo.1,40.18,6399113,NotImp
2,ZhongmuNo.1,40.18,7536710,NotImp
2,ZhongmuNo.1,40.18,7536903,NotImp
2,ZhongmuNo.1,44.22,8104469,NotImp
2,ZhongmuNo.1,44.22,8104471,NotImp
2,ZhongmuNo.1,44.22,8104490,NotImp
2,ZhongmuNo.1,44.49,8104519,NotImp
2,ZhongmuNo.1,44.49,8104528,NotImp
2,ZhongmuNo.1,44.49,8104531,NotImp
2,ZhongmuNo.1,62.27,8265884,NotImp
2,ZhongmuNo.1,62.27,8495395,NotImp
2,ZhongmuNo.1,62.27,8495485,NotImp
2,ZhongmuNo.1,62.27,8495533,NotImp
2,ZhongmuNo.1,71.84,8495650,NotImp
2,ZhongmuNo.1,71.84,8943390,NotImp
2,ZhongmuNo.1,71.84,9124584,NotImp
2,ZhongmuNo.1,71.94,9390725,NotImp
2,ZhongmuNo.1,71.94,10175989,NotImp
2,ZhongmuNo.1,71.94,10187950,NotImp
2,ZhongmuNo.1,71.94,10399482,NotImp
2,ZhongmuNo.1,71.95,10427283,NotImp
2,ZhongmuNo.1,71.95,10454031,NotImp
2,ZhongmuNo.1,71.95,10480609,NotImp
2,ZhongmuNo.1,71.95,10893844,NotImp
2,ZhongmuNo.1,71.95,11001295,NotImp
2,ZhongmuNo.1,75.01,11049463,NotImp
2,ZhongmuNo.1,75.01,11170461,NotImp
2,ZhongmuNo.1,77.9,12127437,NotImp
2,ZhongmuNo.1,77.97,12153328,NotImp
2,ZhongmuNo.1,86.07,15163723,NotImp
2,ZhongmuNo.1,89.44,15329211,NotImp
2,ZhongmuNo.1,97.66,15329357,NotImp
2,ZhongmuNo.1,97.73,16039872,NotImp
2,ZhongmuNo.1,97.76,16071039,NotImp
2,ZhongmuNo.1,97.76,16496294,NotImp
2,ZhongmuNo.1,97.76,16554142,NotImp
2,ZhongmuNo.1,97.76,16668411,NotImp
2,ZhongmuNo.1,97.76,16797815,NotImp
2,ZhongmuNo.1,98.41,17720417,NotImp
2,ZhongmuNo.1,98.68,17869820,NotImp
2,ZhongmuNo.1,98.68,17875578,NotImp
2,ZhongmuNo.1,98.68,17972953,NotImp
2,ZhongmuNo.1,98.68,17973314,NotImp
2,ZhongmuNo.1,98.69,18612087,NotImp
2,ZhongmuNo.1,102.11,18995312,NotImp
2,ZhongmuNo.1,105.84,19357549,NotImp
2,ZhongmuNo.1,108.07,19357565,NotImp
2,ZhongmuNo.1,108.07,19357795,NotImp
2,ZhongmuNo.1,108.49,19473606,NotImp
2,ZhongmuNo.1,108.5,19503312,NotImp
2,ZhongmuNo.1,108.5,19503323,NotImp
2,ZhongmuNo.1,108.5,19503361,NotImp
2,ZhongmuNo.1,108.5,19640414,NotImp
2,ZhongmuNo.1,108.5,19640425,NotImp
2,ZhongmuNo.1,108.51,19697246,NotImp
2,ZhongmuNo.1,111.44,19770886,NotImp
2,ZhongmuNo.1,111.44,19872923,NotImp
2,ZhongmuNo.1,111.44,19895710,NotImp
2,ZhongmuNo.1,111.44,19895863,NotImp
2,ZhongmuNo.1,111.44,19896222,NotImp
2,ZhongmuNo.1,111.44,19900489,NotImp
2,ZhongmuNo.1,117.27,20074999,NotImp
2,ZhongmuNo.1,117.27,20109735,NotImp
2,ZhongmuNo.1,119.56,20415547,NotImp
2,ZhongmuNo.1,119.56,20844774,NotImp
2,ZhongmuNo.1,119.56,21656931,NotImp
2,ZhongmuNo.1,119.56,21756550,NotImp
2,ZhongmuNo.1,119.56,21907219,NotImp
2,ZhongmuNo.1,119.56,21910380,NotImp
2,ZhongmuNo.1,119.57,22159545,NotImp
2,ZhongmuNo.1,134.26,23100523,NotImp
2,ZhongmuNo.1,134.82,23838237,NotImp
2,ZhongmuNo.1,134.82,23838254,NotImp
2,ZhongmuNo.1,134.83,23838259,NotImp
2,ZhongmuNo.1,134.89,23842276,NotImp
2,ZhongmuNo.1,134.89,23848622,NotImp
2,ZhongmuNo.1,134.9,23940013,NotImp
2,ZhongmuNo.1,134.9,23940022,NotImp
2,ZhongmuNo.1,134.9,23948096,NotImp
2,ZhongmuNo.1,134.9,24002435,NotImp
2,ZhongmuNo.1,134.9,24002444,NotImp
2,ZhongmuNo.1,134.9,24003426,NotImp
2,ZhongmuNo.1,134.9,24159958,NotImp
2,ZhongmuNo.1,134.9,24160016,NotImp
2,ZhongmuNo.1,134.9,24244925,NotImp
2,ZhongmuNo.1,134.9,24315876,NotImp
2,ZhongmuNo.1,153.37,24315891,NotImp
2,ZhongmuNo.1,153.38,24497665,NotImp
2,ZhongmuNo.1,153.38,25070561,NotImp
2,ZhongmuNo.1,153.38,25142914,NotImp
2,ZhongmuNo.1,169.4,25544916,NotImp
2,ZhongmuNo.1,169.4,25620573,NotImp
2,ZhongmuNo.1,169.4,25682975,NotImp
2,ZhongmuNo.1,169.4,25707768,NotImp
2,ZhongmuNo.1,169.41,25779877,NotImp
2,ZhongmuNo.1,169.41,25954411,NotImp
2,ZhongmuNo.1,172.05,27421606,NotImp
2,ZhongmuNo.1,172.05,27421627,NotImp
2,ZhongmuNo.1,172.05,27421806,NotImp
2,ZhongmuNo.1,172.05,27655878,NotImp
2,ZhongmuNo.1,172.05,27661865,NotImp
2,ZhongmuNo.1,172.05,27662105,NotImp
2,ZhongmuNo.1,172.35,28230419,NotImp
2,ZhongmuNo.1,172.35,28357105,NotImp
2,ZhongmuNo.1,172.35,28399633,NotImp
2,ZhongmuNo.1,172.35,28555431,NotImp
2,ZhongmuNo.1,172.35,28722860,NotImp
2,ZhongmuNo.1,177.4,29039403,NotImp
2,ZhongmuNo.1,181.46,29234700,NotImp
2,ZhongmuNo.1,181.46,29234710,NotImp
2,ZhongmuNo.1,182.45,29234720,NotImp
2,ZhongmuNo.1,190.11,29695444,NotImp
2,ZhongmuNo.1,190.15,29695559,NotImp
2,ZhongmuNo.1,190.15,29695560,NotImp
2,ZhongmuNo.1,201.66,29731836,NotImp
2,ZhongmuNo.1,201.66,29731890,NotImp
2,ZhongmuNo.1,201.66,29731899,NotImp
2,ZhongmuNo.1,202.73,29764162,NotImp
2,ZhongmuNo.1,202.73,29764180,NotImp
2,ZhongmuNo.1,203.15,29798646,NotImp
2,ZhongmuNo.1,211.42,29889439,NotImp
2,ZhongmuNo.1,211.42,29889504,NotImp
2,ZhongmuNo.1,211.42,29889514,NotImp
2,ZhongmuNo.1,213.14,29986045,NotImp
2,ZhongmuNo.1,213.14,29986050,NotImp
2,ZhongmuNo.1,213.15,30014612,NotImp
2,ZhongmuNo.1,213.15,30212129,NotImp
2,ZhongmuNo.1,213.15,30212248,NotImp
2,ZhongmuNo.1,213.15,30214125,NotImp
2,ZhongmuNo.1,213.15,30214177,NotImp
2,ZhongmuNo.1,220.28,30214193,NotImp
2,ZhongmuNo.1,223.82,30214275,NotImp
2,ZhongmuNo.1,223.82,30214323,NotImp
2,ZhongmuNo.1,228.51,30693502,NotImp
2,ZhongmuNo.1,228.51,31533772,NotImp
2,ZhongmuNo.1,228.51,31779605,NotImp
2,ZhongmuNo.1,229.82,32941161,NotImp
2,ZhongmuNo.1,236.73,34742344,NotImp
2,ZhongmuNo.1,236.73,34742542,NotImp
2,ZhongmuNo.1,236.73,37312095,NotImp
2,ZhongmuNo.1,236.83,37413096,NotImp
2,ZhongmuNo.1,236.88,37479352,NotImp
2,ZhongmuNo.1,238.62,37557189,NotImp
2,ZhongmuNo.1,238.62,40127450,NotImp
2,ZhongmuNo.1,240.75,41406178,NotImp
2,ZhongmuNo.1,250.07,41472390,NotImp
2,ZhongmuNo.1,250.07,41472439,NotImp
2,ZhongmuNo.1,250.07,41472454,NotImp
2,ZhongmuNo.1,250.07,46319175,NotImp
2,ZhongmuNo.1,252.31,46321887,NotImp
2,ZhongmuNo.1,252.31,46321924,NotImp
2,ZhongmuNo.1,255.84,46457818,NotImp
2,ZhongmuNo.1,255.84,46457839,NotImp
2,ZhongmuNo.1,255.84,46457848,NotImp
2,ZhongmuNo.1,255.84,46457849,NotImp
2,ZhongmuNo.1,255.84,46457852,NotImp
2,ZhongmuNo.1,255.84,46457879,NotImp
2,ZhongmuNo.1,255.84,46457898,NotImp
2,ZhongmuNo.1,260.16,48368467,NotImp
2,ZhongmuNo.1,260.17,48775249,NotImp
2,ZhongmuNo.1,260.32,48775409,NotImp
2,ZhongmuNo.1,260.33,48775453,NotImp
2,ZhongmuNo.1,260.33,48775462,NotImp
2,ZhongmuNo.1,260.33,48783063,NotImp
2,ZhongmuNo.1,260.73,48783105,NotImp
2,ZhongmuNo.1,261.71,48783250,NotImp
2,ZhongmuNo.1,261.71,49282278,NotImp
2,ZhongmuNo.1,266.23,49482744,NotImp
2,ZhongmuNo.1,273.65,49516133,NotImp
2,ZhongmuNo.1,273.65,49623530,NotImp
2,ZhongmuNo.1,273.65,49623624,NotImp
2,ZhongmuNo.1,276.38,50495678,NotImp
2,ZhongmuNo.1,276.83,51123732,NotImp
2,ZhongmuNo.1,278.16,52307095,NotImp
2,ZhongmuNo.1,278.17,52689468,NotImp
2,ZhongmuNo.1,278.17,53758503,NotImp
2,ZhongmuNo.1,278.17,53758512,NotImp
2,ZhongmuNo.1,278.17,53758551,NotImp
2,ZhongmuNo.1,278.17,53920759,NotImp
2,ZhongmuNo.1,279.55,53992303,NotImp
2,ZhongmuNo.1,279.55,54004659,NotImp
2,ZhongmuNo.1,279.55,54004683,NotImp
2,ZhongmuNo.1,279.55,54009035,NotImp
2,ZhongmuNo.1,279.55,54031763,NotImp
2,ZhongmuNo.1,279.55,54850141,NotImp
2,ZhongmuNo.1,280.05,54850416,NotImp
2,ZhongmuNo.1,280.05,54850474,NotImp
2,ZhongmuNo.1,280.46,54850546,NotImp
2,ZhongmuNo.1,280.46,54850587,NotImp
2,ZhongmuNo.1,280.76,55177491,NotImp
2,ZhongmuNo.1,280.76,55600541,NotImp
2,ZhongmuNo.1,281.75,57805829,NotImp
2,ZhongmuNo.1,282.07,58114740,NotImp
2,ZhongmuNo.1,282.07,58119256,NotImp
2,ZhongmuNo.1,282.07,58242018,NotImp
2,ZhongmuNo.1,282.08,58463512,NotImp
2,ZhongmuNo.1,282.08,58607808,NotImp
2,ZhongmuNo.1,282.08,58607943,NotImp
2,ZhongmuNo.1,282.08,58608000,NotImp
2,ZhongmuNo.1,283.5,59155281,NotImp
2,ZhongmuNo.1,284.84,61211677,NotImp
2,ZhongmuNo.1,284.84,61212285,NotImp
2,ZhongmuNo.1,284.84,62071680,NotImp
2,ZhongmuNo.1,284.84,64332822,NotImp
2,ZhongmuNo.1,284.84,64441992,NotImp
2,ZhongmuNo.1,284.85,64639590,NotImp
2,ZhongmuNo.1,285.2,64646947,NotImp
2,ZhongmuNo.1,285.2,64647037,NotImp
2,ZhongmuNo.1,285.2,65073909,NotImp
2,ZhongmuNo.1,285.2,65073915,NotImp
2,ZhongmuNo.1,285.2,65345969,NotImp
2,ZhongmuNo.1,286.05,66937305,NotImp
2,ZhongmuNo.1,286.05,67015064,NotImp
2,ZhongmuNo.1,288.16,67565566,NotImp
2,ZhongmuNo.1,288.81,67849510,NotImp
2,ZhongmuNo.1,290.3,68397806,NotImp
2,ZhongmuNo.1,292.52,69189344,NotImp
2,ZhongmuNo.1,292.52,70073874,NotImp
2,ZhongmuNo.1,293.2,70572450,NotImp
2,ZhongmuNo.1,293.2,70781997,NotImp
2,ZhongmuNo.1,293.2,71175056,NotImp
2,ZhongmuNo.1,297.09,72191541,NotImp
2,ZhongmuNo.1,297.09,72191685,NotImp
2,ZhongmuNo.1,301.68,72499526,NotImp
2,ZhongmuNo.1,301.81,72944507,NotImp
2,ZhongmuNo.1,301.81,74022813,NotImp
2,ZhongmuNo.1,302.26,74022990,NotImp
2,ZhongmuNo.1,302.26,75303698,NotImp
2,ZhongmuNo.1,304.24,76309167,NotImp
2,ZhongmuNo.1,304.24,76452785,NotImp
2,ZhongmuNo.1,304.24,76453526,NotImp
2,ZhongmuNo.1,304.24,76453691,NotImp
2,ZhongmuNo.1,304.24,76453718,NotImp
2,ZhongmuNo.1,304.24,76587512,NotImp
2,ZhongmuNo.1,304.24,76808969,NotImp
2,ZhongmuNo.1,304.63,77134317,NotImp
2,ZhongmuNo.1,304.63,77167232,NotImp
2,ZhongmuNo.1,304.63,77330611,NotImp
2,ZhongmuNo.1,304.63,77931149,NotImp
2,ZhongmuNo.1,304.63,78519194,NotImp
2,ZhongmuNo.1,305.17,78671879,NotImp
2,ZhongmuNo.1,305.17,79100499,NotImp
2,ZhongmuNo.1,306.72,80068868,NotImp
2,ZhongmuNo.1,306.82,80085396,NotImp
2,ZhongmuNo.1,306.82,80085492,NotImp
2,ZhongmuNo.1,306.82,81057830,NotImp
2,ZhongmuNo.1,309.81,81853360,NotImp
2,ZhongmuNo.1,309.81,81853431,NotImp
2,ZhongmuNo.1,309.81,81853465,NotImp
2,ZhongmuNo.1,309.81,81853723,NotImp
2,ZhongmuNo.1,310.3,82185912,NotImp
2,ZhongmuNo.1,310.64,82187435,NotImp
2,ZhongmuNo.1,314.82,82901258,NotImp
2,ZhongmuNo.1,314.82,82901420,NotImp
2,ZhongmuNo.1,314.82,83114131,NotImp
2,ZhongmuNo.1,314.82,83182255,NotImp
2,ZhongmuNo.1,321.43,84590244,NotImp
2,ZhongmuNo.1,321.43,84669224,NotImp
2,ZhongmuNo.1,321.43,84674650,NotImp
2,ZhongmuNo.1,321.43,84675182,NotImp
2,ZhongmuNo.1,321.43,84675378,NotImp
2,ZhongmuNo.1,321.43,84729645,NotImp
3,ZhongmuNo.1,0,1738753,NotImp
3,ZhongmuNo.1,0,1738763,NotImp
3,ZhongmuNo.1,0,1738802,NotImp
3,ZhongmuNo.1,2.2,2252645,NotImp
3,ZhongmuNo.1,2.2,2252669,NotImp
3,ZhongmuNo.1,2.21,2252727,NotImp
3,ZhongmuNo.1,2.21,3043905,NotImp
3,ZhongmuNo.1,2.21,3100490,NotImp
3,ZhongmuNo.1,2.21,3849285,NotImp
3,ZhongmuNo.1,2.21,3890530,NotImp
3,ZhongmuNo.1,2.21,4407654,NotImp
3,ZhongmuNo.1,2.21,4511210,NotImp
3,ZhongmuNo.1,4.46,7889118,NotImp
3,ZhongmuNo.1,4.46,8235674,NotImp
3,ZhongmuNo.1,4.47,8701065,NotImp
3,ZhongmuNo.1,4.47,9490208,NotImp
3,ZhongmuNo.1,4.47,9490363,NotImp
3,ZhongmuNo.1,4.47,9490376,NotImp
3,ZhongmuNo.1,6.62,9490844,NotImp
3,ZhongmuNo.1,6.62,10151118,NotImp
3,ZhongmuNo.1,6.62,10151261,NotImp
3,ZhongmuNo.1,6.62,12231900,NotImp
3,ZhongmuNo.1,8.78,13310648,NotImp
3,ZhongmuNo.1,9.64,13310780,NotImp
3,ZhongmuNo.1,9.65,13310816,NotImp
3,ZhongmuNo.1,9.65,13310832,NotImp
3,ZhongmuNo.1,13.5,14681226,NotImp
3,ZhongmuNo.1,13.5,15816667,NotImp
3,ZhongmuNo.1,13.5,16020450,NotImp
3,ZhongmuNo.1,13.5,16075082,NotImp
3,ZhongmuNo.1,16.42,22066314,NotImp
3,ZhongmuNo.1,16.42,22927476,NotImp
3,ZhongmuNo.1,19.87,26080230,NotImp
3,ZhongmuNo.1,22.59,29698971,NotImp
3,ZhongmuNo.1,24.35,32152320,NotImp
3,ZhongmuNo.1,24.35,34510681,NotImp
3,ZhongmuNo.1,24.35,34681894,NotImp
3,ZhongmuNo.1,24.35,34682009,NotImp
3,ZhongmuNo.1,25.26,35932087,NotImp
3,ZhongmuNo.1,27.82,35932091,NotImp
3,ZhongmuNo.1,29.66,36766485,NotImp
3,ZhongmuNo.1,29.66,36813148,NotImp
3,ZhongmuNo.1,29.66,38654667,NotImp
3,ZhongmuNo.1,29.66,38654693,NotImp
3,ZhongmuNo.1,29.66,38654694,NotImp
3,ZhongmuNo.1,29.83,38654815,NotImp
3,ZhongmuNo.1,29.83,38655094,NotImp
3,ZhongmuNo.1,29.83,38655133,NotImp
3,ZhongmuNo.1,29.83,38992301,NotImp
3,ZhongmuNo.1,29.83,39064666,NotImp
3,ZhongmuNo.1,29.83,39064899,NotImp
3,ZhongmuNo.1,29.83,39064990,NotImp
3,ZhongmuNo.1,29.84,40429927,NotImp
3,ZhongmuNo.1,29.84,40430070,NotImp
3,ZhongmuNo.1,29.84,40430150,NotImp
3,ZhongmuNo.1,29.84,41166323,NotImp
3,ZhongmuNo.1,29.84,41166371,NotImp
3,ZhongmuNo.1,30.12,41166488,NotImp
3,ZhongmuNo.1,30.13,41166569,NotImp
3,ZhongmuNo.1,30.26,41166629,NotImp
3,ZhongmuNo.1,30.26,41166846,NotImp
3,ZhongmuNo.1,39.6,45189806,NotImp
3,ZhongmuNo.1,39.6,45189809,NotImp
3,ZhongmuNo.1,39.6,45189816,NotImp
3,ZhongmuNo.1,39.6,45189842,NotImp
3,ZhongmuNo.1,39.6,45190089,NotImp
3,ZhongmuNo.1,40.34,46470623,NotImp
3,ZhongmuNo.1,65.08,46502393,NotImp
3,ZhongmuNo.1,65.08,46502402,NotImp
3,ZhongmuNo.1,65.08,49799463,NotImp
3,ZhongmuNo.1,65.08,50089450,NotImp
3,ZhongmuNo.1,65.08,50089558,NotImp
3,ZhongmuNo.1,65.08,50089618,NotImp
3,ZhongmuNo.1,69.28,50644546,NotImp
3,ZhongmuNo.1,69.28,50647906,NotImp
3,ZhongmuNo.1,69.28,50647935,NotImp
3,ZhongmuNo.1,69.28,50649223,NotImp
3,ZhongmuNo.1,69.28,50942405,NotImp
3,ZhongmuNo.1,70.51,51755440,NotImp
3,ZhongmuNo.1,70.51,52228437,NotImp
3,ZhongmuNo.1,70.51,52515816,NotImp
3,ZhongmuNo.1,71.61,52571969,NotImp
3,ZhongmuNo.1,71.61,52572185,NotImp
3,ZhongmuNo.1,71.61,53025638,NotImp
3,ZhongmuNo.1,71.61,53177510,NotImp
3,ZhongmuNo.1,71.61,53508626,NotImp
3,ZhongmuNo.1,73.21,53936948,NotImp
3,ZhongmuNo.1,73.21,53936962,NotImp
3,ZhongmuNo.1,73.21,53936998,NotImp
3,ZhongmuNo.1,75.75,53937168,NotImp
3,ZhongmuNo.1,75.75,53937186,NotImp
3,ZhongmuNo.1,75.75,53937200,NotImp
3,ZhongmuNo.1,75.76,53937202,NotImp
3,ZhongmuNo.1,76.62,56036081,NotImp
3,ZhongmuNo.1,76.62,56036122,NotImp
3,ZhongmuNo.1,76.62,56109568,NotImp
3,ZhongmuNo.1,76.62,56109601,NotImp
3,ZhongmuNo.1,77.31,56383541,NotImp
3,ZhongmuNo.1,77.31,56653731,NotImp
3,ZhongmuNo.1,78.68,56672532,NotImp
3,ZhongmuNo.1,78.68,56695523,NotImp
3,ZhongmuNo.1,78.68,56695645,NotImp
3,ZhongmuNo.1,78.68,56695699,NotImp
3,ZhongmuNo.1,78.68,56701695,NotImp
3,ZhongmuNo.1,79.23,57465313,NotImp
3,ZhongmuNo.1,80.51,57534833,NotImp
3,ZhongmuNo.1,80.51,57535810,NotImp
3,ZhongmuNo.1,83.64,58176124,NotImp
3,ZhongmuNo.1,83.91,58974221,NotImp
3,ZhongmuNo.1,86.62,61875629,NotImp
3,ZhongmuNo.1,92.07,61880084,NotImp
3,ZhongmuNo.1,92.7,61880295,NotImp
3,ZhongmuNo.1,92.7,62815103,NotImp
3,ZhongmuNo.1,92.7,63554137,NotImp
3,ZhongmuNo.1,93.62,65574520,NotImp
3,ZhongmuNo.1,97.24,65822012,NotImp
3,ZhongmuNo.1,97.25,65824785,NotImp
3,ZhongmuNo.1,97.25,65824794,NotImp
3,ZhongmuNo.1,97.25,66991999,NotImp
3,ZhongmuNo.1,97.25,67047837,NotImp
3,ZhongmuNo.1,98,67707680,NotImp
3,ZhongmuNo.1,98,68176528,NotImp
3,ZhongmuNo.1,98.49,69203874,NotImp
3,ZhongmuNo.1,98.49,70019200,NotImp
3,ZhongmuNo.1,98.49,70086994,NotImp
3,ZhongmuNo.1,99.55,70323033,NotImp
3,ZhongmuNo.1,99.55,70391197,NotImp
3,ZhongmuNo.1,99.55,70433407,NotImp
3,ZhongmuNo.1,99.9,70433504,NotImp
3,ZhongmuNo.1,99.94,70950150,NotImp
3,ZhongmuNo.1,99.96,71253562,NotImp
3,ZhongmuNo.1,100.22,71517833,NotImp
3,ZhongmuNo.1,100.59,71605156,NotImp
3,ZhongmuNo.1,100.59,72042194,NotImp
3,ZhongmuNo.1,100.59,72226421,NotImp
3,ZhongmuNo.1,101.52,72812334,NotImp
3,ZhongmuNo.1,101.53,72897680,NotImp
3,ZhongmuNo.1,101.59,73142987,NotImp
3,ZhongmuNo.1,101.59,73143188,NotImp
3,ZhongmuNo.1,102.15,73421859,NotImp
3,ZhongmuNo.1,102.16,73443279,NotImp
3,ZhongmuNo.1,102.16,73464114,NotImp
3,ZhongmuNo.1,102.16,73727828,NotImp
3,ZhongmuNo.1,102.16,73727956,NotImp
3,ZhongmuNo.1,102.16,73755638,NotImp
3,ZhongmuNo.1,102.62,74303190,NotImp
3,ZhongmuNo.1,102.62,74304136,NotImp
3,ZhongmuNo.1,102.98,74590062,NotImp
3,ZhongmuNo.1,103.2,74596273,NotImp
3,ZhongmuNo.1,103.2,74663167,NotImp
3,ZhongmuNo.1,103.2,74703836,NotImp
3,ZhongmuNo.1,103.2,75381103,NotImp
3,ZhongmuNo.1,103.21,75571184,NotImp
3,ZhongmuNo.1,103.21,75587685,NotImp
3,ZhongmuNo.1,106.91,76115658,NotImp
3,ZhongmuNo.1,106.91,76181196,NotImp
3,ZhongmuNo.1,106.92,76193313,NotImp
3,ZhongmuNo.1,106.92,76193315,NotImp
3,ZhongmuNo.1,106.93,76193350,NotImp
3,ZhongmuNo.1,106.93,76681840,NotImp
3,ZhongmuNo.1,106.93,76681876,NotImp
3,ZhongmuNo.1,106.93,76681973,NotImp
3,ZhongmuNo.1,106.93,76837035,NotImp
3,ZhongmuNo.1,106.93,76837040,NotImp
3,ZhongmuNo.1,106.93,76837152,NotImp
3,ZhongmuNo.1,106.93,76844036,NotImp
3,ZhongmuNo.1,106.93,76974616,NotImp
3,ZhongmuNo.1,107.79,77626472,NotImp
3,ZhongmuNo.1,107.79,79054278,NotImp
3,ZhongmuNo.1,108.06,80671102,NotImp
3,ZhongmuNo.1,108.1,80755500,NotImp
3,ZhongmuNo.1,108.1,80960532,NotImp
3,ZhongmuNo.1,108.94,80960546,NotImp
3,ZhongmuNo.1,108.94,80982293,NotImp
3,ZhongmuNo.1,108.95,81383222,NotImp
3,ZhongmuNo.1,108.98,81622948,NotImp
3,ZhongmuNo.1,111.04,82505175,NotImp
3,ZhongmuNo.1,111.04,82733226,NotImp
3,ZhongmuNo.1,111.04,83002368,NotImp
3,ZhongmuNo.1,111.04,83155919,NotImp
3,ZhongmuNo.1,111.04,83420859,NotImp
3,ZhongmuNo.1,111.68,83973510,NotImp
3,ZhongmuNo.1,111.68,83979498,NotImp
3,ZhongmuNo.1,111.68,84448742,NotImp
3,ZhongmuNo.1,111.68,84512749,NotImp
3,ZhongmuNo.1,111.68,84741184,NotImp
3,ZhongmuNo.1,112.32,84909458,NotImp
3,ZhongmuNo.1,112.32,86249190,NotImp
3,ZhongmuNo.1,112.32,86280755,NotImp
3,ZhongmuNo.1,112.32,86282339,NotImp
3,ZhongmuNo.1,112.32,86282451,NotImp
3,ZhongmuNo.1,112.33,86282605,NotImp
3,ZhongmuNo.1,112.33,86430360,NotImp
3,ZhongmuNo.1,112.33,87236588,NotImp
3,ZhongmuNo.1,112.33,87409666,NotImp
3,ZhongmuNo.1,112.33,87501570,NotImp
3,ZhongmuNo.1,114.18,87501669,NotImp
3,ZhongmuNo.1,114.18,88215000,NotImp
3,ZhongmuNo.1,114.18,88445193,NotImp
3,ZhongmuNo.1,114.18,88635179,NotImp
3,ZhongmuNo.1,114.18,88650489,NotImp
3,ZhongmuNo.1,114.18,88743200,NotImp
3,ZhongmuNo.1,114.18,88743233,NotImp
3,ZhongmuNo.1,114.18,88933775,NotImp
3,ZhongmuNo.1,114.18,88933932,NotImp
3,ZhongmuNo.1,114.19,88987967,NotImp
3,ZhongmuNo.1,114.19,89341643,NotImp
3,ZhongmuNo.1,114.19,90042223,NotImp
3,ZhongmuNo.1,114.19,90129545,NotImp
3,ZhongmuNo.1,114.19,90497008,NotImp
3,ZhongmuNo.1,116.92,90996309,NotImp
3,ZhongmuNo.1,116.98,91038405,NotImp
3,ZhongmuNo.1,116.98,91286182,NotImp
3,ZhongmuNo.1,116.98,91550569,NotImp
3,ZhongmuNo.1,116.98,91731615,NotImp
3,ZhongmuNo.1,116.98,91894170,NotImp
3,ZhongmuNo.1,116.98,91992162,NotImp
3,ZhongmuNo.1,116.98,92192760,NotImp
3,ZhongmuNo.1,117.62,92401662,NotImp
3,ZhongmuNo.1,117.62,92401677,NotImp
3,ZhongmuNo.1,117.82,92715641,NotImp
3,ZhongmuNo.1,117.85,93771335,NotImp
3,ZhongmuNo.1,117.86,93840659,NotImp
3,ZhongmuNo.1,117.86,93863796,NotImp
3,ZhongmuNo.1,117.86,94574701,NotImp
3,ZhongmuNo.1,117.86,94662082,NotImp
3,ZhongmuNo.1,117.86,94720180,NotImp
3,ZhongmuNo.1,117.86,94745800,NotImp
3,ZhongmuNo.1,117.86,95021741,NotImp
3,ZhongmuNo.1,118.52,95045686,NotImp
3,ZhongmuNo.1,118.75,95866512,NotImp
3,ZhongmuNo.1,118.75,97181028,NotImp
3,ZhongmuNo.1,118.75,97181075,NotImp
3,ZhongmuNo.1,118.75,97181086,NotImp
3,ZhongmuNo.1,118.92,99526766,NotImp
3,ZhongmuNo.1,118.92,99997266,NotImp
3,ZhongmuNo.1,118.94,100328070,NotImp
3,ZhongmuNo.1,118.95,100467759,NotImp
3,ZhongmuNo.1,118.95,100565598,NotImp
3,ZhongmuNo.1,118.95,100565684,NotImp
3,ZhongmuNo.1,118.95,100615187,NotImp
3,ZhongmuNo.1,118.95,100615357,NotImp
3,ZhongmuNo.1,118.95,100662249,NotImp
3,ZhongmuNo.1,118.95,100921104,NotImp
3,ZhongmuNo.1,118.96,100946981,NotImp
3,ZhongmuNo.1,118.96,100950759,NotImp
3,ZhongmuNo.1,118.96,101063419,NotImp
3,ZhongmuNo.1,118.96,101063520,NotImp
3,ZhongmuNo.1,118.96,101063713,NotImp
3,ZhongmuNo.1,118.96,101154962,NotImp
3,ZhongmuNo.1,118.96,101775040,NotImp
3,ZhongmuNo.1,118.96,101913270,NotImp
3,ZhongmuNo.1,119.65,101960084,NotImp
3,ZhongmuNo.1,119.65,102128014,NotImp
3,ZhongmuNo.1,123.42,102348090,NotImp
3,ZhongmuNo.1,123.42,102348092,NotImp
3,ZhongmuNo.1,127.26,102348096,NotImp
3,ZhongmuNo.1,127.26,102348112,NotImp
3,ZhongmuNo.1,127.33,102497277,NotImp
3,ZhongmuNo.1,127.33,102537426,NotImp
3,ZhongmuNo.1,127.33,102537488,NotImp
3,ZhongmuNo.1,127.42,102538993,NotImp
3,ZhongmuNo.1,127.42,102601912,NotImp
3,ZhongmuNo.1,127.42,102602182,NotImp
3,ZhongmuNo.1,127.42,102659395,NotImp
3,ZhongmuNo.1,127.42,102659480,NotImp
3,ZhongmuNo.1,127.42,102874422,NotImp
3,ZhongmuNo.1,127.42,103340278,NotImp
3,ZhongmuNo.1,127.42,103889510,NotImp
4,ZhongmuNo.1,0,235937,NotImp
4,ZhongmuNo.1,0,236737,NotImp
4,ZhongmuNo.1,0,247895,NotImp
4,ZhongmuNo.1,0,316676,NotImp
4,ZhongmuNo.1,0,316831,NotImp
4,ZhongmuNo.1,8.85,437769,NotImp
4,ZhongmuNo.1,8.85,437775,NotImp
4,ZhongmuNo.1,14.01,437882,NotImp
4,ZhongmuNo.1,14.01,437888,NotImp
4,ZhongmuNo.1,14.01,437918,NotImp
4,ZhongmuNo.1,20.21,1092836,NotImp
4,ZhongmuNo.1,20.21,1093036,NotImp
4,ZhongmuNo.1,20.22,1405101,NotImp
4,ZhongmuNo.1,29.35,2272792,NotImp
4,ZhongmuNo.1,29.35,2386048,NotImp
4,ZhongmuNo.1,29.35,2417512,NotImp
4,ZhongmuNo.1,29.35,2698406,NotImp
4,ZhongmuNo.1,29.98,3092533,NotImp
4,ZhongmuNo.1,29.98,3254330,NotImp
4,ZhongmuNo.1,30.5,3770372,NotImp
4,ZhongmuNo.1,30.5,3853115,NotImp
4,ZhongmuNo.1,31.05,4046949,NotImp
4,ZhongmuNo.1,31.95,4820354,NotImp
4,ZhongmuNo.1,31.95,5407673,NotImp
4,ZhongmuNo.1,31.95,5496322,NotImp
4,ZhongmuNo.1,31.95,5822654,NotImp
4,ZhongmuNo.1,31.95,5829291,NotImp
4,ZhongmuNo.1,31.95,7276689,NotImp
4,ZhongmuNo.1,34.6,7965259,NotImp
4,ZhongmuNo.1,34.6,7965510,NotImp
4,ZhongmuNo.1,34.6,8352288,NotImp
4,ZhongmuNo.1,43.66,9015672,NotImp
4,ZhongmuNo.1,43.66,9743000,NotImp
4,ZhongmuNo.1,43.66,10080933,NotImp
4,ZhongmuNo.1,43.66,10105588,NotImp
4,ZhongmuNo.1,43.66,10118118,NotImp
4,ZhongmuNo.1,43.66,10118119,NotImp
4,ZhongmuNo.1,43.72,10118137,NotImp
4,ZhongmuNo.1,45.24,10118142,NotImp
4,ZhongmuNo.1,51.66,10118149,NotImp
4,ZhongmuNo.1,55.63,10118263,NotImp
4,ZhongmuNo.1,55.63,11048034,NotImp
4,ZhongmuNo.1,55.64,11103764,NotImp
4,ZhongmuNo.1,55.64,11103840,NotImp
4,ZhongmuNo.1,57.67,11186338,NotImp
4,ZhongmuNo.1,57.73,11186341,NotImp
4,ZhongmuNo.1,57.73,11186401,NotImp
4,ZhongmuNo.1,57.73,11545431,NotImp
4,ZhongmuNo.1,57.73,11545642,NotImp
4,ZhongmuNo.1,57.73,11546373,NotImp
4,ZhongmuNo.1,57.73,11546528,NotImp
4,ZhongmuNo.1,57.78,11700660,NotImp
4,ZhongmuNo.1,57.79,11700678,NotImp
4,ZhongmuNo.1,58.19,11700686,NotImp
4,ZhongmuNo.1,59.65,12890036,NotImp
4,ZhongmuNo.1,63.24,13393317,NotImp
4,ZhongmuNo.1,63.24,13393623,NotImp
4,ZhongmuNo.1,63.24,13611815,NotImp
4,ZhongmuNo.1,63.24,13664242,NotImp
4,ZhongmuNo.1,64.68,13684981,NotImp
4,ZhongmuNo.1,64.68,13840021,NotImp
4,ZhongmuNo.1,64.68,13840328,NotImp
4,ZhongmuNo.1,64.69,13850983,NotImp
4,ZhongmuNo.1,64.74,14934819,NotImp
4,ZhongmuNo.1,64.74,14934826,NotImp
4,ZhongmuNo.1,65.26,14946487,NotImp
4,ZhongmuNo.1,65.27,15140711,NotImp
4,ZhongmuNo.1,65.27,15140884,NotImp
4,ZhongmuNo.1,65.35,15140893,NotImp
4,ZhongmuNo.1,65.35,15140906,NotImp
4,ZhongmuNo.1,65.35,15140907,NotImp
4,ZhongmuNo.1,65.35,15298107,NotImp
4,ZhongmuNo.1,65.35,15327693,NotImp
4,ZhongmuNo.1,65.35,15396490,NotImp
4,ZhongmuNo.1,65.35,15396616,NotImp
4,ZhongmuNo.1,80.02,16169128,NotImp
4,ZhongmuNo.1,80.02,16169163,NotImp
4,ZhongmuNo.1,88.1,16169172,NotImp
4,ZhongmuNo.1,88.1,16241318,NotImp
4,ZhongmuNo.1,88.1,16241518,NotImp
4,ZhongmuNo.1,91.1,17626669,NotImp
4,ZhongmuNo.1,103.72,17631599,NotImp
4,ZhongmuNo.1,103.72,17650188,NotImp
4,ZhongmuNo.1,103.72,17650403,NotImp
4,ZhongmuNo.1,103.72,17657748,NotImp
4,ZhongmuNo.1,104.22,18637451,NotImp
4,ZhongmuNo.1,104.7,19607309,NotImp
4,ZhongmuNo.1,104.71,19616800,NotImp
4,ZhongmuNo.1,104.71,19616972,NotImp
4,ZhongmuNo.1,104.71,19672693,NotImp
4,ZhongmuNo.1,104.71,19716931,NotImp
4,ZhongmuNo.1,104.71,20535341,NotImp
4,ZhongmuNo.1,104.71,20535347,NotImp
4,ZhongmuNo.1,104.71,20535355,NotImp
4,ZhongmuNo.1,104.71,20535376,NotImp
4,ZhongmuNo.1,104.71,20535389,NotImp
4,ZhongmuNo.1,105.29,21093418,NotImp
4,ZhongmuNo.1,105.29,21093833,NotImp
4,ZhongmuNo.1,106.43,22495452,NotImp
4,ZhongmuNo.1,108.22,23928392,NotImp
4,ZhongmuNo.1,108.23,23928511,NotImp
4,ZhongmuNo.1,108.23,23967160,NotImp
4,ZhongmuNo.1,108.23,23967178,NotImp
4,ZhongmuNo.1,108.23,23967203,NotImp
4,ZhongmuNo.1,108.23,23967313,NotImp
4,ZhongmuNo.1,108.23,24420758,NotImp
4,ZhongmuNo.1,108.9,26425403,NotImp
4,ZhongmuNo.1,110.56,27642469,NotImp
4,ZhongmuNo.1,113,29061600,NotImp
4,ZhongmuNo.1,113,29312343,NotImp
4,ZhongmuNo.1,113,29598392,NotImp
4,ZhongmuNo.1,113,29598668,NotImp
4,ZhongmuNo.1,113.01,29932424,NotImp
4,ZhongmuNo.1,113.01,31046556,NotImp
4,ZhongmuNo.1,113.01,31066483,NotImp
4,ZhongmuNo.1,113.01,31102691,NotImp
4,ZhongmuNo.1,113.01,34350590,NotImp
4,ZhongmuNo.1,113.6,34810252,NotImp
4,ZhongmuNo.1,113.6,34940775,NotImp
4,ZhongmuNo.1,113.88,34940848,NotImp
4,ZhongmuNo.1,114.68,37695736,NotImp
4,ZhongmuNo.1,114.75,39138302,NotImp
4,ZhongmuNo.1,114.75,39138325,NotImp
4,ZhongmuNo.1,116.69,39765074,NotImp
4,ZhongmuNo.1,116.69,39765214,NotImp
4,ZhongmuNo.1,116.69,40006670,NotImp
4,ZhongmuNo.1,120.6,40786745,NotImp
4,ZhongmuNo.1,120.6,40929085,NotImp
4,ZhongmuNo.1,120.6,42992084,NotImp
4,ZhongmuNo.1,121.57,44865648,NotImp
4,ZhongmuNo.1,121.57,44865757,NotImp
4,ZhongmuNo.1,121.57,44865816,NotImp
4,ZhongmuNo.1,122.57,45985340,NotImp
4,ZhongmuNo.1,122.57,45985379,NotImp
4,ZhongmuNo.1,122.58,45985395,NotImp
4,ZhongmuNo.1,122.58,45985442,NotImp
4,ZhongmuNo.1,122.58,45985449,NotImp
4,ZhongmuNo.1,122.58,46214955,NotImp
4,ZhongmuNo.1,124.21,46994476,NotImp
4,ZhongmuNo.1,124.33,46997352,NotImp
4,ZhongmuNo.1,124.33,46997521,NotImp
4,ZhongmuNo.1,124.33,47080820,NotImp
4,ZhongmuNo.1,124.34,47878112,NotImp
4,ZhongmuNo.1,124.34,47878275,NotImp
4,ZhongmuNo.1,125.44,48157632,NotImp
4,ZhongmuNo.1,125.44,48165006,NotImp
4,ZhongmuNo.1,125.44,48165265,NotImp
4,ZhongmuNo.1,125.44,48208374,NotImp
4,ZhongmuNo.1,125.44,48211184,NotImp
4,ZhongmuNo.1,125.44,48211347,NotImp
4,ZhongmuNo.1,125.99,48251639,NotImp
4,ZhongmuNo.1,126.86,48843633,NotImp
4,ZhongmuNo.1,126.86,48843667,NotImp
4,ZhongmuNo.1,126.87,49210336,NotImp
4,ZhongmuNo.1,127.57,49392429,NotImp
4,ZhongmuNo.1,129.39,49582461,NotImp
4,ZhongmuNo.1,129.39,49582471,NotImp
4,ZhongmuNo.1,130.82,49588105,NotImp
4,ZhongmuNo.1,130.83,49772426,NotImp
4,ZhongmuNo.1,130.83,49948978,NotImp
4,ZhongmuNo.1,130.83,49952959,NotImp
4,ZhongmuNo.1,130.83,50046188,NotImp
4,ZhongmuNo.1,130.83,50091390,NotImp
4,ZhongmuNo.1,131.17,50653461,NotImp
4,ZhongmuNo.1,131.17,50653576,NotImp
4,ZhongmuNo.1,131.87,52481160,NotImp
4,ZhongmuNo.1,131.87,52503758,NotImp
4,ZhongmuNo.1,131.87,52503787,NotImp
4,ZhongmuNo.1,132.33,52504254,NotImp
4,ZhongmuNo.1,132.79,52703393,NotImp
4,ZhongmuNo.1,132.79,52703435,NotImp
4,ZhongmuNo.1,132.79,52834871,NotImp
4,ZhongmuNo.1,133.47,53576058,NotImp
4,ZhongmuNo.1,138.27,54623747,NotImp
4,ZhongmuNo.1,138.3,54763953,NotImp
4,ZhongmuNo.1,142.6,54967288,NotImp
4,ZhongmuNo.1,142.6,55012173,NotImp
4,ZhongmuNo.1,142.6,55012194,NotImp
4,ZhongmuNo.1,147.27,55099869,NotImp
4,ZhongmuNo.1,154.88,55112711,NotImp
4,ZhongmuNo.1,154.88,55127720,NotImp
4,ZhongmuNo.1,154.89,55681464,NotImp
4,ZhongmuNo.1,154.89,55733107,NotImp
4,ZhongmuNo.1,154.89,55733115,NotImp
4,ZhongmuNo.1,154.89,56172588,NotImp
4,ZhongmuNo.1,154.89,56193280,NotImp
4,ZhongmuNo.1,154.89,56618677,NotImp
4,ZhongmuNo.1,154.89,56630441,NotImp
4,ZhongmuNo.1,154.89,56630755,NotImp
4,ZhongmuNo.1,154.89,56654532,NotImp
4,ZhongmuNo.1,155.2,56688648,NotImp
4,ZhongmuNo.1,155.2,56688686,NotImp
4,ZhongmuNo.1,155.2,56997150,NotImp
4,ZhongmuNo.1,155.63,57750888,NotImp
4,ZhongmuNo.1,155.63,57750948,NotImp
4,ZhongmuNo.1,155.63,57872506,NotImp
4,ZhongmuNo.1,155.63,63230555,NotImp
4,ZhongmuNo.1,155.63,63530020,NotImp
4,ZhongmuNo.1,155.63,63863060,NotImp
4,ZhongmuNo.1,156,64166462,NotImp
4,ZhongmuNo.1,156,64205411,NotImp
4,ZhongmuNo.1,156,64253162,NotImp
4,ZhongmuNo.1,156,65049023,NotImp
4,ZhongmuNo.1,156,65149056,NotImp
4,ZhongmuNo.1,156,65407400,NotImp
4,ZhongmuNo.1,156.86,65416660,NotImp
4,ZhongmuNo.1,156.86,65809661,NotImp
4,ZhongmuNo.1,156.86,66289252,NotImp
4,ZhongmuNo.1,156.86,67162842,NotImp
4,ZhongmuNo.1,157.76,68047199,NotImp
4,ZhongmuNo.1,157.76,68578640,NotImp
4,ZhongmuNo.1,157.76,68863032,NotImp
4,ZhongmuNo.1,161.66,68907371,NotImp
4,ZhongmuNo.1,161.66,68907374,NotImp
4,ZhongmuNo.1,162.16,68907464,NotImp
4,ZhongmuNo.1,162.28,68907470,NotImp
4,ZhongmuNo.1,162.29,69235072,NotImp
4,ZhongmuNo.1,162.29,69993419,NotImp
4,ZhongmuNo.1,173.39,71465214,NotImp
4,ZhongmuNo.1,173.4,71502871,NotImp
4,ZhongmuNo.1,173.4,71599665,NotImp
4,ZhongmuNo.1,173.4,72068573,NotImp
4,ZhongmuNo.1,173.4,72144688,NotImp
4,ZhongmuNo.1,173.92,73030002,NotImp
4,ZhongmuNo.1,173.92,73030164,NotImp
4,ZhongmuNo.1,173.92,73065483,NotImp
4,ZhongmuNo.1,173.92,73094695,NotImp
4,ZhongmuNo.1,173.92,73094843,NotImp
4,ZhongmuNo.1,173.92,73095059,NotImp
4,ZhongmuNo.1,173.92,73156782,NotImp
4,ZhongmuNo.1,173.92,73188132,NotImp
4,ZhongmuNo.1,173.92,73188269,NotImp
4,ZhongmuNo.1,173.92,73698419,NotImp
4,ZhongmuNo.1,174.24,73763765,NotImp
4,ZhongmuNo.1,174.24,74102828,NotImp
4,ZhongmuNo.1,174.24,74102881,NotImp
4,ZhongmuNo.1,174.24,74166132,NotImp
4,ZhongmuNo.1,174.25,74200723,NotImp
4,ZhongmuNo.1,174.25,74230558,NotImp
4,ZhongmuNo.1,174.67,74461258,NotImp
4,ZhongmuNo.1,174.67,74512788,NotImp
4,ZhongmuNo.1,174.68,74512803,NotImp
4,ZhongmuNo.1,174.68,74562795,NotImp
4,ZhongmuNo.1,174.68,74562898,NotImp
4,ZhongmuNo.1,174.68,74562959,NotImp
4,ZhongmuNo.1,174.68,74563066,NotImp
4,ZhongmuNo.1,174.68,74624972,NotImp
4,ZhongmuNo.1,175.84,74625160,NotImp
4,ZhongmuNo.1,175.84,74771397,NotImp
4,ZhongmuNo.1,175.85,74822273,NotImp
4,ZhongmuNo.1,175.85,75460068,NotImp
4,ZhongmuNo.1,176.01,75461865,NotImp
4,ZhongmuNo.1,176.01,75596836,NotImp
4,ZhongmuNo.1,176.01,75604347,NotImp
4,ZhongmuNo.1,176.01,75938706,NotImp
4,ZhongmuNo.1,176.01,75938718,NotImp
4,ZhongmuNo.1,176.02,76453088,NotImp
4,ZhongmuNo.1,176.22,76464322,NotImp
4,ZhongmuNo.1,176.22,76464377,NotImp
4,ZhongmuNo.1,176.23,76660408,NotImp
4,ZhongmuNo.1,176.23,76660686,NotImp
4,ZhongmuNo.1,176.23,76678824,NotImp
4,ZhongmuNo.1,176.23,76684623,NotImp
4,ZhongmuNo.1,196.56,76875202,NotImp
4,ZhongmuNo.1,196.57,76891837,NotImp
4,ZhongmuNo.1,196.67,76892064,NotImp
4,ZhongmuNo.1,196.68,77237749,NotImp
4,ZhongmuNo.1,202.25,77596603,NotImp
4,ZhongmuNo.1,212.67,77596707,NotImp
4,ZhongmuNo.1,214.06,77863175,NotImp
4,ZhongmuNo.1,216.17,77994776,NotImp
4,ZhongmuNo.1,216.18,78183446,NotImp
4,ZhongmuNo.1,216.18,78183453,NotImp
4,ZhongmuNo.1,216.18,78238105,NotImp
4,ZhongmuNo.1,216.18,78534122,NotImp
4,ZhongmuNo.1,216.18,78539424,NotImp
4,ZhongmuNo.1,216.18,78713120,NotImp
4,ZhongmuNo.1,216.2,78738864,NotImp
4,ZhongmuNo.1,219.26,78742214,NotImp
4,ZhongmuNo.1,219.26,79082954,NotImp
4,ZhongmuNo.1,219.66,79207892,NotImp
4,ZhongmuNo.1,219.67,79939083,NotImp
4,ZhongmuNo.1,219.67,80162326,NotImp
4,ZhongmuNo.1,219.67,80162479,NotImp
4,ZhongmuNo.1,220.11,80330934,NotImp
4,ZhongmuNo.1,220.11,80337551,NotImp
4,ZhongmuNo.1,220.11,80391325,NotImp
4,ZhongmuNo.1,220.12,80391438,NotImp
4,ZhongmuNo.1,220.12,80425478,NotImp
4,ZhongmuNo.1,222.35,80678985,NotImp
4,ZhongmuNo.1,230.15,81086048,NotImp
4,ZhongmuNo.1,230.15,81188554,NotImp
4,ZhongmuNo.1,230.15,81188576,NotImp
4,ZhongmuNo.1,230.15,81239180,NotImp
4,ZhongmuNo.1,230.16,81239742,NotImp
4,ZhongmuNo.1,230.16,81374388,NotImp
4,ZhongmuNo.1,230.16,81387485,NotImp
4,ZhongmuNo.1,230.16,81621746,NotImp
4,ZhongmuNo.1,230.16,81621812,NotImp
4,ZhongmuNo.1,230.16,81635067,NotImp
4,ZhongmuNo.1,233.01,81820939,NotImp
4,ZhongmuNo.1,233.02,82074458,NotImp
4,ZhongmuNo.1,233.02,82277889,NotImp
4,ZhongmuNo.1,233.02,82345021,NotImp
4,ZhongmuNo.1,233.02,82406996,NotImp
4,ZhongmuNo.1,233.02,83717314,NotImp
4,ZhongmuNo.1,233.71,84003411,NotImp
4,ZhongmuNo.1,234.42,84067949,NotImp
4,ZhongmuNo.1,234.42,84482756,NotImp
4,ZhongmuNo.1,234.42,85231960,NotImp
4,ZhongmuNo.1,234.42,85322488,NotImp
4,ZhongmuNo.1,234.42,85421965,NotImp
4,ZhongmuNo.1,234.42,86100264,NotImp
4,ZhongmuNo.1,234.42,86107373,NotImp
4,ZhongmuNo.1,234.63,86203943,NotImp
4,ZhongmuNo.1,234.63,86563253,NotImp
4,ZhongmuNo.1,234.63,86648712,NotImp
4,ZhongmuNo.1,234.63,86930346,NotImp
4,ZhongmuNo.1,234.63,87064513,NotImp
4,ZhongmuNo.1,234.63,87249319,NotImp
4,ZhongmuNo.1,234.63,88057609,NotImp
4,ZhongmuNo.1,234.63,88057769,NotImp
4,ZhongmuNo.1,234.63,88233842,NotImp
4,ZhongmuNo.1,234.63,88418031,NotImp
4,ZhongmuNo.1,234.64,88565673,NotImp
4,ZhongmuNo.1,234.64,88798474,NotImp
4,ZhongmuNo.1,234.69,88900694,NotImp
4,ZhongmuNo.1,234.69,89115957,NotImp
4,ZhongmuNo.1,234.69,89269815,NotImp
4,ZhongmuNo.1,234.69,89528475,NotImp
4,ZhongmuNo.1,234.69,89528655,NotImp
4,ZhongmuNo.1,234.69,90094863,NotImp
4,ZhongmuNo.1,234.69,90094874,NotImp
4,ZhongmuNo.1,234.7,91494389,NotImp
5,ZhongmuNo.1,0,1295350,NotImp
5,ZhongmuNo.1,0,1337579,NotImp
5,ZhongmuNo.1,3.98,1389837,NotImp
5,ZhongmuNo.1,3.98,1409314,NotImp
5,ZhongmuNo.1,3.98,1409675,NotImp
5,ZhongmuNo.1,3.99,1409835,NotImp
5,ZhongmuNo.1,18.9,1992971,NotImp
5,ZhongmuNo.1,18.9,2754777,NotImp
5,ZhongmuNo.1,18.9,2955016,NotImp
5,ZhongmuNo.1,18.9,3242891,NotImp
5,ZhongmuNo.1,18.91,3242960,NotImp
5,ZhongmuNo.1,18.91,3315213,NotImp
5,ZhongmuNo.1,18.91,3315238,NotImp
5,ZhongmuNo.1,18.91,3315243,NotImp
5,ZhongmuNo.1,18.91,3398670,NotImp
5,ZhongmuNo.1,18.91,3617169,NotImp
5,ZhongmuNo.1,18.91,4088963,NotImp
5,ZhongmuNo.1,18.91,4089044,NotImp
5,ZhongmuNo.1,18.91,4269946,NotImp
5,ZhongmuNo.1,18.91,5081436,NotImp
5,ZhongmuNo.1,18.92,5220847,NotImp
5,ZhongmuNo.1,18.92,6143178,NotImp
5,ZhongmuNo.1,18.92,6171797,NotImp
5,ZhongmuNo.1,19.94,6538131,NotImp
5,ZhongmuNo.1,19.95,6538417,NotImp
5,ZhongmuNo.1,22.95,6950002,NotImp
5,ZhongmuNo.1,25.1,6950173,NotImp
5,ZhongmuNo.1,25.1,7001320,NotImp
5,ZhongmuNo.1,28.15,7038222,NotImp
5,ZhongmuNo.1,29.3,8536555,NotImp
5,ZhongmuNo.1,29.3,8536626,NotImp
5,ZhongmuNo.1,29.3,8965182,NotImp
5,ZhongmuNo.1,29.31,9828312,NotImp
5,ZhongmuNo.1,29.31,9828476,NotImp
5,ZhongmuNo.1,29.31,10015721,NotImp
5,ZhongmuNo.1,29.31,10205739,NotImp
5,ZhongmuNo.1,29.8,11084954,NotImp
5,ZhongmuNo.1,29.8,11085104,NotImp
5,ZhongmuNo.1,30.29,11117270,NotImp
5,ZhongmuNo.1,30.29,11117306,NotImp
5,ZhongmuNo.1,30.3,11117420,NotImp
5,ZhongmuNo.1,34.24,11277482,NotImp
5,ZhongmuNo.1,34.24,11277524,NotImp
5,ZhongmuNo.1,34.24,11278995,NotImp
5,ZhongmuNo.1,39.05,11630707,NotImp
5,ZhongmuNo.1,39.06,12556128,NotImp
5,ZhongmuNo.1,39.22,16889571,NotImp
5,ZhongmuNo.1,46.07,16894634,NotImp
5,ZhongmuNo.1,46.07,18530275,NotImp
5,ZhongmuNo.1,47.49,18791849,NotImp
5,ZhongmuNo.1,47.49,18822048,NotImp
5,ZhongmuNo.1,47.49,18822056,NotImp
5,ZhongmuNo.1,47.49,18822121,NotImp
5,ZhongmuNo.1,47.5,18822269,NotImp
5,ZhongmuNo.1,47.5,18823587,NotImp
5,ZhongmuNo.1,47.5,19787205,NotImp
5,ZhongmuNo.1,47.5,21152244,NotImp
5,ZhongmuNo.1,47.5,21152256,NotImp
5,ZhongmuNo.1,47.56,21288004,NotImp
5,ZhongmuNo.1,48.1,23478469,NotImp
5,ZhongmuNo.1,48.1,23583942,NotImp
5,ZhongmuNo.1,48.92,24791556,NotImp
5,ZhongmuNo.1,48.93,24795288,NotImp
5,ZhongmuNo.1,48.93,24795347,NotImp
5,ZhongmuNo.1,48.93,24795537,NotImp
5,ZhongmuNo.1,48.94,25487665,NotImp
5,ZhongmuNo.1,69.79,25495760,NotImp
5,ZhongmuNo.1,69.79,25505748,NotImp
5,ZhongmuNo.1,69.79,25505974,NotImp
5,ZhongmuNo.1,69.79,25506051,NotImp
5,ZhongmuNo.1,69.8,26500214,NotImp
5,ZhongmuNo.1,69.8,28350290,NotImp
5,ZhongmuNo.1,70.44,28750636,NotImp
5,ZhongmuNo.1,72.93,28979558,NotImp
5,ZhongmuNo.1,72.94,28979602,NotImp
5,ZhongmuNo.1,72.94,29529505,NotImp
5,ZhongmuNo.1,72.94,29529518,NotImp
5,ZhongmuNo.1,72.94,29851023,NotImp
5,ZhongmuNo.1,72.94,29851024,NotImp
5,ZhongmuNo.1,72.94,29851070,NotImp
5,ZhongmuNo.1,74.87,30144324,NotImp
5,ZhongmuNo.1,76.75,31609031,NotImp
5,ZhongmuNo.1,76.75,31609185,NotImp
5,ZhongmuNo.1,78.75,32728263,NotImp
5,ZhongmuNo.1,78.75,32728278,NotImp
5,ZhongmuNo.1,82.44,33117206,NotImp
5,ZhongmuNo.1,84.29,33429988,NotImp
5,ZhongmuNo.1,84.29,34312621,NotImp
5,ZhongmuNo.1,86.28,38548280,NotImp
5,ZhongmuNo.1,86.32,47589517,NotImp
5,ZhongmuNo.1,86.32,59853312,NotImp
5,ZhongmuNo.1,95.12,62843776,NotImp
5,ZhongmuNo.1,95.12,73678822,NotImp
5,ZhongmuNo.1,95.77,73678972,NotImp
5,ZhongmuNo.1,118.9,73921000,NotImp
5,ZhongmuNo.1,119.97,73921146,NotImp
5,ZhongmuNo.1,123.69,73924141,NotImp
5,ZhongmuNo.1,135.95,73924156,NotImp
5,ZhongmuNo.1,139.61,73924305,NotImp
5,ZhongmuNo.1,139.61,75917790,NotImp
5,ZhongmuNo.1,139.61,77013189,NotImp
5,ZhongmuNo.1,139.61,77741391,NotImp
5,ZhongmuNo.1,139.61,77745370,NotImp
5,ZhongmuNo.1,140.18,78745216,NotImp
5,ZhongmuNo.1,140.99,80521170,NotImp
5,ZhongmuNo.1,140.99,80521183,NotImp
5,ZhongmuNo.1,140.99,80521317,NotImp
5,ZhongmuNo.1,141.47,80845828,NotImp
5,ZhongmuNo.1,141.47,81820997,NotImp
5,ZhongmuNo.1,141.47,81825977,NotImp
5,ZhongmuNo.1,141.47,82187436,NotImp
5,ZhongmuNo.1,142.37,82422146,NotImp
5,ZhongmuNo.1,145.02,82649597,NotImp
5,ZhongmuNo.1,145.02,83118220,NotImp
5,ZhongmuNo.1,145.02,83118234,NotImp
5,ZhongmuNo.1,150.53,87995483,NotImp
5,ZhongmuNo.1,156.35,88789427,NotImp
5,ZhongmuNo.1,166.05,90157990,NotImp
5,ZhongmuNo.1,172.22,90274060,NotImp
5,ZhongmuNo.1,172.22,90274188,NotImp
5,ZhongmuNo.1,172.23,90650942,NotImp
5,ZhongmuNo.1,172.23,92845349,NotImp
5,ZhongmuNo.1,172.9,93297500,NotImp
5,ZhongmuNo.1,172.9,93297569,NotImp
5,ZhongmuNo.1,174.29,93823473,NotImp
5,ZhongmuNo.1,174.29,94652732,NotImp
5,ZhongmuNo.1,174.29,94669160,NotImp
5,ZhongmuNo.1,174.29,94698317,NotImp
5,ZhongmuNo.1,174.3,94795840,NotImp
5,ZhongmuNo.1,174.3,94899571,NotImp
5,ZhongmuNo.1,174.3,94917540,NotImp
5,ZhongmuNo.1,174.31,94917645,NotImp
5,ZhongmuNo.1,174.31,96125158,NotImp
5,ZhongmuNo.1,176.75,96266724,NotImp
5,ZhongmuNo.1,176.75,96271797,NotImp
5,ZhongmuNo.1,176.97,97051352,NotImp
5,ZhongmuNo.1,178.16,97646335,NotImp
5,ZhongmuNo.1,178.16,97708099,NotImp
5,ZhongmuNo.1,178.82,97755905,NotImp
5,ZhongmuNo.1,178.82,97755938,NotImp
5,ZhongmuNo.1,178.82,97815088,NotImp
5,ZhongmuNo.1,178.82,97815109,NotImp
5,ZhongmuNo.1,178.82,97998590,NotImp
5,ZhongmuNo.1,181.13,98031482,NotImp
5,ZhongmuNo.1,181.14,98158488,NotImp
5,ZhongmuNo.1,181.14,98158688,NotImp
5,ZhongmuNo.1,181.14,98158694,NotImp
5,ZhongmuNo.1,182.34,98159382,NotImp
5,ZhongmuNo.1,182.66,98521812,NotImp
5,ZhongmuNo.1,182.66,98625783,NotImp
5,ZhongmuNo.1,182.72,98824560,NotImp
5,ZhongmuNo.1,184.07,98850094,NotImp
5,ZhongmuNo.1,184.07,99020513,NotImp
5,ZhongmuNo.1,184.39,99066847,NotImp
5,ZhongmuNo.1,184.39,100446684,NotImp
5,ZhongmuNo.1,186.34,100462432,NotImp
5,ZhongmuNo.1,192.38,100585718,NotImp
5,ZhongmuNo.1,193.9,100678600,NotImp
5,ZhongmuNo.1,197.11,100992247,NotImp
5,ZhongmuNo.1,197.11,101045183,NotImp
5,ZhongmuNo.1,197.11,101501327,NotImp
5,ZhongmuNo.1,197.11,101501384,NotImp
5,ZhongmuNo.1,197.11,101685304,NotImp
5,ZhongmuNo.1,197.11,101858570,NotImp
5,ZhongmuNo.1,197.11,101858621,NotImp
5,ZhongmuNo.1,197.57,101864230,NotImp
5,ZhongmuNo.1,197.58,101864237,NotImp
5,ZhongmuNo.1,197.58,101864259,NotImp
5,ZhongmuNo.1,197.58,101967352,NotImp
5,ZhongmuNo.1,197.58,101967384,NotImp
5,ZhongmuNo.1,197.58,101967434,NotImp
5,ZhongmuNo.1,197.59,101968035,NotImp
5,ZhongmuNo.1,207.12,102027038,NotImp
5,ZhongmuNo.1,208.55,102027062,NotImp
5,ZhongmuNo.1,214.54,102056221,NotImp
5,ZhongmuNo.1,214.55,102056269,NotImp
5,ZhongmuNo.1,214.55,102056281,NotImp
5,ZhongmuNo.1,214.55,102056288,NotImp
5,ZhongmuNo.1,214.55,102191014,NotImp
5,ZhongmuNo.1,214.55,102313547,NotImp
5,ZhongmuNo.1,217.04,103018091,NotImp
5,ZhongmuNo.1,222.55,103018099,NotImp
5,ZhongmuNo.1,222.55,103018368,NotImp
5,ZhongmuNo.1,222.55,103018392,NotImp
5,ZhongmuNo.1,222.72,103129940,NotImp
5,ZhongmuNo.1,229.08,103130047,NotImp
5,ZhongmuNo.1,229.08,103130049,NotImp
5,ZhongmuNo.1,229.08,103130071,NotImp
5,ZhongmuNo.1,229.08,103130073,NotImp
5,ZhongmuNo.1,229.09,103130081,NotImp
5,ZhongmuNo.1,229.09,103130104,NotImp
5,ZhongmuNo.1,235.78,103301228,NotImp
5,ZhongmuNo.1,242.67,103402794,NotImp
5,ZhongmuNo.1,242.67,103402848,NotImp
5,ZhongmuNo.1,246.53,103655610,NotImp
5,ZhongmuNo.1,246.53,103741645,NotImp
5,ZhongmuNo.1,252.73,103943763,NotImp
5,ZhongmuNo.1,254.15,104011867,NotImp
5,ZhongmuNo.1,254.15,104142101,NotImp
5,ZhongmuNo.1,256.17,104578887,NotImp
5,ZhongmuNo.1,270.88,104583691,NotImp
5,ZhongmuNo.1,270.88,104583708,NotImp
5,ZhongmuNo.1,270.88,104588076,NotImp
5,ZhongmuNo.1,270.88,104591046,NotImp
5,ZhongmuNo.1,270.88,104745520,NotImp
5,ZhongmuNo.1,270.88,104923091,NotImp
5,ZhongmuNo.1,270.88,104962927,NotImp
5,ZhongmuNo.1,271.45,106029930,NotImp
5,ZhongmuNo.1,271.45,106128681,NotImp
5,ZhongmuNo.1,272.99,106493870,NotImp
5,ZhongmuNo.1,272.99,107186223,NotImp
5,ZhongmuNo.1,272.99,107186239,NotImp
5,ZhongmuNo.1,272.99,107869867,NotImp
5,ZhongmuNo.1,273,108247262,NotImp
6,ZhongmuNo.1,0,101986,NotImp
6,ZhongmuNo.1,9.24,744459,NotImp
6,ZhongmuNo.1,9.24,744478,NotImp
6,ZhongmuNo.1,9.24,760316,NotImp
6,ZhongmuNo.1,25.07,760369,NotImp
6,ZhongmuNo.1,25.07,958411,NotImp
6,ZhongmuNo.1,25.07,960482,NotImp
6,ZhongmuNo.1,25.07,1049709,NotImp
6,ZhongmuNo.1,25.07,1052255,NotImp
6,ZhongmuNo.1,25.08,1114079,NotImp
6,ZhongmuNo.1,25.08,1117825,NotImp
6,ZhongmuNo.1,25.08,1117906,NotImp
6,ZhongmuNo.1,25.66,1117911,NotImp
6,ZhongmuNo.1,25.66,1117924,NotImp
6,ZhongmuNo.1,25.66,1117940,NotImp
6,ZhongmuNo.1,25.66,1888158,NotImp
6,ZhongmuNo.1,25.89,1888247,NotImp
6,ZhongmuNo.1,25.92,2248040,NotImp
6,ZhongmuNo.1,25.92,2303915,NotImp
6,ZhongmuNo.1,25.93,2303964,NotImp
6,ZhongmuNo.1,25.93,2304229,NotImp
6,ZhongmuNo.1,25.93,2304270,NotImp
6,ZhongmuNo.1,26.89,3308092,NotImp
6,ZhongmuNo.1,26.89,3319651,NotImp
6,ZhongmuNo.1,26.89,6067009,NotImp
6,ZhongmuNo.1,26.89,6067044,NotImp
6,ZhongmuNo.1,26.89,6067142,NotImp
6,ZhongmuNo.1,26.89,6144091,NotImp
6,ZhongmuNo.1,26.9,6218076,NotImp
6,ZhongmuNo.1,26.9,6362729,NotImp
6,ZhongmuNo.1,27.84,7169846,NotImp
6,ZhongmuNo.1,27.84,7879384,NotImp
6,ZhongmuNo.1,27.84,7879404,NotImp
6,ZhongmuNo.1,27.84,7879558,NotImp
6,ZhongmuNo.1,29.06,7898096,NotImp
6,ZhongmuNo.1,30.06,7898166,NotImp
6,ZhongmuNo.1,35.3,8577255,NotImp
6,ZhongmuNo.1,35.3,8577411,NotImp
6,ZhongmuNo.1,36.49,8903307,NotImp
6,ZhongmuNo.1,36.49,8903328,NotImp
6,ZhongmuNo.1,36.49,8903469,NotImp
6,ZhongmuNo.1,36.49,9012373,NotImp
6,ZhongmuNo.1,36.49,9012427,NotImp
6,ZhongmuNo.1,36.49,9012612,NotImp
6,ZhongmuNo.1,36.49,9012643,NotImp
6,ZhongmuNo.1,36.49,9166795,NotImp
6,ZhongmuNo.1,37.02,9167089,NotImp
6,ZhongmuNo.1,40.12,9236090,NotImp
6,ZhongmuNo.1,40.12,9236136,NotImp
6,ZhongmuNo.1,40.12,9416597,NotImp
6,ZhongmuNo.1,43.17,12120480,NotImp
6,ZhongmuNo.1,43.17,12946855,NotImp
6,ZhongmuNo.1,43.17,13175429,NotImp
6,ZhongmuNo.1,43.23,13175661,NotImp
6,ZhongmuNo.1,45.41,13203398,NotImp
6,ZhongmuNo.1,45.41,13327828,NotImp
6,ZhongmuNo.1,45.64,13327860,NotImp
6,ZhongmuNo.1,45.64,13414703,NotImp
6,ZhongmuNo.1,45.64,14716361,NotImp
6,ZhongmuNo.1,47.52,19546634,NotImp
6,ZhongmuNo.1,47.52,19546707,NotImp
6,ZhongmuNo.1,48.25,19700198,NotImp
6,ZhongmuNo.1,48.25,20748821,NotImp
6,ZhongmuNo.1,48.25,21121235,NotImp
6,ZhongmuNo.1,48.25,21121244,NotImp
6,ZhongmuNo.1,48.82,21299375,NotImp
6,ZhongmuNo.1,48.82,21321731,NotImp
6,ZhongmuNo.1,48.82,21321743,NotImp
6,ZhongmuNo.1,48.83,22124199,NotImp
6,ZhongmuNo.1,50.27,22519126,NotImp
6,ZhongmuNo.1,50.27,22519135,NotImp
6,ZhongmuNo.1,50.28,23314202,NotImp
6,ZhongmuNo.1,50.28,23856996,NotImp
6,ZhongmuNo.1,51,25126395,NotImp
6,ZhongmuNo.1,51,25126515,NotImp
6,ZhongmuNo.1,51,25264838,NotImp
6,ZhongmuNo.1,51.73,25744245,NotImp
6,ZhongmuNo.1,52.41,25745577,NotImp
6,ZhongmuNo.1,52.42,27253149,NotImp
6,ZhongmuNo.1,52.42,27269021,NotImp
6,ZhongmuNo.1,52.42,27269038,NotImp
6,ZhongmuNo.1,52.42,27269090,NotImp
6,ZhongmuNo.1,57.84,27480984,NotImp
6,ZhongmuNo.1,62.24,27533568,NotImp
6,ZhongmuNo.1,72.12,27575656,NotImp
6,ZhongmuNo.1,74.58,28131372,NotImp
6,ZhongmuNo.1,74.58,28843274,NotImp
6,ZhongmuNo.1,74.58,28843298,NotImp
6,ZhongmuNo.1,74.58,32912982,NotImp
6,ZhongmuNo.1,74.58,32913210,NotImp
6,ZhongmuNo.1,76.01,32913276,NotImp
6,ZhongmuNo.1,76.01,33236047,NotImp
6,ZhongmuNo.1,76.01,33236109,NotImp
6,ZhongmuNo.1,76.01,37219552,NotImp
6,ZhongmuNo.1,77.08,37219576,NotImp
6,ZhongmuNo.1,77.08,37219583,NotImp
6,ZhongmuNo.1,77.11,37219596,NotImp
6,ZhongmuNo.1,77.73,37221314,NotImp
6,ZhongmuNo.1,77.73,38307554,NotImp
6,ZhongmuNo.1,78.05,38307575,NotImp
6,ZhongmuNo.1,81.44,39423438,NotImp
6,ZhongmuNo.1,81.44,40702431,NotImp
6,ZhongmuNo.1,81.44,40702584,NotImp
6,ZhongmuNo.1,81.45,40733965,NotImp
6,ZhongmuNo.1,81.64,40733969,NotImp
6,ZhongmuNo.1,81.64,41824885,NotImp
6,ZhongmuNo.1,81.76,49295678,NotImp
6,ZhongmuNo.1,81.76,49295711,NotImp
6,ZhongmuNo.1,81.76,49694191,NotImp
6,ZhongmuNo.1,83.65,50601356,NotImp
6,ZhongmuNo.1,89.56,50601478,NotImp
6,ZhongmuNo.1,89.56,50805902,NotImp
6,ZhongmuNo.1,89.6,50806082,NotImp
6,ZhongmuNo.1,89.6,50806104,NotImp
6,ZhongmuNo.1,89.6,50806114,NotImp
6,ZhongmuNo.1,89.6,50806117,NotImp
6,ZhongmuNo.1,98.26,51274624,NotImp
6,ZhongmuNo.1,98.26,51274636,NotImp
6,ZhongmuNo.1,98.26,53707296,NotImp
6,ZhongmuNo.1,104.37,53707458,NotImp
6,ZhongmuNo.1,111.35,53874043,NotImp
6,ZhongmuNo.1,111.35,53874193,NotImp
6,ZhongmuNo.1,116.08,54260819,NotImp
6,ZhongmuNo.1,116.68,54639875,NotImp
6,ZhongmuNo.1,116.68,55695636,NotImp
6,ZhongmuNo.1,116.68,55695671,NotImp
6,ZhongmuNo.1,116.68,56674780,NotImp
6,ZhongmuNo.1,116.68,56674819,NotImp
6,ZhongmuNo.1,116.72,56674918,NotImp
6,ZhongmuNo.1,116.72,56674939,NotImp
6,ZhongmuNo.1,121.7,60209517,NotImp
6,ZhongmuNo.1,121.7,60209520,NotImp
6,ZhongmuNo.1,122.79,61364924,NotImp
6,ZhongmuNo.1,122.79,61467267,NotImp
6,ZhongmuNo.1,122.79,61467321,NotImp
6,ZhongmuNo.1,122.79,63233328,NotImp
6,ZhongmuNo.1,122.79,63506696,NotImp
6,ZhongmuNo.1,122.79,63506754,NotImp
6,ZhongmuNo.1,122.79,63506893,NotImp
6,ZhongmuNo.1,128.64,63506897,NotImp
6,ZhongmuNo.1,128.79,63511102,NotImp
6,ZhongmuNo.1,128.79,63511170,NotImp
6,ZhongmuNo.1,128.79,63511271,NotImp
6,ZhongmuNo.1,128.79,65532094,NotImp
6,ZhongmuNo.1,128.79,65782364,NotImp
6,ZhongmuNo.1,128.79,66079787,NotImp
6,ZhongmuNo.1,128.79,67450706,NotImp
6,ZhongmuNo.1,131.04,67485001,NotImp
6,ZhongmuNo.1,131.05,67485066,NotImp
6,ZhongmuNo.1,131.42,67669719,NotImp
6,ZhongmuNo.1,131.42,67928892,NotImp
6,ZhongmuNo.1,131.42,69586208,NotImp
6,ZhongmuNo.1,131.42,69932312,NotImp
6,ZhongmuNo.1,132.42,74033474,NotImp
6,ZhongmuNo.1,132.42,74033477,NotImp
6,ZhongmuNo.1,132.42,76150982,NotImp
6,ZhongmuNo.1,132.47,76151090,NotImp
6,ZhongmuNo.1,132.49,76151103,NotImp
6,ZhongmuNo.1,134.71,76733305,NotImp
6,ZhongmuNo.1,134.72,80885957,NotImp
6,ZhongmuNo.1,134.72,80889970,NotImp
6,ZhongmuNo.1,134.72,81585440,NotImp
6,ZhongmuNo.1,137.55,82525009,NotImp
6,ZhongmuNo.1,137.55,84069938,NotImp
6,ZhongmuNo.1,140.3,84222127,NotImp
6,ZhongmuNo.1,140.3,84222370,NotImp
6,ZhongmuNo.1,141.46,86835270,NotImp
6,ZhongmuNo.1,142.95,87404804,NotImp
6,ZhongmuNo.1,144.88,87405117,NotImp
6,ZhongmuNo.1,144.88,87405149,NotImp
6,ZhongmuNo.1,144.88,87405176,NotImp
6,ZhongmuNo.1,144.99,91323636,NotImp
6,ZhongmuNo.1,144.99,92236913,NotImp
6,ZhongmuNo.1,144.99,92365323,NotImp
6,ZhongmuNo.1,144.99,92444710,NotImp
6,ZhongmuNo.1,145,92444718,NotImp
6,ZhongmuNo.1,145,92444730,NotImp
6,ZhongmuNo.1,145,92444739,NotImp
6,ZhongmuNo.1,151.01,92446407,NotImp
6,ZhongmuNo.1,151.01,93161593,NotImp
6,ZhongmuNo.1,151.01,93162684,NotImp
6,ZhongmuNo.1,151.02,93162727,NotImp
6,ZhongmuNo.1,151.12,94055739,NotImp
6,ZhongmuNo.1,151.12,94056374,NotImp
6,ZhongmuNo.1,151.12,94056416,NotImp
6,ZhongmuNo.1,151.12,94056974,NotImp
6,ZhongmuNo.1,151.12,94059975,NotImp
6,ZhongmuNo.1,153.55,94256502,NotImp
6,ZhongmuNo.1,153.56,95811589,NotImp
6,ZhongmuNo.1,153.56,95811652,NotImp
6,ZhongmuNo.1,153.56,95811764,NotImp
6,ZhongmuNo.1,156.67,95811858,NotImp
6,ZhongmuNo.1,156.85,96450220,NotImp
6,ZhongmuNo.1,156.85,98316640,NotImp
6,ZhongmuNo.1,156.86,101388105,NotImp
6,ZhongmuNo.1,161.54,101388118,NotImp
6,ZhongmuNo.1,161.54,101388159,NotImp
6,ZhongmuNo.1,161.54,101419187,NotImp
6,ZhongmuNo.1,161.54,101419239,NotImp
6,ZhongmuNo.1,161.55,101419399,NotImp
6,ZhongmuNo.1,161.55,102005495,NotImp
6,ZhongmuNo.1,161.55,102005549,NotImp
6,ZhongmuNo.1,163.94,102056696,NotImp
6,ZhongmuNo.1,163.94,102172176,NotImp
6,ZhongmuNo.1,163.94,102223292,NotImp
6,ZhongmuNo.1,163.95,102224269,NotImp
6,ZhongmuNo.1,163.95,102618710,NotImp
6,ZhongmuNo.1,164.57,103016573,NotImp
6,ZhongmuNo.1,164.57,103016617,NotImp
6,ZhongmuNo.1,164.57,103223780,NotImp
6,ZhongmuNo.1,166.51,109003581,NotImp
6,ZhongmuNo.1,166.7,109162517,NotImp
6,ZhongmuNo.1,166.7,109162721,NotImp
6,ZhongmuNo.1,166.71,109383995,NotImp
6,ZhongmuNo.1,166.71,109383996,NotImp
6,ZhongmuNo.1,167.4,109799464,NotImp
6,ZhongmuNo.1,168.47,110302335,NotImp
6,ZhongmuNo.1,168.5,110554748,NotImp
6,ZhongmuNo.1,168.5,110660198,NotImp
6,ZhongmuNo.1,173,111299993,NotImp
6,ZhongmuNo.1,173,111753511,NotImp
6,ZhongmuNo.1,173,111753570,NotImp
6,ZhongmuNo.1,182.41,111753678,NotImp
6,ZhongmuNo.1,182.51,111753679,NotImp
6,ZhongmuNo.1,186.46,111933770,NotImp
6,ZhongmuNo.1,186.46,112255848,NotImp
6,ZhongmuNo.1,186.46,112258852,NotImp
6,ZhongmuNo.1,186.46,113969964,NotImp
7,ZhongmuNo.1,0,346392,NotImp
7,ZhongmuNo.1,0,346405,NotImp
7,ZhongmuNo.1,0.25,346490,NotImp
7,ZhongmuNo.1,0.45,468272,NotImp
7,ZhongmuNo.1,4.43,846210,NotImp
7,ZhongmuNo.1,4.43,846216,NotImp
7,ZhongmuNo.1,11.64,846407,NotImp
7,ZhongmuNo.1,28.12,1444644,NotImp
7,ZhongmuNo.1,28.61,2161562,NotImp
7,ZhongmuNo.1,28.61,3216801,NotImp
7,ZhongmuNo.1,28.61,4151290,NotImp
7,ZhongmuNo.1,28.62,4151490,NotImp
7,ZhongmuNo.1,28.62,5003798,NotImp
7,ZhongmuNo.1,32.12,6703938,NotImp
7,ZhongmuNo.1,32.12,6703953,NotImp
7,ZhongmuNo.1,32.12,6728267,NotImp
7,ZhongmuNo.1,32.12,6946751,NotImp
7,ZhongmuNo.1,32.12,7100301,NotImp
7,ZhongmuNo.1,32.12,7440528,NotImp
7,ZhongmuNo.1,32.12,7440533,NotImp
7,ZhongmuNo.1,33.04,7441427,NotImp
7,ZhongmuNo.1,33.04,7455279,NotImp
7,ZhongmuNo.1,33.04,7455319,NotImp
7,ZhongmuNo.1,33.05,7614876,NotImp
7,ZhongmuNo.1,42.13,10643803,NotImp
7,ZhongmuNo.1,42.13,10830580,NotImp
7,ZhongmuNo.1,42.13,10830606,NotImp
7,ZhongmuNo.1,42.61,11028404,NotImp
7,ZhongmuNo.1,42.61,11028421,NotImp
7,ZhongmuNo.1,42.61,11028422,NotImp
7,ZhongmuNo.1,42.61,11417137,NotImp
7,ZhongmuNo.1,50.64,11498849,NotImp
7,ZhongmuNo.1,51.24,11772705,NotImp
7,ZhongmuNo.1,51.25,11772781,NotImp
7,ZhongmuNo.1,52.01,11772839,NotImp
7,ZhongmuNo.1,52.01,11906366,NotImp
7,ZhongmuNo.1,52.01,11906369,NotImp
7,ZhongmuNo.1,52.01,11906374,NotImp
7,ZhongmuNo.1,52.01,12534894,NotImp
7,ZhongmuNo.1,52.01,12535046,NotImp
7,ZhongmuNo.1,52.01,12535076,NotImp
7,ZhongmuNo.1,52.01,13098929,NotImp
7,ZhongmuNo.1,67.81,13311371,NotImp
7,ZhongmuNo.1,67.81,13554989,NotImp
7,ZhongmuNo.1,86.64,13556842,NotImp
7,ZhongmuNo.1,86.64,14888993,NotImp
7,ZhongmuNo.1,87,14889119,NotImp
7,ZhongmuNo.1,87,14914657,NotImp
7,ZhongmuNo.1,87,14961416,NotImp
7,ZhongmuNo.1,87.01,14961697,NotImp
7,ZhongmuNo.1,87.01,14966336,NotImp
7,ZhongmuNo.1,87.01,14966371,NotImp
7,ZhongmuNo.1,87.01,16042701,NotImp
7,ZhongmuNo.1,87.01,16046633,NotImp
7,ZhongmuNo.1,87.01,16116388,NotImp
7,ZhongmuNo.1,87.01,16116469,NotImp
7,ZhongmuNo.1,87.01,16603215,NotImp
7,ZhongmuNo.1,88.42,16665372,NotImp
7,ZhongmuNo.1,88.42,16665391,NotImp
7,ZhongmuNo.1,88.93,16817058,NotImp
7,ZhongmuNo.1,95.53,16879414,NotImp
7,ZhongmuNo.1,95.53,16879415,NotImp
7,ZhongmuNo.1,95.54,16879423,NotImp
7,ZhongmuNo.1,98.73,16879459,NotImp
7,ZhongmuNo.1,100.34,17482222,NotImp
7,ZhongmuNo.1,100.34,18262254,NotImp
7,ZhongmuNo.1,100.34,18353873,NotImp
7,ZhongmuNo.1,100.34,20869817,NotImp
7,ZhongmuNo.1,101.88,21356143,NotImp
7,ZhongmuNo.1,103.16,22288717,NotImp
7,ZhongmuNo.1,103.16,22590822,NotImp
7,ZhongmuNo.1,103.16,22819238,NotImp
7,ZhongmuNo.1,103.17,23169903,NotImp
7,ZhongmuNo.1,103.17,23263660,NotImp
7,ZhongmuNo.1,103.89,24253478,NotImp
7,ZhongmuNo.1,103.89,24892666,NotImp
7,ZhongmuNo.1,103.89,24892671,NotImp
7,ZhongmuNo.1,104.94,26239905,NotImp
7,ZhongmuNo.1,108.81,27186944,NotImp
7,ZhongmuNo.1,108.81,27188838,NotImp
7,ZhongmuNo.1,108.81,27223693,NotImp
7,ZhongmuNo.1,109.85,27316590,NotImp
7,ZhongmuNo.1,109.85,29127917,NotImp
7,ZhongmuNo.1,109.85,29127975,NotImp
7,ZhongmuNo.1,109.85,29128000,NotImp
7,ZhongmuNo.1,109.85,29128044,NotImp
7,ZhongmuNo.1,109.85,29128046,NotImp
7,ZhongmuNo.1,109.85,29128475,NotImp
7,ZhongmuNo.1,109.85,29689873,NotImp
7,ZhongmuNo.1,109.85,29689909,NotImp
7,ZhongmuNo.1,110.59,29742281,NotImp
7,ZhongmuNo.1,110.59,29742366,NotImp
7,ZhongmuNo.1,110.59,29742368,NotImp
7,ZhongmuNo.1,110.6,31976669,NotImp
7,ZhongmuNo.1,112.19,31976861,NotImp
7,ZhongmuNo.1,112.19,31976868,NotImp
7,ZhongmuNo.1,112.19,31976878,NotImp
7,ZhongmuNo.1,112.19,31976893,NotImp
7,ZhongmuNo.1,114.43,31976990,NotImp
7,ZhongmuNo.1,114.43,31977006,NotImp
7,ZhongmuNo.1,114.43,31977017,NotImp
7,ZhongmuNo.1,114.44,31977030,NotImp
7,ZhongmuNo.1,114.44,31977033,NotImp
7,ZhongmuNo.1,116.33,31977071,NotImp
7,ZhongmuNo.1,116.33,31977076,NotImp
7,ZhongmuNo.1,116.33,31977091,NotImp
7,ZhongmuNo.1,116.33,32315885,NotImp
7,ZhongmuNo.1,116.42,32315911,NotImp
7,ZhongmuNo.1,119.21,32315986,NotImp
7,ZhongmuNo.1,119.21,32316007,NotImp
7,ZhongmuNo.1,119.6,32454320,NotImp
7,ZhongmuNo.1,119.6,32454428,NotImp
7,ZhongmuNo.1,119.6,32454443,NotImp
7,ZhongmuNo.1,119.6,32537036,NotImp
7,ZhongmuNo.1,119.6,32580361,NotImp
7,ZhongmuNo.1,119.6,32580370,NotImp
7,ZhongmuNo.1,119.6,32580374,NotImp
7,ZhongmuNo.1,119.6,32580439,NotImp
7,ZhongmuNo.1,119.6,32580742,NotImp
7,ZhongmuNo.1,119.61,32686599,NotImp
7,ZhongmuNo.1,119.61,32686785,NotImp
7,ZhongmuNo.1,119.61,32686787,NotImp
7,ZhongmuNo.1,119.61,32686804,NotImp
7,ZhongmuNo.1,119.61,33721285,NotImp
7,ZhongmuNo.1,119.61,33793793,NotImp
7,ZhongmuNo.1,119.61,34400706,NotImp
7,ZhongmuNo.1,119.61,36883269,NotImp
7,ZhongmuNo.1,119.61,36883273,NotImp
7,ZhongmuNo.1,119.61,36883456,NotImp
7,ZhongmuNo.1,119.62,37533049,NotImp
7,ZhongmuNo.1,119.67,37707750,NotImp
7,ZhongmuNo.1,121.96,39458286,NotImp
7,ZhongmuNo.1,121.96,39458522,NotImp
7,ZhongmuNo.1,121.96,41343872,NotImp
7,ZhongmuNo.1,123.64,43907360,NotImp
7,ZhongmuNo.1,123.64,43907421,NotImp
7,ZhongmuNo.1,124.23,44187445,NotImp
7,ZhongmuNo.1,124.23,44187517,NotImp
7,ZhongmuNo.1,124.49,44301325,NotImp
7,ZhongmuNo.1,124.49,45271556,NotImp
7,ZhongmuNo.1,125.23,45511611,NotImp
7,ZhongmuNo.1,125.23,45511621,NotImp
7,ZhongmuNo.1,125.23,45511735,NotImp
7,ZhongmuNo.1,126.21,45651226,NotImp
7,ZhongmuNo.1,126.21,45658577,NotImp
7,ZhongmuNo.1,126.26,45658627,NotImp
7,ZhongmuNo.1,126.5,45701623,NotImp
7,ZhongmuNo.1,126.5,45945695,NotImp
7,ZhongmuNo.1,126.5,45945959,NotImp
7,ZhongmuNo.1,126.51,46536516,NotImp
7,ZhongmuNo.1,126.51,46536552,NotImp
7,ZhongmuNo.1,126.51,46702709,NotImp
7,ZhongmuNo.1,127.91,47139991,NotImp
7,ZhongmuNo.1,127.91,47143808,NotImp
7,ZhongmuNo.1,127.91,47706745,NotImp
7,ZhongmuNo.1,127.91,47706747,NotImp
7,ZhongmuNo.1,128.92,47763263,NotImp
7,ZhongmuNo.1,130.14,47763374,NotImp
7,ZhongmuNo.1,130.14,48398345,NotImp
7,ZhongmuNo.1,130.14,48878745,NotImp
7,ZhongmuNo.1,130.22,48897153,NotImp
7,ZhongmuNo.1,130.22,49560488,NotImp
7,ZhongmuNo.1,131.12,50008007,NotImp
7,ZhongmuNo.1,131.16,50060934,NotImp
7,ZhongmuNo.1,131.17,50060982,NotImp
7,ZhongmuNo.1,131.66,50615591,NotImp
7,ZhongmuNo.1,131.66,50630608,NotImp
7,ZhongmuNo.1,133.1,50706124,NotImp
7,ZhongmuNo.1,133.24,50709492,NotImp
7,ZhongmuNo.1,133.25,50709498,NotImp
7,ZhongmuNo.1,133.37,50709972,NotImp
7,ZhongmuNo.1,133.49,51833645,NotImp
7,ZhongmuNo.1,135.14,54381634,NotImp
7,ZhongmuNo.1,135.14,54514334,NotImp
7,ZhongmuNo.1,135.18,54692728,NotImp
7,ZhongmuNo.1,135.93,54692868,NotImp
7,ZhongmuNo.1,135.93,55212896,NotImp
7,ZhongmuNo.1,135.94,55213231,NotImp
7,ZhongmuNo.1,135.94,55213273,NotImp
7,ZhongmuNo.1,135.94,55213390,NotImp
7,ZhongmuNo.1,135.94,55367659,NotImp
7,ZhongmuNo.1,135.94,55367663,NotImp
7,ZhongmuNo.1,135.94,55367668,NotImp
7,ZhongmuNo.1,135.94,55368254,NotImp
7,ZhongmuNo.1,138.62,55930216,NotImp
7,ZhongmuNo.1,138.98,57537539,NotImp
7,ZhongmuNo.1,141.02,57537953,NotImp
7,ZhongmuNo.1,141.03,58788468,NotImp
7,ZhongmuNo.1,141.03,58788472,NotImp
7,ZhongmuNo.1,141.03,58788480,NotImp
7,ZhongmuNo.1,142.6,58788534,NotImp
7,ZhongmuNo.1,142.6,59072341,NotImp
7,ZhongmuNo.1,142.6,59072347,NotImp
7,ZhongmuNo.1,142.6,59072519,NotImp
7,ZhongmuNo.1,142.6,59072542,NotImp
7,ZhongmuNo.1,142.61,59467540,NotImp
7,ZhongmuNo.1,142.61,60039618,NotImp
7,ZhongmuNo.1,142.61,60246856,NotImp
7,ZhongmuNo.1,142.61,60246870,NotImp
7,ZhongmuNo.1,142.61,60246908,NotImp
7,ZhongmuNo.1,142.61,60499088,NotImp
7,ZhongmuNo.1,142.61,60501640,NotImp
7,ZhongmuNo.1,142.61,60502789,NotImp
7,ZhongmuNo.1,142.61,60760884,NotImp
7,ZhongmuNo.1,142.61,60931839,NotImp
7,ZhongmuNo.1,142.9,60952073,NotImp
7,ZhongmuNo.1,142.9,60952224,NotImp
7,ZhongmuNo.1,142.9,60953679,NotImp
7,ZhongmuNo.1,142.91,61000402,NotImp
7,ZhongmuNo.1,142.91,61003614,NotImp
7,ZhongmuNo.1,143.73,61310123,NotImp
7,ZhongmuNo.1,143.73,61310146,NotImp
7,ZhongmuNo.1,143.73,61310254,NotImp
7,ZhongmuNo.1,143.73,61310271,NotImp
7,ZhongmuNo.1,143.73,61313568,NotImp
7,ZhongmuNo.1,143.74,61373723,NotImp
7,ZhongmuNo.1,143.74,62160429,NotImp
7,ZhongmuNo.1,143.76,62179417,NotImp
7,ZhongmuNo.1,147.71,62522383,NotImp
7,ZhongmuNo.1,147.71,62570663,NotImp
7,ZhongmuNo.1,147.72,62839824,NotImp
7,ZhongmuNo.1,147.72,63250459,NotImp
7,ZhongmuNo.1,147.72,63251056,NotImp
7,ZhongmuNo.1,147.72,63251066,NotImp
7,ZhongmuNo.1,148.66,63726526,NotImp
7,ZhongmuNo.1,150.01,63726684,NotImp
7,ZhongmuNo.1,150.01,63878050,NotImp
7,ZhongmuNo.1,150.01,63878101,NotImp
7,ZhongmuNo.1,150.01,63878251,NotImp
7,ZhongmuNo.1,150.01,63883176,NotImp
7,ZhongmuNo.1,150.01,64075297,NotImp
7,ZhongmuNo.1,150.01,64077229,NotImp
7,ZhongmuNo.1,150.01,64262286,NotImp
7,ZhongmuNo.1,150.02,64262512,NotImp
7,ZhongmuNo.1,150.02,64295748,NotImp
7,ZhongmuNo.1,150.58,64661151,NotImp
7,ZhongmuNo.1,150.71,64677397,NotImp
7,ZhongmuNo.1,150.71,64677406,NotImp
7,ZhongmuNo.1,150.72,64798173,NotImp
7,ZhongmuNo.1,150.72,64819465,NotImp
7,ZhongmuNo.1,150.72,64819473,NotImp
7,ZhongmuNo.1,150.72,64834855,NotImp
7,ZhongmuNo.1,150.72,64834895,NotImp
7,ZhongmuNo.1,152.74,65193935,NotImp
7,ZhongmuNo.1,152.74,65193958,NotImp
7,ZhongmuNo.1,152.74,65209928,NotImp
7,ZhongmuNo.1,154.5,65217882,NotImp
7,ZhongmuNo.1,154.51,65332204,NotImp
7,ZhongmuNo.1,154.51,65332214,NotImp
7,ZhongmuNo.1,154.51,65332221,NotImp
7,ZhongmuNo.1,154.51,65332234,NotImp
7,ZhongmuNo.1,154.51,65332238,NotImp
7,ZhongmuNo.1,154.74,65332257,NotImp
7,ZhongmuNo.1,155.23,65332560,NotImp
7,ZhongmuNo.1,155.23,65332568,NotImp
7,ZhongmuNo.1,155.23,65333589,NotImp
7,ZhongmuNo.1,155.24,66018842,NotImp
7,ZhongmuNo.1,155.24,66930185,NotImp
7,ZhongmuNo.1,155.24,67168378,NotImp
7,ZhongmuNo.1,155.24,67193693,NotImp
7,ZhongmuNo.1,155.24,67193815,NotImp
7,ZhongmuNo.1,155.24,67193838,NotImp
7,ZhongmuNo.1,155.24,67579088,NotImp
7,ZhongmuNo.1,155.9,67707545,NotImp
7,ZhongmuNo.1,155.9,67991399,NotImp
7,ZhongmuNo.1,155.9,68098967,NotImp
7,ZhongmuNo.1,155.9,68126623,NotImp
7,ZhongmuNo.1,155.9,68132909,NotImp
7,ZhongmuNo.1,155.9,68182269,NotImp
7,ZhongmuNo.1,155.9,68344022,NotImp
7,ZhongmuNo.1,155.91,68748199,NotImp
7,ZhongmuNo.1,155.91,69089552,NotImp
7,ZhongmuNo.1,155.91,69157086,NotImp
7,ZhongmuNo.1,155.91,69608989,NotImp
7,ZhongmuNo.1,155.91,69609015,NotImp
7,ZhongmuNo.1,156.26,69629747,NotImp
7,ZhongmuNo.1,156.26,69711922,NotImp
7,ZhongmuNo.1,161.3,69772399,NotImp
7,ZhongmuNo.1,161.3,70736417,NotImp
7,ZhongmuNo.1,161.91,71060542,NotImp
7,ZhongmuNo.1,162.09,71316084,NotImp
7,ZhongmuNo.1,162.24,71668370,NotImp
7,ZhongmuNo.1,162.24,71668585,NotImp
7,ZhongmuNo.1,162.35,73333585,NotImp
7,ZhongmuNo.1,164.13,73518543,NotImp
7,ZhongmuNo.1,164.46,73919990,NotImp
7,ZhongmuNo.1,164.46,74781265,NotImp
7,ZhongmuNo.1,164.46,74781465,NotImp
7,ZhongmuNo.1,165.65,75366973,NotImp
7,ZhongmuNo.1,165.66,75368674,NotImp
7,ZhongmuNo.1,166.44,75535125,NotImp
7,ZhongmuNo.1,166.44,76070642,NotImp
7,ZhongmuNo.1,166.45,76070802,NotImp
7,ZhongmuNo.1,166.45,76306989,NotImp
7,ZhongmuNo.1,167.87,76678232,NotImp
7,ZhongmuNo.1,167.87,76717548,NotImp
7,ZhongmuNo.1,167.87,76800630,NotImp
7,ZhongmuNo.1,168.36,78227541,NotImp
7,ZhongmuNo.1,168.36,78235511,NotImp
7,ZhongmuNo.1,168.36,78469015,NotImp
7,ZhongmuNo.1,168.36,78469037,NotImp
7,ZhongmuNo.1,168.36,78490411,NotImp
7,ZhongmuNo.1,168.36,78548822,NotImp
7,ZhongmuNo.1,168.36,78589603,NotImp
7,ZhongmuNo.1,168.36,78733554,NotImp
7,ZhongmuNo.1,168.36,78954166,NotImp
7,ZhongmuNo.1,168.36,79237678,NotImp
7,ZhongmuNo.1,168.37,79463667,NotImp
7,ZhongmuNo.1,168.37,79496808,NotImp
7,ZhongmuNo.1,168.37,79496820,NotImp
7,ZhongmuNo.1,168.37,79650763,NotImp
7,ZhongmuNo.1,170.91,79650772,NotImp
7,ZhongmuNo.1,170.91,79889612,NotImp
7,ZhongmuNo.1,171.73,80376711,NotImp
7,ZhongmuNo.1,172.11,80382050,NotImp
7,ZhongmuNo.1,172.11,80439038,NotImp
7,ZhongmuNo.1,172.11,80464022,NotImp
7,ZhongmuNo.1,172.11,80464159,NotImp
7,ZhongmuNo.1,172.11,80762719,NotImp
7,ZhongmuNo.1,172.11,80800529,NotImp
7,ZhongmuNo.1,172.11,80910656,NotImp
7,ZhongmuNo.1,172.11,81383585,NotImp
7,ZhongmuNo.1,172.12,81470543,NotImp
7,ZhongmuNo.1,172.12,81470544,NotImp
7,ZhongmuNo.1,172.12,81542311,NotImp
7,ZhongmuNo.1,172.12,81542313,NotImp
7,ZhongmuNo.1,175.7,82082142,NotImp
7,ZhongmuNo.1,175.7,82107617,NotImp
7,ZhongmuNo.1,175.7,82107656,NotImp
7,ZhongmuNo.1,175.7,82107671,NotImp
7,ZhongmuNo.1,175.71,82107776,NotImp
7,ZhongmuNo.1,175.71,82107785,NotImp
7,ZhongmuNo.1,175.71,82107832,NotImp
7,ZhongmuNo.1,175.71,82107883,NotImp
7,ZhongmuNo.1,175.71,82107913,NotImp
7,ZhongmuNo.1,175.86,82130222,NotImp
7,ZhongmuNo.1,175.86,82489365,NotImp
7,ZhongmuNo.1,175.86,82647443,NotImp
7,ZhongmuNo.1,175.87,82647577,NotImp
7,ZhongmuNo.1,175.87,82647821,NotImp
7,ZhongmuNo.1,175.87,82647842,NotImp
7,ZhongmuNo.1,175.87,82831387,NotImp
7,ZhongmuNo.1,175.93,82873201,NotImp
7,ZhongmuNo.1,175.93,83220333,NotImp
7,ZhongmuNo.1,175.95,83401078,NotImp
7,ZhongmuNo.1,175.95,83401138,NotImp
7,ZhongmuNo.1,175.95,83440723,NotImp
7,ZhongmuNo.1,177.09,83598838,NotImp
7,ZhongmuNo.1,177.09,83598849,NotImp
7,ZhongmuNo.1,177.09,83822558,NotImp
7,ZhongmuNo.1,177.09,83831362,NotImp
7,ZhongmuNo.1,177.73,84635240,NotImp
7,ZhongmuNo.1,177.73,85083780,NotImp
7,ZhongmuNo.1,177.73,86084067,NotImp
7,ZhongmuNo.1,177.73,86459733,NotImp
7,ZhongmuNo.1,177.73,86507202,NotImp
7,ZhongmuNo.1,177.74,86842881,NotImp
7,ZhongmuNo.1,177.74,87771608,NotImp
7,ZhongmuNo.1,177.74,88355503,NotImp
7,ZhongmuNo.1,178.19,88367016,NotImp
7,ZhongmuNo.1,178.19,88367019,NotImp
7,ZhongmuNo.1,178.2,88738205,NotImp
7,ZhongmuNo.1,178.2,88823011,NotImp
7,ZhongmuNo.1,178.2,88823017,NotImp
7,ZhongmuNo.1,178.2,88823025,NotImp
7,ZhongmuNo.1,178.2,88823178,NotImp
7,ZhongmuNo.1,178.2,88823199,NotImp
7,ZhongmuNo.1,178.21,88866752,NotImp
7,ZhongmuNo.1,178.21,89065002,NotImp
7,ZhongmuNo.1,178.21,89142240,NotImp
7,ZhongmuNo.1,178.21,89162340,NotImp
7,ZhongmuNo.1,178.21,89224175,NotImp
7,ZhongmuNo.1,178.21,89468060,NotImp
7,ZhongmuNo.1,178.21,89468107,NotImp
7,ZhongmuNo.1,178.21,89489792,NotImp
7,ZhongmuNo.1,178.21,89489879,NotImp
7,ZhongmuNo.1,178.21,89775285,NotImp
7,ZhongmuNo.1,178.22,90063210,NotImp
7,ZhongmuNo.1,178.22,90124759,NotImp
7,ZhongmuNo.1,178.98,90996036,NotImp
7,ZhongmuNo.1,178.98,91565574,NotImp
7,ZhongmuNo.1,179.75,92210707,NotImp
7,ZhongmuNo.1,179.75,92250476,NotImp
7,ZhongmuNo.1,179.75,92822486,NotImp
7,ZhongmuNo.1,179.75,93098025,NotImp
7,ZhongmuNo.1,179.75,93162758,NotImp
7,ZhongmuNo.1,179.75,93162770,NotImp
7,ZhongmuNo.1,179.75,93227936,NotImp
7,ZhongmuNo.1,179.75,93275874,NotImp
7,ZhongmuNo.1,180.21,93468651,NotImp
7,ZhongmuNo.1,180.21,93469386,NotImp
7,ZhongmuNo.1,180.24,93549638,NotImp
7,ZhongmuNo.1,180.24,93549690,NotImp
7,ZhongmuNo.1,180.24,94046973,NotImp
7,ZhongmuNo.1,180.24,94048114,NotImp
7,ZhongmuNo.1,180.24,94048161,NotImp
7,ZhongmuNo.1,180.97,94050346,NotImp
7,ZhongmuNo.1,183.32,94287435,NotImp
7,ZhongmuNo.1,183.33,94287441,NotImp
7,ZhongmuNo.1,187.8,94299587,NotImp
7,ZhongmuNo.1,187.81,94316544,NotImp
7,ZhongmuNo.1,187.81,94369136,NotImp
7,ZhongmuNo.1,187.81,94388478,NotImp
7,ZhongmuNo.1,187.81,94388515,NotImp
7,ZhongmuNo.1,190.23,94854751,NotImp
7,ZhongmuNo.1,190.86,94861430,NotImp
7,ZhongmuNo.1,193.48,94898861,NotImp
7,ZhongmuNo.1,193.48,94907862,NotImp
7,ZhongmuNo.1,193.48,94908037,NotImp
7,ZhongmuNo.1,193.48,95042678,NotImp
7,ZhongmuNo.1,198.31,95042685,NotImp
7,ZhongmuNo.1,198.31,95053672,NotImp
7,ZhongmuNo.1,198.31,95192053,NotImp
7,ZhongmuNo.1,198.81,95335802,NotImp
7,ZhongmuNo.1,199.25,95337607,NotImp
7,ZhongmuNo.1,199.25,95337696,NotImp
7,ZhongmuNo.1,199.25,95337714,NotImp
8,ZhongmuNo.1,0,1682912,NotImp
8,ZhongmuNo.1,0,2209019,NotImp
8,ZhongmuNo.1,0,2238470,NotImp
8,ZhongmuNo.1,0.94,2481993,NotImp
8,ZhongmuNo.1,9.47,2585576,NotImp
8,ZhongmuNo.1,9.76,2585643,NotImp
8,ZhongmuNo.1,9.76,2585698,NotImp
8,ZhongmuNo.1,9.76,3077202,NotImp
8,ZhongmuNo.1,16.71,3132500,NotImp
8,ZhongmuNo.1,19.61,3132596,NotImp
8,ZhongmuNo.1,19.61,3394931,NotImp
8,ZhongmuNo.1,19.93,3729483,NotImp
8,ZhongmuNo.1,19.94,3729490,NotImp
8,ZhongmuNo.1,19.94,3729506,NotImp
8,ZhongmuNo.1,19.94,3729741,NotImp
8,ZhongmuNo.1,20.53,4104359,NotImp
8,ZhongmuNo.1,20.53,6144575,NotImp
8,ZhongmuNo.1,22.01,7684714,NotImp
8,ZhongmuNo.1,22.01,9614102,NotImp
8,ZhongmuNo.1,22.01,10485138,NotImp
8,ZhongmuNo.1,24.24,10948814,NotImp
8,ZhongmuNo.1,24.24,10948828,NotImp
8,ZhongmuNo.1,24.24,11007261,NotImp
8,ZhongmuNo.1,24.24,11007270,NotImp
8,ZhongmuNo.1,24.76,11523762,NotImp
8,ZhongmuNo.1,24.76,13251848,NotImp
8,ZhongmuNo.1,26.02,13783488,NotImp
8,ZhongmuNo.1,26.02,13783489,NotImp
8,ZhongmuNo.1,26.03,14583871,NotImp
8,ZhongmuNo.1,26.03,14583968,NotImp
8,ZhongmuNo.1,26.03,14586304,NotImp
8,ZhongmuNo.1,26.03,14586363,NotImp
8,ZhongmuNo.1,26.03,14586365,NotImp
8,ZhongmuNo.1,26.04,14726404,NotImp
8,ZhongmuNo.1,26.04,14878442,NotImp
8,ZhongmuNo.1,27.32,16791873,NotImp
8,ZhongmuNo.1,28.05,17031075,NotImp
8,ZhongmuNo.1,28.05,17091118,NotImp
8,ZhongmuNo.1,28.46,17868888,NotImp
8,ZhongmuNo.1,28.46,17869021,NotImp
8,ZhongmuNo.1,32.2,19995404,NotImp
8,ZhongmuNo.1,32.2,21073107,NotImp
8,ZhongmuNo.1,35.86,21453154,NotImp
8,ZhongmuNo.1,35.97,21453165,NotImp
8,ZhongmuNo.1,35.97,23507661,NotImp
8,ZhongmuNo.1,35.97,23507693,NotImp
8,ZhongmuNo.1,36.65,24236742,NotImp
8,ZhongmuNo.1,36.65,24242498,NotImp
8,ZhongmuNo.1,36.65,24872739,NotImp
8,ZhongmuNo.1,44.88,26068709,NotImp
8,ZhongmuNo.1,44.88,27394121,NotImp
8,ZhongmuNo.1,46,30321133,NotImp
8,ZhongmuNo.1,46.08,30617368,NotImp
8,ZhongmuNo.1,46.08,30833537,NotImp
8,ZhongmuNo.1,46.08,30833557,NotImp
8,ZhongmuNo.1,46.08,30833776,NotImp
8,ZhongmuNo.1,46.13,32061483,NotImp
8,ZhongmuNo.1,46.13,32164236,NotImp
8,ZhongmuNo.1,47.25,32164267,NotImp
8,ZhongmuNo.1,47.25,32164271,NotImp
8,ZhongmuNo.1,47.25,32447626,NotImp
8,ZhongmuNo.1,49.02,34869849,NotImp
8,ZhongmuNo.1,50.07,34934411,NotImp
8,ZhongmuNo.1,50.57,35239374,NotImp
8,ZhongmuNo.1,50.57,35625156,NotImp
8,ZhongmuNo.1,50.58,35666653,NotImp
8,ZhongmuNo.1,52.91,35666654,NotImp
8,ZhongmuNo.1,52.91,35666657,NotImp
8,ZhongmuNo.1,52.91,37921619,NotImp
8,ZhongmuNo.1,55.48,40294086,NotImp
8,ZhongmuNo.1,55.48,40296209,NotImp
8,ZhongmuNo.1,55.48,40310488,NotImp
8,ZhongmuNo.1,55.48,40310496,NotImp
8,ZhongmuNo.1,55.48,40310518,NotImp
8,ZhongmuNo.1,55.48,40492764,NotImp
8,ZhongmuNo.1,55.48,40492779,NotImp
8,ZhongmuNo.1,56.11,40551526,NotImp
8,ZhongmuNo.1,56.11,40551535,NotImp
8,ZhongmuNo.1,56.11,40551586,NotImp
8,ZhongmuNo.1,56.12,42441355,NotImp
8,ZhongmuNo.1,56.12,46086865,NotImp
8,ZhongmuNo.1,57.37,47371160,NotImp
8,ZhongmuNo.1,57.37,47373218,NotImp
8,ZhongmuNo.1,57.49,48495233,NotImp
8,ZhongmuNo.1,59.4,50918353,NotImp
8,ZhongmuNo.1,59.4,50921242,NotImp
8,ZhongmuNo.1,62.96,50952573,NotImp
8,ZhongmuNo.1,63.54,50952619,NotImp
8,ZhongmuNo.1,65.44,52602525,NotImp
8,ZhongmuNo.1,65.44,52602554,NotImp
8,ZhongmuNo.1,65.44,52602611,NotImp
8,ZhongmuNo.1,65.45,52707240,NotImp
8,ZhongmuNo.1,66.29,53468496,NotImp
8,ZhongmuNo.1,67.09,54284666,NotImp
8,ZhongmuNo.1,68.18,54484745,NotImp
8,ZhongmuNo.1,68.18,54484752,NotImp
8,ZhongmuNo.1,68.18,54484753,NotImp
8,ZhongmuNo.1,68.18,54484786,NotImp
8,ZhongmuNo.1,68.89,54542174,NotImp
8,ZhongmuNo.1,68.91,54542194,NotImp
8,ZhongmuNo.1,69.1,55538135,NotImp
8,ZhongmuNo.1,69.1,55538201,NotImp
8,ZhongmuNo.1,69.53,55554965,NotImp
8,ZhongmuNo.1,69.53,55556042,NotImp
8,ZhongmuNo.1,69.53,55592407,NotImp
8,ZhongmuNo.1,69.53,55592645,NotImp
8,ZhongmuNo.1,69.79,55906312,NotImp
8,ZhongmuNo.1,69.79,56004278,NotImp
8,ZhongmuNo.1,69.79,56004280,NotImp
8,ZhongmuNo.1,69.79,56040180,NotImp
8,ZhongmuNo.1,71.94,56184790,NotImp
8,ZhongmuNo.1,76.32,56424334,NotImp
8,ZhongmuNo.1,76.32,56424395,NotImp
8,ZhongmuNo.1,76.32,56907787,NotImp
8,ZhongmuNo.1,76.62,56907859,NotImp
8,ZhongmuNo.1,76.62,57017461,NotImp
8,ZhongmuNo.1,76.62,57017524,NotImp
8,ZhongmuNo.1,76.62,57493381,NotImp
8,ZhongmuNo.1,76.62,57493388,NotImp
8,ZhongmuNo.1,82.58,57493516,NotImp
8,ZhongmuNo.1,99.54,57539354,NotImp
8,ZhongmuNo.1,99.54,57539391,NotImp
8,ZhongmuNo.1,99.54,57549351,NotImp
8,ZhongmuNo.1,101.23,57549352,NotImp
8,ZhongmuNo.1,102.13,57697575,NotImp
8,ZhongmuNo.1,102.13,57697610,NotImp
8,ZhongmuNo.1,102.13,57697613,NotImp
8,ZhongmuNo.1,102.14,57697650,NotImp
8,ZhongmuNo.1,104.8,59002649,NotImp
8,ZhongmuNo.1,104.8,59021259,NotImp
8,ZhongmuNo.1,105.21,59221637,NotImp
8,ZhongmuNo.1,105.21,59221772,NotImp
8,ZhongmuNo.1,105.21,59234218,NotImp
8,ZhongmuNo.1,105.21,59234309,NotImp
8,ZhongmuNo.1,105.21,59234310,NotImp
8,ZhongmuNo.1,105.21,59301297,NotImp
8,ZhongmuNo.1,105.21,59325911,NotImp
8,ZhongmuNo.1,105.21,59353190,NotImp
8,ZhongmuNo.1,105.22,59353236,NotImp
8,ZhongmuNo.1,105.34,59854294,NotImp
8,ZhongmuNo.1,105.34,59854378,NotImp
8,ZhongmuNo.1,105.34,59862086,NotImp
8,ZhongmuNo.1,105.34,60220809,NotImp
8,ZhongmuNo.1,106.45,60506408,NotImp
8,ZhongmuNo.1,106.45,60506466,NotImp
8,ZhongmuNo.1,106.45,60506556,NotImp
8,ZhongmuNo.1,106.45,60524576,NotImp
8,ZhongmuNo.1,107.97,60524597,NotImp
8,ZhongmuNo.1,119.4,60535140,NotImp
8,ZhongmuNo.1,119.41,60535332,NotImp
8,ZhongmuNo.1,119.41,60877436,NotImp
8,ZhongmuNo.1,119.41,61225861,NotImp
8,ZhongmuNo.1,119.41,61225886,NotImp
8,ZhongmuNo.1,119.41,61226027,NotImp
8,ZhongmuNo.1,121.03,61671888,NotImp
8,ZhongmuNo.1,121.03,61671935,NotImp
8,ZhongmuNo.1,121.03,61671997,NotImp
8,ZhongmuNo.1,121.03,61784961,NotImp
8,ZhongmuNo.1,121.04,61784976,NotImp
8,ZhongmuNo.1,121.04,61784977,NotImp
8,ZhongmuNo.1,121.04,61972534,NotImp
8,ZhongmuNo.1,130.83,62051482,NotImp
8,ZhongmuNo.1,130.83,62051589,NotImp
8,ZhongmuNo.1,131.11,62090780,NotImp
8,ZhongmuNo.1,131.11,62484235,NotImp
8,ZhongmuNo.1,131.11,62484346,NotImp
8,ZhongmuNo.1,131.11,62508876,NotImp
8,ZhongmuNo.1,131.38,62630232,NotImp
8,ZhongmuNo.1,131.38,62630281,NotImp
8,ZhongmuNo.1,131.48,62639052,NotImp
8,ZhongmuNo.1,131.48,62797834,NotImp
8,ZhongmuNo.1,131.48,62979312,NotImp
8,ZhongmuNo.1,131.48,63045289,NotImp
8,ZhongmuNo.1,131.48,63205045,NotImp
8,ZhongmuNo.1,132.79,63343731,NotImp
8,ZhongmuNo.1,138.72,63370968,NotImp
8,ZhongmuNo.1,138.72,63371002,NotImp
8,ZhongmuNo.1,140.11,63386006,NotImp
8,ZhongmuNo.1,140.11,63386037,NotImp
8,ZhongmuNo.1,140.11,63386039,NotImp
8,ZhongmuNo.1,142.6,63386124,NotImp
8,ZhongmuNo.1,142.6,63386129,NotImp
8,ZhongmuNo.1,142.6,63386136,NotImp
8,ZhongmuNo.1,142.6,63386143,NotImp
8,ZhongmuNo.1,144.05,63404460,NotImp
8,ZhongmuNo.1,144.05,63760066,NotImp
8,ZhongmuNo.1,144.06,63760240,NotImp
8,ZhongmuNo.1,144.06,63760408,NotImp
8,ZhongmuNo.1,149.49,64138328,NotImp
8,ZhongmuNo.1,149.49,64138343,NotImp
8,ZhongmuNo.1,153.71,64182937,NotImp
8,ZhongmuNo.1,153.71,64182952,NotImp
8,ZhongmuNo.1,153.71,64182983,NotImp
8,ZhongmuNo.1,154.96,64335057,NotImp
8,ZhongmuNo.1,155.29,66178682,NotImp
8,ZhongmuNo.1,155.29,66178719,NotImp
8,ZhongmuNo.1,159.08,66239561,NotImp
8,ZhongmuNo.1,159.08,66338829,NotImp
8,ZhongmuNo.1,159.08,66338867,NotImp
8,ZhongmuNo.1,159.08,66338882,NotImp
8,ZhongmuNo.1,165.17,66471327,NotImp
8,ZhongmuNo.1,165.17,66471350,NotImp
8,ZhongmuNo.1,165.17,66471367,NotImp
8,ZhongmuNo.1,170.8,67273514,NotImp
8,ZhongmuNo.1,170.8,68151922,NotImp
8,ZhongmuNo.1,170.8,68645487,NotImp
8,ZhongmuNo.1,170.8,68645704,NotImp
8,ZhongmuNo.1,170.8,68971041,NotImp
8,ZhongmuNo.1,171.17,69060653,NotImp
8,ZhongmuNo.1,171.17,69140051,NotImp
8,ZhongmuNo.1,171.18,69172356,NotImp
8,ZhongmuNo.1,171.18,69172395,NotImp
8,ZhongmuNo.1,171.18,70028856,NotImp
8,ZhongmuNo.1,172.23,70709525,NotImp
8,ZhongmuNo.1,172.23,70709552,NotImp
8,ZhongmuNo.1,172.23,70756114,NotImp
8,ZhongmuNo.1,172.23,70827398,NotImp
8,ZhongmuNo.1,172.23,70829908,NotImp
8,ZhongmuNo.1,172.91,70872863,NotImp
8,ZhongmuNo.1,172.91,70890356,NotImp
8,ZhongmuNo.1,172.91,70920956,NotImp
8,ZhongmuNo.1,172.91,70990743,NotImp
8,ZhongmuNo.1,173.46,70990930,NotImp
8,ZhongmuNo.1,173.87,70990945,NotImp
8,ZhongmuNo.1,178.6,71161092,NotImp
8,ZhongmuNo.1,178.61,72562651,NotImp
8,ZhongmuNo.1,178.89,72630375,NotImp
8,ZhongmuNo.1,178.89,72818813,NotImp
8,ZhongmuNo.1,178.9,73227731,NotImp
8,ZhongmuNo.1,178.9,73227779,NotImp
8,ZhongmuNo.1,178.9,73238239,NotImp
8,ZhongmuNo.1,178.9,73525905,NotImp
8,ZhongmuNo.1,179.05,73543960,NotImp
8,ZhongmuNo.1,179.05,73777361,NotImp
8,ZhongmuNo.1,179.2,74168280,NotImp
8,ZhongmuNo.1,180.11,74380596,NotImp
8,ZhongmuNo.1,180.23,74431648,NotImp
8,ZhongmuNo.1,180.23,74444986,NotImp
8,ZhongmuNo.1,180.23,74643260,NotImp
8,ZhongmuNo.1,180.23,74652837,NotImp
8,ZhongmuNo.1,180.24,74652898,NotImp
8,ZhongmuNo.1,180.24,74818111,NotImp
8,ZhongmuNo.1,180.24,74990666,NotImp
8,ZhongmuNo.1,180.24,76628486,NotImp
8,ZhongmuNo.1,181.88,76883757,NotImp
8,ZhongmuNo.1,181.88,77711696,NotImp
8,ZhongmuNo.1,181.88,78107374,NotImp
8,ZhongmuNo.1,183.3,78477456,NotImp
8,ZhongmuNo.1,183.3,78477462,NotImp
8,ZhongmuNo.1,183.3,78689123,NotImp
8,ZhongmuNo.1,183.31,78786431,NotImp
8,ZhongmuNo.1,183.31,78786525,NotImp
8,ZhongmuNo.1,184.78,78786539,NotImp
8,ZhongmuNo.1,184.78,78792027,NotImp
8,ZhongmuNo.1,185.8,78807378,NotImp
8,ZhongmuNo.1,185.8,78807379,NotImp
8,ZhongmuNo.1,185.8,78808895,NotImp
8,ZhongmuNo.1,185.8,79167220,NotImp
8,ZhongmuNo.1,185.8,79167267,NotImp
8,ZhongmuNo.1,185.8,79167272,NotImp
8,ZhongmuNo.1,186.38,79167334,NotImp
8,ZhongmuNo.1,186.38,79250629,NotImp
8,ZhongmuNo.1,186.38,79250676,NotImp
8,ZhongmuNo.1,188.9,79719076,NotImp
8,ZhongmuNo.1,188.9,80142710,NotImp
8,ZhongmuNo.1,193.65,80202853,NotImp
8,ZhongmuNo.1,193.65,80202876,NotImp
8,ZhongmuNo.1,198.69,80729024,NotImp
8,ZhongmuNo.1,198.69,80729219,NotImp
8,ZhongmuNo.1,198.69,80834918,NotImp
8,ZhongmuNo.1,198.69,80980023,NotImp
8,ZhongmuNo.1,198.69,81057458,NotImp
8,ZhongmuNo.1,198.69,81070006,NotImp
8,ZhongmuNo.1,198.69,81097445,NotImp
8,ZhongmuNo.1,198.69,81154705,NotImp
8,ZhongmuNo.1,198.69,81241109,NotImp
8,ZhongmuNo.1,198.7,81418399,NotImp
8,ZhongmuNo.1,198.7,81472248,NotImp
8,ZhongmuNo.1,198.7,81609148,NotImp
8,ZhongmuNo.1,198.7,81694756,NotImp
8,ZhongmuNo.1,198.7,82631821,NotImp
8,ZhongmuNo.1,199.27,82667586,NotImp
8,ZhongmuNo.1,199.27,82716330,NotImp
8,ZhongmuNo.1,199.42,82834625,NotImp
8,ZhongmuNo.1,199.42,83102302,NotImp
8,ZhongmuNo.1,199.43,83102468,NotImp
8,ZhongmuNo.1,199.43,83417572,NotImp
8,ZhongmuNo.1,199.43,83650386,NotImp
8,ZhongmuNo.1,210.59,84162086,NotImp
8,ZhongmuNo.1,210.59,84162087,NotImp
8,ZhongmuNo.1,210.59,84218142,NotImp
8,ZhongmuNo.1,210.59,84245289,NotImp
8,ZhongmuNo.1,210.59,84254240,NotImp
8,ZhongmuNo.1,210.61,84335715,NotImp
8,ZhongmuNo.1,210.61,84696835,NotImp
8,ZhongmuNo.1,210.61,85206126,NotImp
8,ZhongmuNo.1,210.61,85324512,NotImp
8,ZhongmuNo.1,211.65,85934639,NotImp
8,ZhongmuNo.1,212.61,86081741,NotImp
8,ZhongmuNo.1,213.97,86081780,NotImp
8,ZhongmuNo.1,213.98,86170274,NotImp
8,ZhongmuNo.1,213.98,86170277,NotImp
8,ZhongmuNo.1,213.98,86197866,NotImp
8,ZhongmuNo.1,213.98,86320513,NotImp
8,ZhongmuNo.1,213.98,86477670,NotImp
8,ZhongmuNo.1,218.13,86525041,NotImp
8,ZhongmuNo.1,218.13,86525053,NotImp
8,ZhongmuNo.1,218.13,86525057,NotImp
8,ZhongmuNo.1,218.26,86578200,NotImp
8,ZhongmuNo.1,222.76,87180976,NotImp
8,ZhongmuNo.1,224.29,87182318,NotImp
8,ZhongmuNo.1,224.29,87770652,NotImp
8,ZhongmuNo.1,224.29,87844200,NotImp
8,ZhongmuNo.1,224.29,87914605,NotImp
8,ZhongmuNo.1,225.28,88088996,NotImp
8,ZhongmuNo.1,227.13,88318309,NotImp
8,ZhongmuNo.1,228.29,88323926,NotImp
8,ZhongmuNo.1,231.16,88515464,NotImp
8,ZhongmuNo.1,231.16,88709903,NotImp
8,ZhongmuNo.1,237.8,88911612,NotImp
8,ZhongmuNo.1,237.8,89145090,NotImp
8,ZhongmuNo.1,237.8,89189133,NotImp
8,ZhongmuNo.1,237.81,89239052,NotImp
8,ZhongmuNo.1,237.81,89245870,NotImp
8,ZhongmuNo.1,237.81,89543263,NotImp
8,ZhongmuNo.1,237.81,89705543,NotImp
8,ZhongmuNo.1,237.81,89939511,NotImp
8,ZhongmuNo.1,238.19,89939601,NotImp
8,ZhongmuNo.1,238.19,90343783,NotImp
8,ZhongmuNo.1,238.19,90588115,NotImp
1,XinJiang DaYe,0,1233705,NotImp
1,XinJiang DaYe,0,1310458,NotImp
1,XinJiang DaYe,0,1351687,NotImp
1,XinJiang DaYe,0,1351736,NotImp
1,XinJiang DaYe,0,1361426,NotImp
1,XinJiang DaYe,13.73,1464719,NotImp
1,XinJiang DaYe,15.4,1518878,NotImp
1,XinJiang DaYe,30.09,1545621,NotImp
1,XinJiang DaYe,30.09,1559619,NotImp
1,XinJiang DaYe,30.09,1589302,NotImp
1,XinJiang DaYe,30.09,1792804,NotImp
1,XinJiang DaYe,36.22,1887943,NotImp
1,XinJiang DaYe,36.22,2434093,NotImp
1,XinJiang DaYe,36.22,2912207,NotImp
1,XinJiang DaYe,36.22,3060186,NotImp
1,XinJiang DaYe,36.23,3367983,NotImp
1,XinJiang DaYe,36.23,3367984,NotImp
1,XinJiang DaYe,41.56,3368046,NotImp
1,XinJiang DaYe,41.56,3368074,NotImp
1,XinJiang DaYe,41.57,3368095,NotImp
1,XinJiang DaYe,47.26,3799087,NotImp
1,XinJiang DaYe,47.26,4376004,NotImp
1,XinJiang DaYe,47.27,4407227,NotImp
1,XinJiang DaYe,47.27,4617200,NotImp
1,XinJiang DaYe,47.27,4644077,NotImp
1,XinJiang DaYe,47.27,5284203,NotImp
1,XinJiang DaYe,47.27,5337942,NotImp
1,XinJiang DaYe,47.27,5440573,NotImp
1,XinJiang DaYe,47.27,5620019,NotImp
1,XinJiang DaYe,50.61,5841493,NotImp
1,XinJiang DaYe,50.61,5852387,NotImp
1,XinJiang DaYe,50.61,5930569,NotImp
1,XinJiang DaYe,50.61,5930610,NotImp
1,XinJiang DaYe,51.29,6128251,NotImp
1,XinJiang DaYe,52.57,6139782,NotImp
1,XinJiang DaYe,52.57,6316820,NotImp
1,XinJiang DaYe,52.57,6316964,NotImp
1,XinJiang DaYe,52.57,6581224,NotImp
1,XinJiang DaYe,52.57,6933517,NotImp
1,XinJiang DaYe,52.57,6933519,NotImp
1,XinJiang DaYe,52.96,7746239,NotImp
1,XinJiang DaYe,52.96,7991295,NotImp
1,XinJiang DaYe,52.96,8024045,NotImp
1,XinJiang DaYe,52.96,8172371,NotImp
1,XinJiang DaYe,54.07,8521081,NotImp
1,XinJiang DaYe,55.08,8903345,NotImp
1,XinJiang DaYe,55.08,8926735,NotImp
1,XinJiang DaYe,55.08,8926747,NotImp
1,XinJiang DaYe,55.08,9385136,NotImp
1,XinJiang DaYe,55.08,9446837,NotImp
1,XinJiang DaYe,62.33,9487124,NotImp
1,XinJiang DaYe,62.33,9835220,NotImp
1,XinJiang DaYe,78.26,10047643,NotImp
1,XinJiang DaYe,87.19,10060817,NotImp
1,XinJiang DaYe,87.19,10180726,NotImp
1,XinJiang DaYe,87.19,10325421,NotImp
1,XinJiang DaYe,95.42,10366749,NotImp
1,XinJiang DaYe,95.42,10366787,NotImp
1,XinJiang DaYe,95.42,10366950,NotImp
1,XinJiang DaYe,95.42,10381517,NotImp
1,XinJiang DaYe,95.42,10381549,NotImp
1,XinJiang DaYe,95.42,10742295,NotImp
1,XinJiang DaYe,95.42,11134322,NotImp
1,XinJiang DaYe,95.42,11134469,NotImp
1,XinJiang DaYe,96.24,11141465,NotImp
1,XinJiang DaYe,96.24,11687808,NotImp
1,XinJiang DaYe,96.24,11770853,NotImp
1,XinJiang DaYe,96.24,11938449,NotImp
1,XinJiang DaYe,96.25,12027322,NotImp
1,XinJiang DaYe,96.82,12049502,NotImp
1,XinJiang DaYe,96.82,13174020,NotImp
1,XinJiang DaYe,96.83,13262254,NotImp
1,XinJiang DaYe,96.83,13348775,NotImp
1,XinJiang DaYe,97.41,13348789,NotImp
1,XinJiang DaYe,97.41,14106245,NotImp
1,XinJiang DaYe,98.56,14397326,NotImp
1,XinJiang DaYe,99.72,15408016,NotImp
1,XinJiang DaYe,99.72,15408194,NotImp
1,XinJiang DaYe,99.72,15425256,NotImp
1,XinJiang DaYe,108.79,15439713,NotImp
1,XinJiang DaYe,111.33,15439764,NotImp
1,XinJiang DaYe,119.31,16315170,NotImp
1,XinJiang DaYe,122.97,16320686,NotImp
1,XinJiang DaYe,122.98,16320745,NotImp
1,XinJiang DaYe,122.98,16515274,NotImp
1,XinJiang DaYe,122.98,16526665,NotImp
1,XinJiang DaYe,122.98,16532309,NotImp
1,XinJiang DaYe,123.82,17105900,NotImp
1,XinJiang DaYe,123.82,17321408,NotImp
1,XinJiang DaYe,123.82,17482257,NotImp
1,XinJiang DaYe,123.82,17482367,NotImp
1,XinJiang DaYe,123.83,17482393,NotImp
1,XinJiang DaYe,130.1,18478610,NotImp
1,XinJiang DaYe,130.11,18509984,NotImp
1,XinJiang DaYe,130.11,18510896,NotImp
1,XinJiang DaYe,130.12,19244032,NotImp
1,XinJiang DaYe,130.12,20032078,NotImp
1,XinJiang DaYe,133.87,20032126,NotImp
1,XinJiang DaYe,133.87,20150497,NotImp
1,XinJiang DaYe,133.88,20150595,NotImp
1,XinJiang DaYe,133.88,20151513,NotImp
1,XinJiang DaYe,133.88,20151523,NotImp
1,XinJiang DaYe,135.45,20151685,NotImp
1,XinJiang DaYe,135.45,20963176,NotImp
1,XinJiang DaYe,135.45,20963185,NotImp
1,XinJiang DaYe,141.59,21871996,NotImp
1,XinJiang DaYe,141.59,21872437,NotImp
1,XinJiang DaYe,141.59,22567295,NotImp
1,XinJiang DaYe,149.86,22576152,NotImp
1,XinJiang DaYe,149.86,22576251,NotImp
1,XinJiang DaYe,149.86,23473946,NotImp
1,XinJiang DaYe,151.92,23486256,NotImp
1,XinJiang DaYe,151.92,23486380,NotImp
1,XinJiang DaYe,151.92,23530317,NotImp
1,XinJiang DaYe,151.92,24198852,NotImp
1,XinJiang DaYe,151.92,24400449,NotImp
1,XinJiang DaYe,153.17,25468383,NotImp
1,XinJiang DaYe,153.17,26444780,NotImp
1,XinJiang DaYe,153.17,29331055,NotImp
1,XinJiang DaYe,153.17,29538292,NotImp
1,XinJiang DaYe,153.81,31352658,NotImp
1,XinJiang DaYe,153.82,31352711,NotImp
1,XinJiang DaYe,154.27,32399377,NotImp
1,XinJiang DaYe,154.27,32974953,NotImp
1,XinJiang DaYe,156.59,33166681,NotImp
1,XinJiang DaYe,156.59,34046708,NotImp
1,XinJiang DaYe,156.59,34090120,NotImp
1,XinJiang DaYe,160.2,34650272,NotImp
1,XinJiang DaYe,160.2,34650439,NotImp
1,XinJiang DaYe,160.2,34670390,NotImp
1,XinJiang DaYe,160.33,34722296,NotImp
1,XinJiang DaYe,160.33,34722301,NotImp
1,XinJiang DaYe,160.34,34722458,NotImp
1,XinJiang DaYe,160.34,34744511,NotImp
1,XinJiang DaYe,160.34,34933967,NotImp
1,XinJiang DaYe,161.59,35548884,NotImp
1,XinJiang DaYe,162.83,35553000,NotImp
1,XinJiang DaYe,163.76,35553001,NotImp
1,XinJiang DaYe,163.76,35693621,NotImp
1,XinJiang DaYe,163.76,35693725,NotImp
1,XinJiang DaYe,163.76,35696073,NotImp
1,XinJiang DaYe,163.76,35696118,NotImp
1,XinJiang DaYe,163.76,35843509,NotImp
1,XinJiang DaYe,163.76,35843606,NotImp
1,XinJiang DaYe,165.43,37145153,NotImp
1,XinJiang DaYe,165.43,37315744,NotImp
1,XinJiang DaYe,165.43,37511686,NotImp
1,XinJiang DaYe,166.21,37920944,NotImp
1,XinJiang DaYe,166.22,39923771,NotImp
1,XinJiang DaYe,166.22,39923958,NotImp
1,XinJiang DaYe,166.23,39924239,NotImp
1,XinJiang DaYe,166.23,39924268,NotImp
1,XinJiang DaYe,166.25,40539616,NotImp
1,XinJiang DaYe,166.64,41861167,NotImp
1,XinJiang DaYe,166.64,41995253,NotImp
1,XinJiang DaYe,166.64,41995284,NotImp
1,XinJiang DaYe,166.64,41995289,NotImp
1,XinJiang DaYe,166.64,42030472,NotImp
1,XinJiang DaYe,166.65,42031882,NotImp
1,XinJiang DaYe,166.65,42407200,NotImp
1,XinJiang DaYe,166.65,42574025,NotImp
1,XinJiang DaYe,166.65,42870087,NotImp
1,XinJiang DaYe,166.65,43483672,NotImp
1,XinJiang DaYe,166.65,43483687,NotImp
1,XinJiang DaYe,166.65,43859551,NotImp
1,XinJiang DaYe,166.65,43859562,NotImp
1,XinJiang DaYe,170.38,43859685,NotImp
1,XinJiang DaYe,174.1,43859718,NotImp
1,XinJiang DaYe,174.1,43859756,NotImp
1,XinJiang DaYe,174.1,43925561,NotImp
1,XinJiang DaYe,174.1,45258320,NotImp
1,XinJiang DaYe,174.11,45640744,NotImp
1,XinJiang DaYe,174.11,45640879,NotImp
1,XinJiang DaYe,174.11,45770914,NotImp
1,XinJiang DaYe,174.11,46126762,NotImp
1,XinJiang DaYe,174.11,46130164,NotImp
1,XinJiang DaYe,174.11,46187069,NotImp
1,XinJiang DaYe,174.11,46192817,NotImp
1,XinJiang DaYe,174.11,46229715,NotImp
1,XinJiang DaYe,174.11,46231289,NotImp
1,XinJiang DaYe,174.11,46356814,NotImp
1,XinJiang DaYe,174.12,46406730,NotImp
1,XinJiang DaYe,174.12,46479476,NotImp
1,XinJiang DaYe,175.01,46735452,NotImp
1,XinJiang DaYe,175.01,46764708,NotImp
1,XinJiang DaYe,175.64,46978177,NotImp
1,XinJiang DaYe,175.64,47114917,NotImp
1,XinJiang DaYe,175.64,47114960,NotImp
1,XinJiang DaYe,175.64,47652942,NotImp
1,XinJiang DaYe,175.64,47661786,NotImp
1,XinJiang DaYe,175.64,47769922,NotImp
1,XinJiang DaYe,179.03,47770063,NotImp
1,XinJiang DaYe,179.04,47770074,NotImp
1,XinJiang DaYe,179.04,48249762,NotImp
1,XinJiang DaYe,179.04,48408769,NotImp
1,XinJiang DaYe,179.04,48408834,NotImp
1,XinJiang DaYe,179.36,48578440,NotImp
1,XinJiang DaYe,179.36,48578620,NotImp
1,XinJiang DaYe,181.08,48612348,NotImp
1,XinJiang DaYe,181.09,49042827,NotImp
1,XinJiang DaYe,181.09,49123800,NotImp
1,XinJiang DaYe,181.09,49221504,NotImp
1,XinJiang DaYe,181.09,49221555,NotImp
1,XinJiang DaYe,181.09,49221815,NotImp
1,XinJiang DaYe,181.09,49280985,NotImp
1,XinJiang DaYe,181.88,49545157,NotImp
1,XinJiang DaYe,184.94,50304303,NotImp
1,XinJiang DaYe,184.94,50365848,NotImp
1,XinJiang DaYe,184.94,50439963,NotImp
1,XinJiang DaYe,184.94,50447025,NotImp
1,XinJiang DaYe,184.94,50721527,NotImp
1,XinJiang DaYe,184.94,50721652,NotImp
1,XinJiang DaYe,184.94,50721733,NotImp
1,XinJiang DaYe,184.94,50721867,NotImp
1,XinJiang DaYe,185.24,50812152,NotImp
1,XinJiang DaYe,185.24,50926643,NotImp
1,XinJiang DaYe,185.24,51372409,NotImp
1,XinJiang DaYe,185.24,51372555,NotImp
1,XinJiang DaYe,185.25,51730356,NotImp
1,XinJiang DaYe,185.25,52143997,NotImp
1,XinJiang DaYe,186.04,52339921,NotImp
1,XinJiang DaYe,186.04,52340041,NotImp
1,XinJiang DaYe,186.04,52488573,NotImp
1,XinJiang DaYe,187.14,52649024,NotImp
1,XinJiang DaYe,187.14,52808899,NotImp
1,XinJiang DaYe,187.14,52809056,NotImp
1,XinJiang DaYe,187.56,53576481,NotImp
1,XinJiang DaYe,187.56,53690734,NotImp
1,XinJiang DaYe,187.84,54603741,NotImp
1,XinJiang DaYe,187.84,54695131,NotImp
1,XinJiang DaYe,188.05,54892740,NotImp
1,XinJiang DaYe,188.05,54896822,NotImp
1,XinJiang DaYe,188.05,54929885,NotImp
1,XinJiang DaYe,188.05,54933130,NotImp
1,XinJiang DaYe,188.05,55161291,NotImp
1,XinJiang DaYe,188.05,55161302,NotImp
1,XinJiang DaYe,188.05,55161357,NotImp
1,XinJiang DaYe,188.05,55171625,NotImp
1,XinJiang DaYe,188.05,55197831,NotImp
1,XinJiang DaYe,188.62,55411110,NotImp
1,XinJiang DaYe,188.63,55460707,NotImp
1,XinJiang DaYe,188.63,55558450,NotImp
1,XinJiang DaYe,188.63,55558456,NotImp
1,XinJiang DaYe,188.63,55558686,NotImp
1,XinJiang DaYe,188.63,55650593,NotImp
1,XinJiang DaYe,188.63,55675338,NotImp
1,XinJiang DaYe,189.02,56001882,NotImp
1,XinJiang DaYe,189.02,56001885,NotImp
1,XinJiang DaYe,189.02,56167204,NotImp
1,XinJiang DaYe,189.02,56167259,NotImp
1,XinJiang DaYe,189.51,56259022,NotImp
1,XinJiang DaYe,189.51,57015351,NotImp
1,XinJiang DaYe,189.51,57015543,NotImp
1,XinJiang DaYe,189.51,57015953,NotImp
1,XinJiang DaYe,189.51,57074556,NotImp
1,XinJiang DaYe,189.51,57126690,NotImp
1,XinJiang DaYe,189.51,57126848,NotImp
1,XinJiang DaYe,189.51,57169309,NotImp
1,XinJiang DaYe,189.51,57169494,NotImp
1,XinJiang DaYe,190.59,57825829,NotImp
1,XinJiang DaYe,191.63,58347383,NotImp
1,XinJiang DaYe,191.63,58347474,NotImp
1,XinJiang DaYe,192.25,58596354,NotImp
1,XinJiang DaYe,192.25,58596357,NotImp
1,XinJiang DaYe,192.25,58604161,NotImp
1,XinJiang DaYe,192.25,58833123,NotImp
1,XinJiang DaYe,192.25,58833460,NotImp
1,XinJiang DaYe,192.25,58857502,NotImp
1,XinJiang DaYe,192.25,59370087,NotImp
1,XinJiang DaYe,192.26,59370281,NotImp
1,XinJiang DaYe,192.65,59716383,NotImp
1,XinJiang DaYe,192.65,59824826,NotImp
1,XinJiang DaYe,192.65,59840686,NotImp
1,XinJiang DaYe,192.65,60287001,NotImp
1,XinJiang DaYe,192.65,60382033,NotImp
1,XinJiang DaYe,197.76,60824466,NotImp
1,XinJiang DaYe,198.77,61415309,NotImp
1,XinJiang DaYe,198.77,61415386,NotImp
1,XinJiang DaYe,198.9,62103389,NotImp
1,XinJiang DaYe,200.7,62409574,NotImp
1,XinJiang DaYe,201.85,62487603,NotImp
1,XinJiang DaYe,201.86,62487651,NotImp
1,XinJiang DaYe,202.54,62748278,NotImp
1,XinJiang DaYe,202.54,63368356,NotImp
1,XinJiang DaYe,202.56,64714903,NotImp
1,XinJiang DaYe,203.16,65238378,NotImp
1,XinJiang DaYe,204.08,66667167,NotImp
1,XinJiang DaYe,204.08,67451555,NotImp
1,XinJiang DaYe,205.42,67597526,NotImp
1,XinJiang DaYe,205.42,67624879,NotImp
1,XinJiang DaYe,205.42,67700627,NotImp
1,XinJiang DaYe,206.21,68332533,NotImp
1,XinJiang DaYe,206.21,68332577,NotImp
1,XinJiang DaYe,206.21,68452579,NotImp
1,XinJiang DaYe,206.22,68745874,NotImp
1,XinJiang DaYe,206.22,68745956,NotImp
1,XinJiang DaYe,206.22,68746010,NotImp
1,XinJiang DaYe,206.58,68746011,NotImp
1,XinJiang DaYe,206.58,68746025,NotImp
1,XinJiang DaYe,206.58,69004595,NotImp
1,XinJiang DaYe,207.12,69023862,NotImp
1,XinJiang DaYe,207.59,69023904,NotImp
1,XinJiang DaYe,207.59,69536815,NotImp
1,XinJiang DaYe,207.6,69591336,NotImp
1,XinJiang DaYe,208.17,70038427,NotImp
1,XinJiang DaYe,208.17,70367756,NotImp
1,XinJiang DaYe,208.17,70704254,NotImp
1,XinJiang DaYe,208.57,70794309,NotImp
1,XinJiang DaYe,208.57,70843841,NotImp
1,XinJiang DaYe,208.58,71002010,NotImp
1,XinJiang DaYe,208.58,71153632,NotImp
1,XinJiang DaYe,208.58,71402510,NotImp
1,XinJiang DaYe,208.58,71741396,NotImp
1,XinJiang DaYe,208.58,71809198,NotImp
1,XinJiang DaYe,208.58,71890235,NotImp
1,XinJiang DaYe,208.58,71932978,NotImp
1,XinJiang DaYe,208.58,71948001,NotImp
1,XinJiang DaYe,208.58,71949251,NotImp
1,XinJiang DaYe,208.58,72095220,NotImp
1,XinJiang DaYe,208.59,72274058,NotImp
1,XinJiang DaYe,208.59,72677571,NotImp
1,XinJiang DaYe,208.59,72920215,NotImp
1,XinJiang DaYe,208.79,73372295,NotImp
1,XinJiang DaYe,208.79,73372447,NotImp
1,XinJiang DaYe,208.79,73372456,NotImp
1,XinJiang DaYe,210.02,73580461,NotImp
1,XinJiang DaYe,210.02,73580652,NotImp
1,XinJiang DaYe,210.02,73580653,NotImp
1,XinJiang DaYe,210.34,73797976,NotImp
1,XinJiang DaYe,217.08,74018458,NotImp
1,XinJiang DaYe,217.08,74198906,NotImp
1,XinJiang DaYe,217.08,74288184,NotImp
1,XinJiang DaYe,217.08,74811736,NotImp
1,XinJiang DaYe,217.08,74990849,NotImp
1,XinJiang DaYe,217.7,75566256,NotImp
1,XinJiang DaYe,217.7,76369447,NotImp
1,XinJiang DaYe,217.7,76592663,NotImp
1,XinJiang DaYe,217.91,77055543,NotImp
1,XinJiang DaYe,218.53,77210245,NotImp
1,XinJiang DaYe,218.53,77643576,NotImp
1,XinJiang DaYe,218.53,77681289,NotImp
1,XinJiang DaYe,218.53,77703199,NotImp
1,XinJiang DaYe,219.09,77745839,NotImp
1,XinJiang DaYe,219.09,77745858,NotImp
1,XinJiang DaYe,226.78,77798029,NotImp
1,XinJiang DaYe,228.11,77798210,NotImp
1,XinJiang DaYe,228.11,78018101,NotImp
1,XinJiang DaYe,228.11,78018146,NotImp
1,XinJiang DaYe,228.11,78018149,NotImp
1,XinJiang DaYe,229.63,78020394,NotImp
1,XinJiang DaYe,230.76,78022161,NotImp
1,XinJiang DaYe,235.14,78507547,NotImp
1,XinJiang DaYe,236.49,78595362,NotImp
1,XinJiang DaYe,236.49,78661097,NotImp
1,XinJiang DaYe,236.49,79344483,NotImp
1,XinJiang DaYe,237.48,79867399,NotImp
1,XinJiang DaYe,237.48,79930877,NotImp
1,XinJiang DaYe,237.48,80177130,NotImp
1,XinJiang DaYe,237.48,80388808,NotImp
1,XinJiang DaYe,240.92,80507955,NotImp
1,XinJiang DaYe,240.92,80507996,NotImp
1,XinJiang DaYe,240.92,80507999,NotImp
1,XinJiang DaYe,240.92,80508008,NotImp
1,XinJiang DaYe,240.92,80508011,NotImp
1,XinJiang DaYe,240.92,81300493,NotImp
1,XinJiang DaYe,240.92,81858772,NotImp
1,XinJiang DaYe,246.93,81873111,NotImp
1,XinJiang DaYe,246.93,82049150,NotImp
1,XinJiang DaYe,246.93,82236861,NotImp
2,XinJiang DaYe,0,138341,NotImp
2,XinJiang DaYe,0,145941,NotImp
2,XinJiang DaYe,0,172437,NotImp
2,XinJiang DaYe,24.86,1054215,NotImp
2,XinJiang DaYe,30.1,1123558,NotImp
2,XinJiang DaYe,30.73,1638074,NotImp
2,XinJiang DaYe,30.73,2512407,NotImp
2,XinJiang DaYe,30.73,2604448,NotImp
2,XinJiang DaYe,30.73,2924742,NotImp
2,XinJiang DaYe,37.54,2945927,NotImp
2,XinJiang DaYe,37.54,2945935,NotImp
2,XinJiang DaYe,41.66,3086689,NotImp
2,XinJiang DaYe,41.67,3091504,NotImp
2,XinJiang DaYe,41.67,3277221,NotImp
2,XinJiang DaYe,41.92,3277875,NotImp
2,XinJiang DaYe,44.07,3357294,NotImp
2,XinJiang DaYe,44.07,3422325,NotImp
2,XinJiang DaYe,44.07,3452544,NotImp
2,XinJiang DaYe,44.07,3738751,NotImp
2,XinJiang DaYe,44.48,3876161,NotImp
2,XinJiang DaYe,44.48,3876218,NotImp
2,XinJiang DaYe,44.48,4294602,NotImp
2,XinJiang DaYe,44.48,5079846,NotImp
2,XinJiang DaYe,44.48,5788193,NotImp
2,XinJiang DaYe,45.93,6329982,NotImp
2,XinJiang DaYe,45.93,6375620,NotImp
2,XinJiang DaYe,45.93,6375854,NotImp
2,XinJiang DaYe,45.93,6405358,NotImp
2,XinJiang DaYe,45.93,6405530,NotImp
2,XinJiang DaYe,45.93,7846619,NotImp
2,XinJiang DaYe,48.8,8309358,NotImp
2,XinJiang DaYe,71.88,8329733,NotImp
2,XinJiang DaYe,71.88,8329740,NotImp
2,XinJiang DaYe,86.68,8339491,NotImp
2,XinJiang DaYe,97.95,8445758,NotImp
2,XinJiang DaYe,97.95,8445761,NotImp
2,XinJiang DaYe,97.95,8445948,NotImp
2,XinJiang DaYe,97.96,8577163,NotImp
2,XinJiang DaYe,110,8838413,NotImp
2,XinJiang DaYe,114.04,8839567,NotImp
2,XinJiang DaYe,115.4,8839691,NotImp
2,XinJiang DaYe,115.57,8839701,NotImp
2,XinJiang DaYe,115.57,8875633,NotImp
2,XinJiang DaYe,115.58,8875645,NotImp
2,XinJiang DaYe,116.63,8938977,NotImp
2,XinJiang DaYe,124.85,9076961,NotImp
2,XinJiang DaYe,126.77,9313499,NotImp
2,XinJiang DaYe,126.77,9374260,NotImp
2,XinJiang DaYe,126.77,9741851,NotImp
2,XinJiang DaYe,127.98,9741863,NotImp
2,XinJiang DaYe,127.99,9746469,NotImp
2,XinJiang DaYe,127.99,10204764,NotImp
2,XinJiang DaYe,127.99,10667082,NotImp
2,XinJiang DaYe,128.44,11311126,NotImp
2,XinJiang DaYe,128.44,11311304,NotImp
2,XinJiang DaYe,128.44,12967034,NotImp
2,XinJiang DaYe,132.76,12997110,NotImp
2,XinJiang DaYe,132.76,12997219,NotImp
2,XinJiang DaYe,137.12,14318639,NotImp
2,XinJiang DaYe,139.84,14318857,NotImp
2,XinJiang DaYe,139.84,14322517,NotImp
2,XinJiang DaYe,139.85,14432955,NotImp
2,XinJiang DaYe,139.85,15602792,NotImp
2,XinJiang DaYe,155.56,15603175,NotImp
2,XinJiang DaYe,162.4,15674558,NotImp
2,XinJiang DaYe,162.4,15674559,NotImp
2,XinJiang DaYe,162.4,15674580,NotImp
2,XinJiang DaYe,173.47,15864792,NotImp
2,XinJiang DaYe,187.83,15864852,NotImp
2,XinJiang DaYe,199.31,16297347,NotImp
2,XinJiang DaYe,199.31,16297390,NotImp
2,XinJiang DaYe,199.31,16297522,NotImp
2,XinJiang DaYe,199.31,16544796,NotImp
2,XinJiang DaYe,202.89,16689182,NotImp
2,XinJiang DaYe,210.67,16768400,NotImp
2,XinJiang DaYe,213.64,16795010,NotImp
2,XinJiang DaYe,215.5,16803638,NotImp
2,XinJiang DaYe,216.99,16803699,NotImp
2,XinJiang DaYe,216.99,16892577,NotImp
2,XinJiang DaYe,216.99,17099459,NotImp
2,XinJiang DaYe,217.33,17099513,NotImp
2,XinJiang DaYe,221.33,17307423,NotImp
2,XinJiang DaYe,233.84,17568414,NotImp
2,XinJiang DaYe,233.84,17634297,NotImp
2,XinJiang DaYe,233.84,17634315,NotImp
2,XinJiang DaYe,239.82,17635381,NotImp
2,XinJiang DaYe,239.82,17635383,NotImp
2,XinJiang DaYe,254.56,17635592,NotImp
2,XinJiang DaYe,254.56,17635598,NotImp
2,XinJiang DaYe,254.56,17636901,NotImp
2,XinJiang DaYe,254.56,17660848,NotImp
2,XinJiang DaYe,254.56,17722146,NotImp
2,XinJiang DaYe,254.56,18304164,NotImp
2,XinJiang DaYe,255.93,19214078,NotImp
2,XinJiang DaYe,258.7,22227179,NotImp
2,XinJiang DaYe,258.71,22253421,NotImp
2,XinJiang DaYe,258.71,22253427,NotImp
2,XinJiang DaYe,260.11,22697074,NotImp
2,XinJiang DaYe,260.11,22767153,NotImp
2,XinJiang DaYe,260.11,22768878,NotImp
2,XinJiang DaYe,260.11,23070769,NotImp
2,XinJiang DaYe,260.11,23112557,NotImp
2,XinJiang DaYe,260.11,23112617,NotImp
2,XinJiang DaYe,260.12,23276917,NotImp
2,XinJiang DaYe,260.81,24349134,NotImp
2,XinJiang DaYe,260.81,24349165,NotImp
2,XinJiang DaYe,260.81,24349175,NotImp
2,XinJiang DaYe,260.81,24742564,NotImp
2,XinJiang DaYe,260.97,25247477,NotImp
2,XinJiang DaYe,262.98,25314639,NotImp
2,XinJiang DaYe,262.98,25314837,NotImp
2,XinJiang DaYe,262.98,25346417,NotImp
2,XinJiang DaYe,264.43,26817681,NotImp
2,XinJiang DaYe,264.43,27302817,NotImp
2,XinJiang DaYe,264.43,27302874,NotImp
2,XinJiang DaYe,264.44,27303009,NotImp
2,XinJiang DaYe,264.44,27379174,NotImp
2,XinJiang DaYe,264.44,27379290,NotImp
2,XinJiang DaYe,264.44,27641270,NotImp
2,XinJiang DaYe,264.44,27641398,NotImp
2,XinJiang DaYe,264.44,27641414,NotImp
2,XinJiang DaYe,264.44,27646014,NotImp
2,XinJiang DaYe,265.72,28509672,NotImp
2,XinJiang DaYe,265.72,29012202,NotImp
2,XinJiang DaYe,265.72,29012247,NotImp
2,XinJiang DaYe,266.54,29598384,NotImp
2,XinJiang DaYe,268.18,29598497,NotImp
2,XinJiang DaYe,268.18,29598527,NotImp
2,XinJiang DaYe,268.18,29598555,NotImp
2,XinJiang DaYe,270.12,29603986,NotImp
2,XinJiang DaYe,270.13,30540754,NotImp
2,XinJiang DaYe,270.13,30545125,NotImp
2,XinJiang DaYe,270.19,30545169,NotImp
2,XinJiang DaYe,270.19,31155832,NotImp
2,XinJiang DaYe,270.19,32466359,NotImp
2,XinJiang DaYe,270.19,32751827,NotImp
2,XinJiang DaYe,272.09,33281306,NotImp
2,XinJiang DaYe,272.79,33930207,NotImp
2,XinJiang DaYe,272.79,34005391,NotImp
2,XinJiang DaYe,273.34,34947968,NotImp
2,XinJiang DaYe,273.34,35315041,NotImp
2,XinJiang DaYe,273.34,35315135,NotImp
2,XinJiang DaYe,273.34,35504850,NotImp
2,XinJiang DaYe,273.34,35827440,NotImp
2,XinJiang DaYe,273.34,35827488,NotImp
2,XinJiang DaYe,273.34,36462744,NotImp
2,XinJiang DaYe,273.34,37242249,NotImp
2,XinJiang DaYe,273.34,39955406,NotImp
2,XinJiang DaYe,273.34,39955467,NotImp
2,XinJiang DaYe,273.35,39955475,NotImp
2,XinJiang DaYe,273.35,39955531,NotImp
2,XinJiang DaYe,275.1,40565632,NotImp
2,XinJiang DaYe,275.1,40807074,NotImp
2,XinJiang DaYe,275.1,41088986,NotImp
2,XinJiang DaYe,275.11,41267366,NotImp
2,XinJiang DaYe,275.11,41393261,NotImp
2,XinJiang DaYe,275.11,41854996,NotImp
2,XinJiang DaYe,275.11,41855169,NotImp
2,XinJiang DaYe,275.11,42053932,NotImp
2,XinJiang DaYe,275.11,42079644,NotImp
2,XinJiang DaYe,275.11,42682909,NotImp
2,XinJiang DaYe,275.11,42723742,NotImp
2,XinJiang DaYe,275.25,43283320,NotImp
2,XinJiang DaYe,275.25,43471825,NotImp
2,XinJiang DaYe,275.25,43492121,NotImp
2,XinJiang DaYe,275.25,45366150,NotImp
2,XinJiang DaYe,275.25,45526972,NotImp
2,XinJiang DaYe,276.08,46957047,NotImp
2,XinJiang DaYe,276.91,48414099,NotImp
2,XinJiang DaYe,276.91,48463464,NotImp
2,XinJiang DaYe,276.91,49045584,NotImp
2,XinJiang DaYe,276.91,49121450,NotImp
2,XinJiang DaYe,276.91,49664236,NotImp
2,XinJiang DaYe,276.91,49664412,NotImp
2,XinJiang DaYe,276.91,51264943,NotImp
2,XinJiang DaYe,277.8,52515205,NotImp
2,XinJiang DaYe,280.63,55099316,NotImp
2,XinJiang DaYe,284.34,56243050,NotImp
2,XinJiang DaYe,284.35,56407812,NotImp
2,XinJiang DaYe,284.35,56450012,NotImp
2,XinJiang DaYe,284.35,56497995,NotImp
2,XinJiang DaYe,286.57,56932456,NotImp
2,XinJiang DaYe,289.68,58176749,NotImp
2,XinJiang DaYe,289.68,58463566,NotImp
2,XinJiang DaYe,289.68,58597214,NotImp
2,XinJiang DaYe,290.33,58883004,NotImp
2,XinJiang DaYe,290.65,59886487,NotImp
2,XinJiang DaYe,290.66,60551030,NotImp
2,XinJiang DaYe,290.66,60551376,NotImp
2,XinJiang DaYe,290.66,60641413,NotImp
2,XinJiang DaYe,290.66,60684812,NotImp
2,XinJiang DaYe,290.66,60684967,NotImp
2,XinJiang DaYe,290.66,60685326,NotImp
2,XinJiang DaYe,304.72,60770882,NotImp
2,XinJiang DaYe,304.72,60885626,NotImp
2,XinJiang DaYe,304.73,60885643,NotImp
2,XinJiang DaYe,304.73,60885664,NotImp
2,XinJiang DaYe,304.73,60885675,NotImp
2,XinJiang DaYe,304.73,60916423,NotImp
2,XinJiang DaYe,304.73,60917384,NotImp
2,XinJiang DaYe,309.67,60982595,NotImp
2,XinJiang DaYe,309.68,61028373,NotImp
2,XinJiang DaYe,309.72,61067879,NotImp
2,XinJiang DaYe,309.72,61067929,NotImp
2,XinJiang DaYe,309.72,61068109,NotImp
2,XinJiang DaYe,309.88,61068125,NotImp
2,XinJiang DaYe,309.88,61411131,NotImp
2,XinJiang DaYe,309.88,61411338,NotImp
2,XinJiang DaYe,310.25,61805474,NotImp
2,XinJiang DaYe,310.25,61815134,NotImp
2,XinJiang DaYe,310.26,61815137,NotImp
2,XinJiang DaYe,310.26,61815230,NotImp
2,XinJiang DaYe,310.26,61815313,NotImp
2,XinJiang DaYe,310.26,61815354,NotImp
2,XinJiang DaYe,311.45,61961041,NotImp
2,XinJiang DaYe,311.45,61961091,NotImp
2,XinJiang DaYe,313.04,61977835,NotImp
2,XinJiang DaYe,313.04,62112172,NotImp
2,XinJiang DaYe,313.04,62276477,NotImp
2,XinJiang DaYe,313.04,62276928,NotImp
2,XinJiang DaYe,313.04,62276987,NotImp
2,XinJiang DaYe,313.04,62285442,NotImp
2,XinJiang DaYe,313.05,62414479,NotImp
2,XinJiang DaYe,313.92,62414684,NotImp
2,XinJiang DaYe,314.11,62548962,NotImp
2,XinJiang DaYe,314.11,62569533,NotImp
2,XinJiang DaYe,314.11,62769284,NotImp
2,XinJiang DaYe,314.11,62769463,NotImp
2,XinJiang DaYe,314.11,62769464,NotImp
2,XinJiang DaYe,314.11,62827620,NotImp
2,XinJiang DaYe,314.11,62962107,NotImp
2,XinJiang DaYe,314.11,63010567,NotImp
2,XinJiang DaYe,314.12,63080674,NotImp
2,XinJiang DaYe,314.57,63254046,NotImp
2,XinJiang DaYe,314.57,63254274,NotImp
2,XinJiang DaYe,314.57,63254310,NotImp
2,XinJiang DaYe,314.57,63254339,NotImp
2,XinJiang DaYe,314.57,63401022,NotImp
2,XinJiang DaYe,314.57,63401234,NotImp
2,XinJiang DaYe,314.57,63401243,NotImp
2,XinJiang DaYe,314.58,63516866,NotImp
2,XinJiang DaYe,314.58,63524235,NotImp
2,XinJiang DaYe,314.58,63524425,NotImp
2,XinJiang DaYe,314.58,63681209,NotImp
2,XinJiang DaYe,314.58,63778855,NotImp
2,XinJiang DaYe,314.58,63953469,NotImp
2,XinJiang DaYe,314.97,63981662,NotImp
2,XinJiang DaYe,314.97,63990290,NotImp
2,XinJiang DaYe,314.97,64015635,NotImp
2,XinJiang DaYe,314.98,64156533,NotImp
2,XinJiang DaYe,314.98,64156604,NotImp
2,XinJiang DaYe,314.98,64266116,NotImp
2,XinJiang DaYe,315.33,64604341,NotImp
2,XinJiang DaYe,315.33,64658073,NotImp
2,XinJiang DaYe,315.33,64728678,NotImp
2,XinJiang DaYe,315.33,64728685,NotImp
2,XinJiang DaYe,315.33,64728874,NotImp
2,XinJiang DaYe,315.33,64967709,NotImp
2,XinJiang DaYe,315.34,65444030,NotImp
2,XinJiang DaYe,315.71,65465582,NotImp
2,XinJiang DaYe,315.71,65480272,NotImp
2,XinJiang DaYe,315.71,65486281,NotImp
2,XinJiang DaYe,315.71,65486308,NotImp
2,XinJiang DaYe,315.71,65486345,NotImp
2,XinJiang DaYe,315.71,66309951,NotImp
2,XinJiang DaYe,315.71,66424527,NotImp
2,XinJiang DaYe,315.71,66552116,NotImp
2,XinJiang DaYe,316.02,66552153,NotImp
2,XinJiang DaYe,316.44,66672971,NotImp
2,XinJiang DaYe,316.44,66734345,NotImp
2,XinJiang DaYe,316.44,66764909,NotImp
2,XinJiang DaYe,316.44,66801265,NotImp
2,XinJiang DaYe,316.44,66802352,NotImp
2,XinJiang DaYe,316.45,67016575,NotImp
2,XinJiang DaYe,316.73,67020583,NotImp
2,XinJiang DaYe,316.95,67055790,NotImp
2,XinJiang DaYe,316.95,67088105,NotImp
2,XinJiang DaYe,316.95,67298871,NotImp
2,XinJiang DaYe,316.95,67299029,NotImp
2,XinJiang DaYe,316.95,67300318,NotImp
2,XinJiang DaYe,317.83,67412522,NotImp
2,XinJiang DaYe,317.83,67795710,NotImp
2,XinJiang DaYe,317.83,67956628,NotImp
2,XinJiang DaYe,317.83,67956737,NotImp
2,XinJiang DaYe,317.83,67989495,NotImp
2,XinJiang DaYe,317.83,67989511,NotImp
2,XinJiang DaYe,317.83,68004446,NotImp
2,XinJiang DaYe,317.83,68004600,NotImp
2,XinJiang DaYe,317.84,68004720,NotImp
2,XinJiang DaYe,317.84,68046472,NotImp
2,XinJiang DaYe,317.84,68046580,NotImp
2,XinJiang DaYe,317.84,68178680,NotImp
2,XinJiang DaYe,317.84,68353472,NotImp
2,XinJiang DaYe,317.84,68369817,NotImp
2,XinJiang DaYe,317.84,68748153,NotImp
2,XinJiang DaYe,317.84,68748321,NotImp
2,XinJiang DaYe,320.35,68748411,NotImp
2,XinJiang DaYe,320.35,69006278,NotImp
2,XinJiang DaYe,323.41,69059629,NotImp
2,XinJiang DaYe,323.41,69640958,NotImp
2,XinJiang DaYe,323.41,70132140,NotImp
2,XinJiang DaYe,323.41,70132186,NotImp
2,XinJiang DaYe,323.41,70132194,NotImp
2,XinJiang DaYe,323.41,70132740,NotImp
2,XinJiang DaYe,323.41,70212112,NotImp
2,XinJiang DaYe,323.41,70427072,NotImp
2,XinJiang DaYe,323.41,70427135,NotImp
2,XinJiang DaYe,323.42,70737108,NotImp
2,XinJiang DaYe,323.42,70758391,NotImp
2,XinJiang DaYe,323.42,71363859,NotImp
2,XinJiang DaYe,323.42,71555741,NotImp
2,XinJiang DaYe,323.98,72007999,NotImp
2,XinJiang DaYe,323.98,72280563,NotImp
2,XinJiang DaYe,323.98,73220010,NotImp
2,XinJiang DaYe,330.09,73220051,NotImp
2,XinJiang DaYe,330.09,73241966,NotImp
2,XinJiang DaYe,330.09,73244262,NotImp
2,XinJiang DaYe,330.09,73298190,NotImp
2,XinJiang DaYe,330.09,73298367,NotImp
2,XinJiang DaYe,330.09,73300618,NotImp
2,XinJiang DaYe,330.1,73300650,NotImp
2,XinJiang DaYe,330.1,73300788,NotImp
2,XinJiang DaYe,330.34,73341825,NotImp
2,XinJiang DaYe,330.87,73341860,NotImp
2,XinJiang DaYe,330.87,73341862,NotImp
2,XinJiang DaYe,330.87,73341864,NotImp
2,XinJiang DaYe,330.88,73341868,NotImp
2,XinJiang DaYe,330.88,73341913,NotImp
2,XinJiang DaYe,330.88,73346739,NotImp
2,XinJiang DaYe,338.62,73488908,NotImp
2,XinJiang DaYe,338.62,73489174,NotImp
2,XinJiang DaYe,338.63,73504710,NotImp
2,XinJiang DaYe,344.03,73667653,NotImp
2,XinJiang DaYe,344.04,73682920,NotImp
2,XinJiang DaYe,344.07,73701899,NotImp
2,XinJiang DaYe,344.08,73722661,NotImp
2,XinJiang DaYe,344.08,73944968,NotImp
2,XinJiang DaYe,344.08,74249250,NotImp
2,XinJiang DaYe,344.08,74331362,NotImp
2,XinJiang DaYe,344.08,74367388,NotImp
2,XinJiang DaYe,344.4,74485676,NotImp
2,XinJiang DaYe,344.42,74502852,NotImp
2,XinJiang DaYe,344.42,74605184,NotImp
2,XinJiang DaYe,344.42,74846548,NotImp
2,XinJiang DaYe,344.42,75045510,NotImp
2,XinJiang DaYe,344.42,75048251,NotImp
2,XinJiang DaYe,344.42,75182707,NotImp
2,XinJiang DaYe,344.42,75327501,NotImp
2,XinJiang DaYe,344.43,75590950,NotImp
2,XinJiang DaYe,344.43,75796335,NotImp
2,XinJiang DaYe,344.43,75954495,NotImp
3,XinJiang DaYe,0,551089,NotImp
3,XinJiang DaYe,14.9,758056,NotImp
3,XinJiang DaYe,14.9,758827,NotImp
3,XinJiang DaYe,14.9,897021,NotImp
3,XinJiang DaYe,14.91,1102497,NotImp
3,XinJiang DaYe,18.33,1102498,NotImp
3,XinJiang DaYe,18.33,1541940,NotImp
3,XinJiang DaYe,18.33,2195330,NotImp
3,XinJiang DaYe,18.33,2220286,NotImp
3,XinJiang DaYe,18.33,2223875,NotImp
3,XinJiang DaYe,18.33,3257653,NotImp
3,XinJiang DaYe,18.34,3477650,NotImp
3,XinJiang DaYe,18.34,3477665,NotImp
3,XinJiang DaYe,18.34,3631861,NotImp
3,XinJiang DaYe,18.34,3750184,NotImp
3,XinJiang DaYe,18.34,3762567,NotImp
3,XinJiang DaYe,19.15,3828038,NotImp
3,XinJiang DaYe,19.15,3889251,NotImp
3,XinJiang DaYe,19.15,3999351,NotImp
3,XinJiang DaYe,19.57,4526343,NotImp
3,XinJiang DaYe,19.57,4703328,NotImp
3,XinJiang DaYe,19.58,5247849,NotImp
3,XinJiang DaYe,19.58,5483648,NotImp
3,XinJiang DaYe,19.58,5483895,NotImp
3,XinJiang DaYe,19.58,6626214,NotImp
3,XinJiang DaYe,19.58,6832230,NotImp
3,XinJiang DaYe,19.86,7874875,NotImp
3,XinJiang DaYe,19.87,7936077,NotImp
3,XinJiang DaYe,19.87,7936102,NotImp
3,XinJiang DaYe,19.87,8104816,NotImp
3,XinJiang DaYe,19.87,8519955,NotImp
3,XinJiang DaYe,20.16,8706721,NotImp
3,XinJiang DaYe,20.95,9090880,NotImp
3,XinJiang DaYe,20.95,9092971,NotImp
3,XinJiang DaYe,20.95,9427562,NotImp
3,XinJiang DaYe,20.95,9457291,NotImp
3,XinJiang DaYe,20.95,9752482,NotImp
3,XinJiang DaYe,21.69,10670248,NotImp
3,XinJiang DaYe,21.69,10674360,NotImp
3,XinJiang DaYe,22.39,11192450,NotImp
3,XinJiang DaYe,23.97,11281537,NotImp
3,XinJiang DaYe,23.97,11303062,NotImp
3,XinJiang DaYe,23.97,11577849,NotImp
3,XinJiang DaYe,29.93,11636576,NotImp
3,XinJiang DaYe,31.73,12120923,NotImp
3,XinJiang DaYe,31.73,12237081,NotImp
3,XinJiang DaYe,31.73,12391098,NotImp
3,XinJiang DaYe,31.73,12402316,NotImp
3,XinJiang DaYe,31.73,12402323,NotImp
3,XinJiang DaYe,31.74,12402343,NotImp
3,XinJiang DaYe,31.74,12402354,NotImp
3,XinJiang DaYe,31.74,12402355,NotImp
3,XinJiang DaYe,31.93,12812107,NotImp
3,XinJiang DaYe,31.93,12812121,NotImp
3,XinJiang DaYe,31.93,13612832,NotImp
3,XinJiang DaYe,39.87,14043490,NotImp
3,XinJiang DaYe,39.89,14338143,NotImp
3,XinJiang DaYe,39.89,15498805,NotImp
3,XinJiang DaYe,39.89,15503570,NotImp
3,XinJiang DaYe,39.89,15503908,NotImp
3,XinJiang DaYe,39.89,17032320,NotImp
3,XinJiang DaYe,39.9,17032375,NotImp
3,XinJiang DaYe,39.9,17212435,NotImp
3,XinJiang DaYe,40.38,18213403,NotImp
3,XinJiang DaYe,41.13,19431481,NotImp
3,XinJiang DaYe,41.13,19573958,NotImp
3,XinJiang DaYe,41.14,19591822,NotImp
3,XinJiang DaYe,41.14,19591858,NotImp
3,XinJiang DaYe,41.14,19605746,NotImp
3,XinJiang DaYe,41.14,20326902,NotImp
3,XinJiang DaYe,42.59,20824726,NotImp
3,XinJiang DaYe,46.24,20824755,NotImp
3,XinJiang DaYe,46.24,20824998,NotImp
3,XinJiang DaYe,46.24,23948068,NotImp
3,XinJiang DaYe,46.24,23948386,NotImp
3,XinJiang DaYe,47.48,25082836,NotImp
3,XinJiang DaYe,47.48,25084502,NotImp
3,XinJiang DaYe,48.49,26912162,NotImp
3,XinJiang DaYe,55.04,29851246,NotImp
3,XinJiang DaYe,55.05,30806985,NotImp
3,XinJiang DaYe,55.05,31131716,NotImp
3,XinJiang DaYe,55.05,31542006,NotImp
3,XinJiang DaYe,55.05,31553772,NotImp
3,XinJiang DaYe,55.05,31594894,NotImp
3,XinJiang DaYe,55.05,31595082,NotImp
3,XinJiang DaYe,55.05,31595127,NotImp
3,XinJiang DaYe,55.05,32455810,NotImp
3,XinJiang DaYe,55.05,32455953,NotImp
3,XinJiang DaYe,55.05,32455974,NotImp
3,XinJiang DaYe,55.06,32456033,NotImp
3,XinJiang DaYe,55.64,33082084,NotImp
3,XinJiang DaYe,56.21,33864969,NotImp
3,XinJiang DaYe,56.21,33865138,NotImp
3,XinJiang DaYe,57.09,35458404,NotImp
3,XinJiang DaYe,57.1,35458476,NotImp
3,XinJiang DaYe,57.1,35458652,NotImp
3,XinJiang DaYe,57.1,35458668,NotImp
3,XinJiang DaYe,57.3,35595558,NotImp
3,XinJiang DaYe,57.3,35595837,NotImp
3,XinJiang DaYe,57.3,35595843,NotImp
3,XinJiang DaYe,57.3,35981369,NotImp
3,XinJiang DaYe,57.3,36452517,NotImp
3,XinJiang DaYe,57.3,36512542,NotImp
3,XinJiang DaYe,57.31,36766281,NotImp
3,XinJiang DaYe,57.6,36817041,NotImp
3,XinJiang DaYe,57.93,36908340,NotImp
3,XinJiang DaYe,59.33,37277427,NotImp
3,XinJiang DaYe,59.33,37277428,NotImp
3,XinJiang DaYe,59.33,37277444,NotImp
3,XinJiang DaYe,59.33,37277484,NotImp
3,XinJiang DaYe,59.33,37298022,NotImp
3,XinJiang DaYe,60.26,38652029,NotImp
3,XinJiang DaYe,60.26,38655418,NotImp
3,XinJiang DaYe,60.26,38656737,NotImp
3,XinJiang DaYe,60.26,38656904,NotImp
3,XinJiang DaYe,60.26,40812774,NotImp
3,XinJiang DaYe,75.07,41121616,NotImp
3,XinJiang DaYe,94.38,41121627,NotImp
3,XinJiang DaYe,98.35,41447414,NotImp
3,XinJiang DaYe,98.35,41449793,NotImp
3,XinJiang DaYe,98.35,41618498,NotImp
3,XinJiang DaYe,98.35,42326120,NotImp
3,XinJiang DaYe,98.35,42428549,NotImp
3,XinJiang DaYe,99.92,42428630,NotImp
3,XinJiang DaYe,99.92,43773655,NotImp
3,XinJiang DaYe,100.75,44713453,NotImp
3,XinJiang DaYe,101.44,45018879,NotImp
3,XinJiang DaYe,102.38,45033973,NotImp
3,XinJiang DaYe,102.39,45034176,NotImp
3,XinJiang DaYe,119.22,45059528,NotImp
3,XinJiang DaYe,119.23,45059704,NotImp
3,XinJiang DaYe,119.23,46001802,NotImp
3,XinJiang DaYe,121.38,46073278,NotImp
3,XinJiang DaYe,122.7,46078155,NotImp
3,XinJiang DaYe,122.71,46078327,NotImp
3,XinJiang DaYe,122.71,46079320,NotImp
3,XinJiang DaYe,122.71,46079330,NotImp
3,XinJiang DaYe,122.71,46119258,NotImp
3,XinJiang DaYe,122.71,46154147,NotImp
3,XinJiang DaYe,122.71,46225092,NotImp
3,XinJiang DaYe,122.71,46328386,NotImp
3,XinJiang DaYe,127.84,46932953,NotImp
3,XinJiang DaYe,131.22,47049276,NotImp
3,XinJiang DaYe,131.22,47049301,NotImp
3,XinJiang DaYe,139.68,47250414,NotImp
3,XinJiang DaYe,139.68,47250507,NotImp
3,XinJiang DaYe,146.38,47250511,NotImp
3,XinJiang DaYe,146.38,47250529,NotImp
3,XinJiang DaYe,153.97,48231163,NotImp
3,XinJiang DaYe,155.67,49446498,NotImp
3,XinJiang DaYe,155.68,49483176,NotImp
3,XinJiang DaYe,155.68,49483254,NotImp
3,XinJiang DaYe,156.14,50432635,NotImp
3,XinJiang DaYe,156.14,51565322,NotImp
3,XinJiang DaYe,159.08,51575189,NotImp
3,XinJiang DaYe,159.09,52151891,NotImp
3,XinJiang DaYe,159.09,52284653,NotImp
3,XinJiang DaYe,164.87,52284673,NotImp
3,XinJiang DaYe,164.87,52284698,NotImp
3,XinJiang DaYe,164.87,52403228,NotImp
3,XinJiang DaYe,164.87,52403252,NotImp
3,XinJiang DaYe,170.9,52626895,NotImp
3,XinJiang DaYe,170.9,52779099,NotImp
3,XinJiang DaYe,178.57,53051750,NotImp
3,XinJiang DaYe,178.57,53407980,NotImp
3,XinJiang DaYe,178.57,53410636,NotImp
3,XinJiang DaYe,178.57,53410680,NotImp
3,XinJiang DaYe,194.5,53484866,NotImp
3,XinJiang DaYe,194.5,53492166,NotImp
3,XinJiang DaYe,194.5,53525998,NotImp
3,XinJiang DaYe,200.45,53526195,NotImp
3,XinJiang DaYe,201,53553516,NotImp
3,XinJiang DaYe,201,53608044,NotImp
3,XinJiang DaYe,201,53637303,NotImp
3,XinJiang DaYe,201,53687885,NotImp
3,XinJiang DaYe,201,53687915,NotImp
3,XinJiang DaYe,201,53871151,NotImp
3,XinJiang DaYe,201,54075699,NotImp
3,XinJiang DaYe,201,54633493,NotImp
3,XinJiang DaYe,201,54668536,NotImp
3,XinJiang DaYe,225.21,54668577,NotImp
3,XinJiang DaYe,225.21,54678726,NotImp
3,XinJiang DaYe,225.21,54750917,NotImp
3,XinJiang DaYe,226.43,55662534,NotImp
3,XinJiang DaYe,226.43,55783514,NotImp
3,XinJiang DaYe,236.62,55871786,NotImp
3,XinJiang DaYe,236.88,56074660,NotImp
3,XinJiang DaYe,236.89,56094529,NotImp
3,XinJiang DaYe,237.92,56351619,NotImp
3,XinJiang DaYe,240.5,56351760,NotImp
3,XinJiang DaYe,242.85,56351874,NotImp
3,XinJiang DaYe,243.21,56352054,NotImp
3,XinJiang DaYe,243.21,56567471,NotImp
3,XinJiang DaYe,254.31,56595523,NotImp
3,XinJiang DaYe,254.31,56626769,NotImp
3,XinJiang DaYe,254.31,56626791,NotImp
3,XinJiang DaYe,262.48,57098951,NotImp
3,XinJiang DaYe,262.48,57165704,NotImp
3,XinJiang DaYe,262.48,57661383,NotImp
3,XinJiang DaYe,262.48,57661480,NotImp
3,XinJiang DaYe,262.48,57987230,NotImp
3,XinJiang DaYe,262.48,57987316,NotImp
3,XinJiang DaYe,262.48,58313952,NotImp
3,XinJiang DaYe,262.48,58428696,NotImp
3,XinJiang DaYe,262.48,58452488,NotImp
3,XinJiang DaYe,262.63,58679995,NotImp
3,XinJiang DaYe,266,58692604,NotImp
3,XinJiang DaYe,268.28,59157701,NotImp
3,XinJiang DaYe,268.28,59157710,NotImp
3,XinJiang DaYe,276.3,59157863,NotImp
3,XinJiang DaYe,276.3,59186391,NotImp
3,XinJiang DaYe,276.3,59494058,NotImp
3,XinJiang DaYe,276.3,59494072,NotImp
3,XinJiang DaYe,276.3,59494083,NotImp
3,XinJiang DaYe,276.3,59593971,NotImp
3,XinJiang DaYe,276.31,59594262,NotImp
3,XinJiang DaYe,276.31,59755637,NotImp
3,XinJiang DaYe,277.32,59887478,NotImp
3,XinJiang DaYe,277.38,60343351,NotImp
3,XinJiang DaYe,277.38,60774972,NotImp
3,XinJiang DaYe,277.38,60774976,NotImp
3,XinJiang DaYe,277.38,60775173,NotImp
3,XinJiang DaYe,277.38,61081032,NotImp
3,XinJiang DaYe,277.39,61340647,NotImp
3,XinJiang DaYe,277.39,61451818,NotImp
3,XinJiang DaYe,277.39,61467673,NotImp
3,XinJiang DaYe,277.39,61467698,NotImp
3,XinJiang DaYe,277.39,61471383,NotImp
3,XinJiang DaYe,277.39,61560050,NotImp
3,XinJiang DaYe,278.07,61664493,NotImp
3,XinJiang DaYe,278.08,61767903,NotImp
3,XinJiang DaYe,278.77,63034856,NotImp
3,XinJiang DaYe,278.77,63034881,NotImp
3,XinJiang DaYe,278.77,63035089,NotImp
3,XinJiang DaYe,278.77,63498546,NotImp
3,XinJiang DaYe,278.77,63535805,NotImp
3,XinJiang DaYe,278.77,63553603,NotImp
3,XinJiang DaYe,278.77,63672100,NotImp
3,XinJiang DaYe,278.77,64023615,NotImp
3,XinJiang DaYe,278.78,64023644,NotImp
3,XinJiang DaYe,278.78,64065370,NotImp
3,XinJiang DaYe,278.78,64065526,NotImp
3,XinJiang DaYe,278.78,64203748,NotImp
3,XinJiang DaYe,278.78,64203812,NotImp
3,XinJiang DaYe,278.78,64336154,NotImp
3,XinJiang DaYe,278.78,64336334,NotImp
3,XinJiang DaYe,279.8,64685363,NotImp
3,XinJiang DaYe,283.73,65544143,NotImp
3,XinJiang DaYe,283.78,65544257,NotImp
3,XinJiang DaYe,283.78,65544278,NotImp
3,XinJiang DaYe,283.78,65544280,NotImp
3,XinJiang DaYe,283.87,65818858,NotImp
3,XinJiang DaYe,283.87,66368639,NotImp
3,XinJiang DaYe,283.87,66406540,NotImp
3,XinJiang DaYe,283.87,67003620,NotImp
3,XinJiang DaYe,283.87,67010973,NotImp
3,XinJiang DaYe,283.87,67242117,NotImp
3,XinJiang DaYe,283.87,68038442,NotImp
3,XinJiang DaYe,286.45,68233898,NotImp
3,XinJiang DaYe,286.45,68234010,NotImp
3,XinJiang DaYe,286.45,68234015,NotImp
3,XinJiang DaYe,287.41,68303684,NotImp
3,XinJiang DaYe,287.41,68367632,NotImp
3,XinJiang DaYe,287.41,68656044,NotImp
3,XinJiang DaYe,287.41,68656095,NotImp
3,XinJiang DaYe,287.41,68680617,NotImp
3,XinJiang DaYe,287.41,68680742,NotImp
3,XinJiang DaYe,287.41,68687628,NotImp
3,XinJiang DaYe,287.41,68687676,NotImp
3,XinJiang DaYe,287.41,68701549,NotImp
3,XinJiang DaYe,287.41,68701566,NotImp
3,XinJiang DaYe,287.42,68701575,NotImp
3,XinJiang DaYe,287.42,69034357,NotImp
3,XinJiang DaYe,287.42,69232575,NotImp
3,XinJiang DaYe,288.66,69238052,NotImp
3,XinJiang DaYe,293.36,70350515,NotImp
3,XinJiang DaYe,293.36,70586633,NotImp
3,XinJiang DaYe,293.36,70975390,NotImp
3,XinJiang DaYe,293.65,71237557,NotImp
3,XinJiang DaYe,293.66,72176995,NotImp
3,XinJiang DaYe,293.66,72221489,NotImp
3,XinJiang DaYe,293.66,72250238,NotImp
3,XinJiang DaYe,293.66,72365290,NotImp
3,XinJiang DaYe,293.66,72479849,NotImp
3,XinJiang DaYe,294.17,72485873,NotImp
3,XinJiang DaYe,294.17,72502612,NotImp
3,XinJiang DaYe,294.17,72502648,NotImp
3,XinJiang DaYe,294.17,72502794,NotImp
3,XinJiang DaYe,294.17,72509108,NotImp
3,XinJiang DaYe,294.17,72662795,NotImp
3,XinJiang DaYe,294.17,72938323,NotImp
3,XinJiang DaYe,294.18,73196978,NotImp
3,XinJiang DaYe,294.18,73292798,NotImp
3,XinJiang DaYe,295.18,73655626,NotImp
3,XinJiang DaYe,295.18,73655756,NotImp
3,XinJiang DaYe,295.18,73666143,NotImp
3,XinJiang DaYe,295.71,73859515,NotImp
3,XinJiang DaYe,295.71,74086723,NotImp
3,XinJiang DaYe,295.71,74086830,NotImp
3,XinJiang DaYe,295.71,74095542,NotImp
3,XinJiang DaYe,295.71,74902696,NotImp
3,XinJiang DaYe,295.71,74912203,NotImp
3,XinJiang DaYe,295.71,75434735,NotImp
3,XinJiang DaYe,295.72,75434924,NotImp
3,XinJiang DaYe,295.72,75603168,NotImp
3,XinJiang DaYe,295.72,75695162,NotImp
3,XinJiang DaYe,295.72,75984493,NotImp
3,XinJiang DaYe,295.94,76967544,NotImp
3,XinJiang DaYe,295.94,76967573,NotImp
3,XinJiang DaYe,295.94,77121942,NotImp
3,XinJiang DaYe,295.94,77121975,NotImp
3,XinJiang DaYe,295.94,77241885,NotImp
3,XinJiang DaYe,295.94,77403371,NotImp
3,XinJiang DaYe,295.94,77446893,NotImp
3,XinJiang DaYe,295.94,77748898,NotImp
3,XinJiang DaYe,295.95,77804546,NotImp
3,XinJiang DaYe,295.95,77808669,NotImp
3,XinJiang DaYe,295.95,77808891,NotImp
3,XinJiang DaYe,295.95,77812080,NotImp
3,XinJiang DaYe,295.95,77812240,NotImp
3,XinJiang DaYe,295.95,78174385,NotImp
3,XinJiang DaYe,295.95,78174494,NotImp
3,XinJiang DaYe,295.95,78174559,NotImp
3,XinJiang DaYe,295.96,78521327,NotImp
3,XinJiang DaYe,295.96,78523006,NotImp
3,XinJiang DaYe,296.2,78537990,NotImp
3,XinJiang DaYe,296.2,78888852,NotImp
3,XinJiang DaYe,296.2,79005151,NotImp
3,XinJiang DaYe,302.74,79701611,NotImp
3,XinJiang DaYe,302.74,79958759,NotImp
3,XinJiang DaYe,302.75,79960824,NotImp
3,XinJiang DaYe,302.75,79960872,NotImp
3,XinJiang DaYe,302.75,79960954,NotImp
3,XinJiang DaYe,302.75,79969889,NotImp
3,XinJiang DaYe,302.75,79969977,NotImp
3,XinJiang DaYe,302.75,79970018,NotImp
3,XinJiang DaYe,302.75,80101206,NotImp
3,XinJiang DaYe,302.75,80191282,NotImp
3,XinJiang DaYe,304.38,80225770,NotImp
3,XinJiang DaYe,304.38,80381191,NotImp
3,XinJiang DaYe,304.38,80381286,NotImp
3,XinJiang DaYe,304.38,80588980,NotImp
3,XinJiang DaYe,305.41,80589036,NotImp
3,XinJiang DaYe,305.41,80589077,NotImp
3,XinJiang DaYe,305.64,80896243,NotImp
3,XinJiang DaYe,305.65,80980340,NotImp
3,XinJiang DaYe,305.65,81041715,NotImp
3,XinJiang DaYe,305.65,81353726,NotImp
3,XinJiang DaYe,305.65,81469869,NotImp
3,XinJiang DaYe,305.65,81521920,NotImp
3,XinJiang DaYe,305.65,81521924,NotImp
3,XinJiang DaYe,305.65,81852568,NotImp
3,XinJiang DaYe,305.65,81862241,NotImp
3,XinJiang DaYe,305.65,81862808,NotImp
3,XinJiang DaYe,305.65,82228225,NotImp
3,XinJiang DaYe,305.66,82432040,NotImp
3,XinJiang DaYe,305.66,82546779,NotImp
3,XinJiang DaYe,305.66,82837790,NotImp
3,XinJiang DaYe,305.66,82837868,NotImp
3,XinJiang DaYe,305.66,82837908,NotImp
3,XinJiang DaYe,305.66,82841556,NotImp
3,XinJiang DaYe,306.27,82871566,NotImp
3,XinJiang DaYe,306.27,83221918,NotImp
3,XinJiang DaYe,306.28,83281865,NotImp
3,XinJiang DaYe,306.28,83281907,NotImp
3,XinJiang DaYe,306.28,83301073,NotImp
3,XinJiang DaYe,306.56,84528568,NotImp
3,XinJiang DaYe,306.56,84606332,NotImp
3,XinJiang DaYe,308.2,86646659,NotImp
3,XinJiang DaYe,308.37,86917803,NotImp
3,XinJiang DaYe,309.07,87106902,NotImp
3,XinJiang DaYe,309.07,87106929,NotImp
3,XinJiang DaYe,309.08,87123320,NotImp
3,XinJiang DaYe,309.08,87151919,NotImp
3,XinJiang DaYe,309.08,87153246,NotImp
3,XinJiang DaYe,309.08,87775920,NotImp
3,XinJiang DaYe,309.08,87781755,NotImp
3,XinJiang DaYe,309.08,87938487,NotImp
3,XinJiang DaYe,309.08,87938557,NotImp
3,XinJiang DaYe,309.12,88333196,NotImp
3,XinJiang DaYe,309.12,88357974,NotImp
3,XinJiang DaYe,319.5,88449368,NotImp
3,XinJiang DaYe,319.5,88449369,NotImp
3,XinJiang DaYe,328.25,88739711,NotImp
3,XinJiang DaYe,328.3,89171315,NotImp
3,XinJiang DaYe,328.3,89178466,NotImp
3,XinJiang DaYe,328.3,89268066,NotImp
3,XinJiang DaYe,328.3,89268200,NotImp
3,XinJiang DaYe,328.3,89333675,NotImp
3,XinJiang DaYe,328.3,89348171,NotImp
3,XinJiang DaYe,328.3,89398275,NotImp
3,XinJiang DaYe,328.31,89398418,NotImp
3,XinJiang DaYe,328.31,89492231,NotImp
3,XinJiang DaYe,328.31,89507598,NotImp
3,XinJiang DaYe,328.31,89815819,NotImp
3,XinJiang DaYe,328.31,89828963,NotImp
3,XinJiang DaYe,328.31,89829065,NotImp
3,XinJiang DaYe,328.31,89829259,NotImp
3,XinJiang DaYe,328.31,89941221,NotImp
3,XinJiang DaYe,328.41,90189526,NotImp
3,XinJiang DaYe,328.41,90240747,NotImp
3,XinJiang DaYe,328.41,90517653,NotImp
3,XinJiang DaYe,331.9,90592019,NotImp
3,XinJiang DaYe,331.91,90592085,NotImp
3,XinJiang DaYe,331.91,90592116,NotImp
3,XinJiang DaYe,331.91,90593621,NotImp
3,XinJiang DaYe,331.91,90654416,NotImp
3,XinJiang DaYe,331.91,90656401,NotImp
3,XinJiang DaYe,331.91,90661838,NotImp
3,XinJiang DaYe,332.07,90828862,NotImp
3,XinJiang DaYe,335.77,90902811,NotImp
3,XinJiang DaYe,335.77,91050033,NotImp
3,XinJiang DaYe,335.77,91207384,NotImp
3,XinJiang DaYe,335.77,91229476,NotImp
3,XinJiang DaYe,335.77,91246735,NotImp
3,XinJiang DaYe,335.77,91246751,NotImp
3,XinJiang DaYe,335.77,91498457,NotImp
3,XinJiang DaYe,335.77,91498559,NotImp
3,XinJiang DaYe,335.78,91498608,NotImp
3,XinJiang DaYe,335.78,91500095,NotImp
3,XinJiang DaYe,335.78,91500228,NotImp
3,XinJiang DaYe,335.78,91500259,NotImp
3,XinJiang DaYe,335.78,91527478,NotImp
3,XinJiang DaYe,335.78,91561997,NotImp
3,XinJiang DaYe,335.78,91562082,NotImp
3,XinJiang DaYe,335.78,91924746,NotImp
3,XinJiang DaYe,336.58,92212522,NotImp
3,XinJiang DaYe,336.59,92856273,NotImp
3,XinJiang DaYe,336.59,92996729,NotImp
4,XinJiang DaYe,0,26604,NotImp
4,XinJiang DaYe,24.56,26898,NotImp
4,XinJiang DaYe,24.56,30702,NotImp
4,XinJiang DaYe,24.56,30725,NotImp
4,XinJiang DaYe,25.27,44494,NotImp
4,XinJiang DaYe,31.5,113049,NotImp
4,XinJiang DaYe,31.5,198433,NotImp
4,XinJiang DaYe,31.5,231596,NotImp
4,XinJiang DaYe,31.5,1192781,NotImp
4,XinJiang DaYe,35.02,1819460,NotImp
4,XinJiang DaYe,35.02,1819481,NotImp
4,XinJiang DaYe,35.02,2820719,NotImp
4,XinJiang DaYe,35.02,3113447,NotImp
4,XinJiang DaYe,35.02,3896370,NotImp
4,XinJiang DaYe,35.02,3923842,NotImp
4,XinJiang DaYe,35.02,3951980,NotImp
4,XinJiang DaYe,35.03,4015592,NotImp
4,XinJiang DaYe,35.03,4642765,NotImp
4,XinJiang DaYe,35.03,4919840,NotImp
4,XinJiang DaYe,35.03,4919845,NotImp
4,XinJiang DaYe,35.03,6194482,NotImp
4,XinJiang DaYe,35.03,6343222,NotImp
4,XinJiang DaYe,35.03,7277238,NotImp
4,XinJiang DaYe,35.03,7395844,NotImp
4,XinJiang DaYe,35.11,7828460,NotImp
4,XinJiang DaYe,35.21,7839281,NotImp
4,XinJiang DaYe,35.21,7839461,NotImp
4,XinJiang DaYe,35.26,8334742,NotImp
4,XinJiang DaYe,35.32,8573806,NotImp
4,XinJiang DaYe,35.32,8662260,NotImp
4,XinJiang DaYe,35.32,8691058,NotImp
4,XinJiang DaYe,35.32,8691127,NotImp
4,XinJiang DaYe,35.32,9316698,NotImp
4,XinJiang DaYe,35.32,9459577,NotImp
4,XinJiang DaYe,35.32,9616313,NotImp
4,XinJiang DaYe,35.32,9620905,NotImp
4,XinJiang DaYe,35.32,9919772,NotImp
4,XinJiang DaYe,35.33,10248518,NotImp
4,XinJiang DaYe,35.33,10389917,NotImp
4,XinJiang DaYe,35.33,10391470,NotImp
4,XinJiang DaYe,35.69,10925485,NotImp
4,XinJiang DaYe,35.69,10963532,NotImp
4,XinJiang DaYe,35.69,11029161,NotImp
4,XinJiang DaYe,35.7,11491446,NotImp
4,XinJiang DaYe,35.7,12008949,NotImp
4,XinJiang DaYe,40.68,12219784,NotImp
4,XinJiang DaYe,41.51,12221214,NotImp
4,XinJiang DaYe,41.51,12222475,NotImp
4,XinJiang DaYe,43.69,12222601,NotImp
4,XinJiang DaYe,43.76,12222634,NotImp
4,XinJiang DaYe,43.98,12235222,NotImp
4,XinJiang DaYe,43.98,12690686,NotImp
4,XinJiang DaYe,43.99,12730226,NotImp
4,XinJiang DaYe,51.27,12859883,NotImp
4,XinJiang DaYe,51.27,13912028,NotImp
4,XinJiang DaYe,51.27,13912202,NotImp
4,XinJiang DaYe,51.27,14261724,NotImp
4,XinJiang DaYe,51.91,14359866,NotImp
4,XinJiang DaYe,51.91,14796654,NotImp
4,XinJiang DaYe,51.92,15416536,NotImp
4,XinJiang DaYe,51.92,15419951,NotImp
4,XinJiang DaYe,51.92,15664042,NotImp
4,XinJiang DaYe,51.92,15721050,NotImp
4,XinJiang DaYe,51.92,15953942,NotImp
4,XinJiang DaYe,51.92,16009216,NotImp
4,XinJiang DaYe,51.92,16009249,NotImp
4,XinJiang DaYe,51.92,16009378,NotImp
4,XinJiang DaYe,51.92,16043323,NotImp
4,XinJiang DaYe,51.92,16804048,NotImp
4,XinJiang DaYe,51.93,16931666,NotImp
4,XinJiang DaYe,51.93,16934861,NotImp
4,XinJiang DaYe,51.93,17395215,NotImp
4,XinJiang DaYe,51.93,18015210,NotImp
4,XinJiang DaYe,51.93,18086935,NotImp
4,XinJiang DaYe,52.79,18087093,NotImp
4,XinJiang DaYe,52.8,18087164,NotImp
4,XinJiang DaYe,52.8,18104982,NotImp
4,XinJiang DaYe,52.8,18106759,NotImp
4,XinJiang DaYe,52.8,18552445,NotImp
4,XinJiang DaYe,52.8,18552517,NotImp
4,XinJiang DaYe,52.8,18552609,NotImp
4,XinJiang DaYe,53.17,18552612,NotImp
4,XinJiang DaYe,53.17,18552621,NotImp
4,XinJiang DaYe,53.17,18552653,NotImp
4,XinJiang DaYe,74.98,18564793,NotImp
4,XinJiang DaYe,74.99,18760107,NotImp
4,XinJiang DaYe,74.99,18838072,NotImp
4,XinJiang DaYe,74.99,19053316,NotImp
4,XinJiang DaYe,75.38,19194374,NotImp
4,XinJiang DaYe,77.96,19291102,NotImp
4,XinJiang DaYe,77.96,19405584,NotImp
4,XinJiang DaYe,78.12,19856489,NotImp
4,XinJiang DaYe,78.13,20078989,NotImp
4,XinJiang DaYe,78.6,20350299,NotImp
4,XinJiang DaYe,78.6,20447380,NotImp
4,XinJiang DaYe,79.12,20667721,NotImp
4,XinJiang DaYe,79.12,20702474,NotImp
4,XinJiang DaYe,79.53,20827446,NotImp
4,XinJiang DaYe,80.35,21526766,NotImp
4,XinJiang DaYe,80.35,21922231,NotImp
4,XinJiang DaYe,81.66,22170195,NotImp
4,XinJiang DaYe,82.88,22873780,NotImp
4,XinJiang DaYe,82.88,22873798,NotImp
4,XinJiang DaYe,82.89,22933456,NotImp
4,XinJiang DaYe,82.89,23762327,NotImp
4,XinJiang DaYe,82.89,24634962,NotImp
4,XinJiang DaYe,82.89,24914629,NotImp
4,XinJiang DaYe,82.89,26415224,NotImp
4,XinJiang DaYe,82.89,26415280,NotImp
4,XinJiang DaYe,83.28,26665537,NotImp
4,XinJiang DaYe,84.02,26824900,NotImp
4,XinJiang DaYe,84.12,28022872,NotImp
4,XinJiang DaYe,84.12,28022926,NotImp
4,XinJiang DaYe,84.12,28022997,NotImp
4,XinJiang DaYe,84.12,28057996,NotImp
4,XinJiang DaYe,85.25,29213376,NotImp
4,XinJiang DaYe,85.25,29668768,NotImp
4,XinJiang DaYe,85.25,29668777,NotImp
4,XinJiang DaYe,85.25,29668780,NotImp
4,XinJiang DaYe,85.25,31594313,NotImp
4,XinJiang DaYe,85.26,31633529,NotImp
4,XinJiang DaYe,90.42,31640646,NotImp
4,XinJiang DaYe,94.9,32505997,NotImp
4,XinJiang DaYe,94.9,32506007,NotImp
4,XinJiang DaYe,94.9,32506012,NotImp
4,XinJiang DaYe,97.33,32789864,NotImp
4,XinJiang DaYe,97.33,32789872,NotImp
4,XinJiang DaYe,102.64,33282169,NotImp
4,XinJiang DaYe,102.65,33282184,NotImp
4,XinJiang DaYe,114.78,33457818,NotImp
4,XinJiang DaYe,115.38,33590483,NotImp
4,XinJiang DaYe,115.38,33590885,NotImp
4,XinJiang DaYe,115.38,33591109,NotImp
4,XinJiang DaYe,115.38,33592315,NotImp
4,XinJiang DaYe,115.38,33592679,NotImp
4,XinJiang DaYe,115.84,33728915,NotImp
4,XinJiang DaYe,130.38,33796760,NotImp
4,XinJiang DaYe,130.38,34775325,NotImp
4,XinJiang DaYe,130.39,35578330,NotImp
4,XinJiang DaYe,130.39,36050033,NotImp
4,XinJiang DaYe,130.39,36494401,NotImp
4,XinJiang DaYe,136.11,36497093,NotImp
4,XinJiang DaYe,136.12,36497393,NotImp
4,XinJiang DaYe,136.12,36497516,NotImp
4,XinJiang DaYe,136.51,36675654,NotImp
4,XinJiang DaYe,141.05,37036127,NotImp
4,XinJiang DaYe,141.05,37036167,NotImp
4,XinJiang DaYe,141.05,37036168,NotImp
4,XinJiang DaYe,148.93,37687223,NotImp
4,XinJiang DaYe,148.93,37687295,NotImp
4,XinJiang DaYe,148.93,37687304,NotImp
4,XinJiang DaYe,148.93,37687340,NotImp
4,XinJiang DaYe,205.07,37693152,NotImp
4,XinJiang DaYe,205.07,37789079,NotImp
4,XinJiang DaYe,205.08,37851680,NotImp
4,XinJiang DaYe,205.08,37881863,NotImp
4,XinJiang DaYe,205.08,37882045,NotImp
4,XinJiang DaYe,205.08,37890021,NotImp
4,XinJiang DaYe,205.08,37934904,NotImp
4,XinJiang DaYe,212.29,37976731,NotImp
4,XinJiang DaYe,212.29,37976740,NotImp
4,XinJiang DaYe,212.29,37987558,NotImp
4,XinJiang DaYe,218.86,37988927,NotImp
4,XinJiang DaYe,218.86,37988947,NotImp
4,XinJiang DaYe,218.86,37988948,NotImp
4,XinJiang DaYe,218.86,37988971,NotImp
4,XinJiang DaYe,264.58,38101848,NotImp
4,XinJiang DaYe,264.58,38101878,NotImp
4,XinJiang DaYe,273.52,38101928,NotImp
4,XinJiang DaYe,273.52,38104800,NotImp
4,XinJiang DaYe,278.63,38104811,NotImp
4,XinJiang DaYe,289.06,38104868,NotImp
4,XinJiang DaYe,289.06,38288594,NotImp
4,XinJiang DaYe,289.06,38288735,NotImp
4,XinJiang DaYe,289.06,38294618,NotImp
4,XinJiang DaYe,289.06,38392106,NotImp
4,XinJiang DaYe,289.06,38392126,NotImp
4,XinJiang DaYe,289.86,38759804,NotImp
4,XinJiang DaYe,307.36,38759927,NotImp
4,XinJiang DaYe,307.36,38759977,NotImp
4,XinJiang DaYe,314.95,38916535,NotImp
4,XinJiang DaYe,326.85,39164096,NotImp
4,XinJiang DaYe,326.85,39164106,NotImp
4,XinJiang DaYe,336.49,39423050,NotImp
4,XinJiang DaYe,336.49,39543501,NotImp
4,XinJiang DaYe,336.49,39588703,NotImp
4,XinJiang DaYe,336.49,39588746,NotImp
4,XinJiang DaYe,336.49,39589169,NotImp
4,XinJiang DaYe,337.58,39589205,NotImp
4,XinJiang DaYe,338.15,39589216,NotImp
4,XinJiang DaYe,338.15,40678854,NotImp
4,XinJiang DaYe,349.65,40692855,NotImp
4,XinJiang DaYe,357.37,40692857,NotImp
4,XinJiang DaYe,357.37,41095136,NotImp
4,XinJiang DaYe,357.38,41302130,NotImp
4,XinJiang DaYe,357.38,41597504,NotImp
4,XinJiang DaYe,367.39,41597583,NotImp
4,XinJiang DaYe,367.4,42861855,NotImp
4,XinJiang DaYe,367.4,43651166,NotImp
4,XinJiang DaYe,367.51,44772544,NotImp
4,XinJiang DaYe,372.89,44772545,NotImp
4,XinJiang DaYe,376.85,44772553,NotImp
4,XinJiang DaYe,377.16,44953845,NotImp
4,XinJiang DaYe,377.16,44953874,NotImp
4,XinJiang DaYe,377.16,44954066,NotImp
4,XinJiang DaYe,384.01,44968687,NotImp
4,XinJiang DaYe,394.55,45248381,NotImp
4,XinJiang DaYe,395.59,45713910,NotImp
4,XinJiang DaYe,395.59,45757747,NotImp
4,XinJiang DaYe,415.13,46395171,NotImp
4,XinJiang DaYe,415.13,46395177,NotImp
4,XinJiang DaYe,415.14,46856731,NotImp
4,XinJiang DaYe,420.23,47486310,NotImp
4,XinJiang DaYe,420.23,47992830,NotImp
4,XinJiang DaYe,420.23,48929738,NotImp
4,XinJiang DaYe,420.23,48931315,NotImp
4,XinJiang DaYe,420.24,48936489,NotImp
4,XinJiang DaYe,420.24,48936512,NotImp
4,XinJiang DaYe,420.24,48950758,NotImp
4,XinJiang DaYe,422.85,49047100,NotImp
4,XinJiang DaYe,422.86,49532608,NotImp
4,XinJiang DaYe,446.9,49534832,NotImp
4,XinJiang DaYe,446.9,49534847,NotImp
4,XinJiang DaYe,446.91,49534883,NotImp
4,XinJiang DaYe,446.91,49534932,NotImp
4,XinJiang DaYe,447.18,49534961,NotImp
4,XinJiang DaYe,447.18,50715426,NotImp
4,XinJiang DaYe,447.18,50715593,NotImp
4,XinJiang DaYe,447.18,50715599,NotImp
4,XinJiang DaYe,466.34,50767869,NotImp
4,XinJiang DaYe,466.34,50772528,NotImp
4,XinJiang DaYe,466.34,51354511,NotImp
4,XinJiang DaYe,467.55,51354729,NotImp
4,XinJiang DaYe,467.55,51454667,NotImp
4,XinJiang DaYe,469.06,51454849,NotImp
4,XinJiang DaYe,476.4,51462179,NotImp
4,XinJiang DaYe,476.4,51462198,NotImp
4,XinJiang DaYe,496.2,51534062,NotImp
4,XinJiang DaYe,496.2,51534245,NotImp
4,XinJiang DaYe,496.2,53555335,NotImp
4,XinJiang DaYe,496.21,53555352,NotImp
4,XinJiang DaYe,513,53555424,NotImp
4,XinJiang DaYe,513,53675085,NotImp
4,XinJiang DaYe,513,53675086,NotImp
4,XinJiang DaYe,513,53675148,NotImp
4,XinJiang DaYe,513.01,53854549,NotImp
4,XinJiang DaYe,517.23,54376032,NotImp
4,XinJiang DaYe,518.45,56198702,NotImp
4,XinJiang DaYe,518.45,56198718,NotImp
4,XinJiang DaYe,522.57,60953565,NotImp
4,XinJiang DaYe,524.29,69830637,NotImp
4,XinJiang DaYe,525.75,71298986,NotImp
4,XinJiang DaYe,527.82,73248627,NotImp
4,XinJiang DaYe,527.82,73325866,NotImp
4,XinJiang DaYe,527.83,73494485,NotImp
4,XinJiang DaYe,530.64,74365811,NotImp
4,XinJiang DaYe,530.64,74704118,NotImp
4,XinJiang DaYe,531.26,74713017,NotImp
4,XinJiang DaYe,531.26,74713022,NotImp
4,XinJiang DaYe,538.55,75473104,NotImp
4,XinJiang DaYe,538.55,76100355,NotImp
4,XinJiang DaYe,543.29,78000809,NotImp
4,XinJiang DaYe,543.29,78271062,NotImp
4,XinJiang DaYe,543.31,78271257,NotImp
4,XinJiang DaYe,550.16,78651443,NotImp
4,XinJiang DaYe,550.16,78825535,NotImp
4,XinJiang DaYe,550.16,79055571,NotImp
4,XinJiang DaYe,550.16,79055734,NotImp
4,XinJiang DaYe,550.66,80058340,NotImp
4,XinJiang DaYe,552.44,80640340,NotImp
4,XinJiang DaYe,552.44,81006448,NotImp
4,XinJiang DaYe,552.44,81498297,NotImp
4,XinJiang DaYe,552.44,81609939,NotImp
4,XinJiang DaYe,553.59,81737884,NotImp
4,XinJiang DaYe,553.59,82573528,NotImp
4,XinJiang DaYe,553.59,82581233,NotImp
4,XinJiang DaYe,553.81,83668867,NotImp
4,XinJiang DaYe,553.81,83785124,NotImp
4,XinJiang DaYe,553.81,84161152,NotImp
4,XinJiang DaYe,553.81,84344551,NotImp
4,XinJiang DaYe,553.81,84454816,NotImp
4,XinJiang DaYe,553.82,85141522,NotImp
4,XinJiang DaYe,553.82,85141947,NotImp
4,XinJiang DaYe,553.82,85345100,NotImp
4,XinJiang DaYe,553.82,85894498,NotImp
4,XinJiang DaYe,553.82,85897625,NotImp
4,XinJiang DaYe,556.21,87204340,NotImp
4,XinJiang DaYe,556.21,87520845,NotImp
4,XinJiang DaYe,556.6,87586665,NotImp
4,XinJiang DaYe,556.6,87586965,NotImp
4,XinJiang DaYe,556.82,88388016,NotImp
4,XinJiang DaYe,561.82,89017746,NotImp
4,XinJiang DaYe,561.82,89017752,NotImp
4,XinJiang DaYe,568.34,89017865,NotImp
4,XinJiang DaYe,568.35,89017895,NotImp
4,XinJiang DaYe,575.37,89075323,NotImp
4,XinJiang DaYe,575.38,89196460,NotImp
4,XinJiang DaYe,575.38,89279402,NotImp
4,XinJiang DaYe,575.38,89286526,NotImp
5,XinJiang DaYe,0,186024,NotImp
5,XinJiang DaYe,0,197089,NotImp
5,XinJiang DaYe,5.37,224683,NotImp
5,XinJiang DaYe,6.6,357694,NotImp
5,XinJiang DaYe,6.6,508209,NotImp
5,XinJiang DaYe,28.61,1027284,NotImp
5,XinJiang DaYe,28.61,1027419,NotImp
5,XinJiang DaYe,28.61,1027918,NotImp
5,XinJiang DaYe,28.61,1096651,NotImp
5,XinJiang DaYe,34.55,1205627,NotImp
5,XinJiang DaYe,34.55,1243398,NotImp
5,XinJiang DaYe,34.55,1429446,NotImp
5,XinJiang DaYe,34.81,1580549,NotImp
5,XinJiang DaYe,34.81,1940313,NotImp
5,XinJiang DaYe,34.81,2144218,NotImp
5,XinJiang DaYe,34.81,2369362,NotImp
5,XinJiang DaYe,34.81,2414122,NotImp
5,XinJiang DaYe,34.81,2759659,NotImp
5,XinJiang DaYe,35.05,2886325,NotImp
5,XinJiang DaYe,35.05,2886350,NotImp
5,XinJiang DaYe,35.05,2886355,NotImp
5,XinJiang DaYe,35.28,3004557,NotImp
5,XinJiang DaYe,35.28,3004703,NotImp
5,XinJiang DaYe,35.28,3309066,NotImp
5,XinJiang DaYe,35.28,3316548,NotImp
5,XinJiang DaYe,35.28,3316654,NotImp
5,XinJiang DaYe,35.28,3568052,NotImp
5,XinJiang DaYe,35.29,4504294,NotImp
5,XinJiang DaYe,35.29,4899961,NotImp
5,XinJiang DaYe,35.29,5463732,NotImp
5,XinJiang DaYe,35.29,5991741,NotImp
5,XinJiang DaYe,35.29,6028828,NotImp
5,XinJiang DaYe,35.29,6320673,NotImp
5,XinJiang DaYe,35.29,6388615,NotImp
5,XinJiang DaYe,35.29,6744738,NotImp
5,XinJiang DaYe,35.29,6822237,NotImp
5,XinJiang DaYe,36.09,7050408,NotImp
5,XinJiang DaYe,36.09,7687118,NotImp
5,XinJiang DaYe,36.09,7687189,NotImp
5,XinJiang DaYe,36.09,7971516,NotImp
5,XinJiang DaYe,36.09,8021085,NotImp
5,XinJiang DaYe,36.1,8039723,NotImp
5,XinJiang DaYe,36.1,8039740,NotImp
5,XinJiang DaYe,36.1,8041351,NotImp
5,XinJiang DaYe,36.1,8106757,NotImp
5,XinJiang DaYe,36.1,8106767,NotImp
5,XinJiang DaYe,36.1,8106888,NotImp
5,XinJiang DaYe,36.1,8750770,NotImp
5,XinJiang DaYe,36.1,9249358,NotImp
5,XinJiang DaYe,36.9,10124542,NotImp
5,XinJiang DaYe,36.9,10635683,NotImp
5,XinJiang DaYe,36.9,10635833,NotImp
5,XinJiang DaYe,36.9,10668023,NotImp
5,XinJiang DaYe,36.9,10668059,NotImp
5,XinJiang DaYe,36.91,10668173,NotImp
5,XinJiang DaYe,36.91,11452997,NotImp
5,XinJiang DaYe,36.91,11453025,NotImp
5,XinJiang DaYe,36.91,12077810,NotImp
5,XinJiang DaYe,36.91,14501715,NotImp
5,XinJiang DaYe,36.91,14850949,NotImp
5,XinJiang DaYe,38.09,15568989,NotImp
5,XinJiang DaYe,38.5,15596589,NotImp
5,XinJiang DaYe,38.5,16515343,NotImp
5,XinJiang DaYe,38.51,16883157,NotImp
5,XinJiang DaYe,40.06,16883390,NotImp
5,XinJiang DaYe,40.16,16883458,NotImp
5,XinJiang DaYe,40.51,19445310,NotImp
5,XinJiang DaYe,41.67,19445331,NotImp
5,XinJiang DaYe,41.67,19769633,NotImp
5,XinJiang DaYe,41.68,19914495,NotImp
5,XinJiang DaYe,43.23,20128072,NotImp
5,XinJiang DaYe,43.9,20216211,NotImp
5,XinJiang DaYe,43.9,20411504,NotImp
5,XinJiang DaYe,43.9,21487435,NotImp
5,XinJiang DaYe,44.4,21584326,NotImp
5,XinJiang DaYe,44.4,21584552,NotImp
5,XinJiang DaYe,49.68,22039891,NotImp
5,XinJiang DaYe,49.69,22039901,NotImp
5,XinJiang DaYe,49.69,22039947,NotImp
5,XinJiang DaYe,58.11,23674032,NotImp
5,XinJiang DaYe,58.11,24474459,NotImp
5,XinJiang DaYe,59.22,24628940,NotImp
5,XinJiang DaYe,59.22,24741254,NotImp
5,XinJiang DaYe,59.22,25639026,NotImp
5,XinJiang DaYe,59.22,25639089,NotImp
5,XinJiang DaYe,61.86,25639135,NotImp
5,XinJiang DaYe,62.08,25658432,NotImp
5,XinJiang DaYe,62.08,25719639,NotImp
5,XinJiang DaYe,62.08,25769664,NotImp
5,XinJiang DaYe,62.09,25769913,NotImp
5,XinJiang DaYe,62.09,26146411,NotImp
5,XinJiang DaYe,78.13,26146450,NotImp
5,XinJiang DaYe,88.18,26188722,NotImp
5,XinJiang DaYe,88.18,26353033,NotImp
5,XinJiang DaYe,88.19,26353066,NotImp
5,XinJiang DaYe,89.79,26616246,NotImp
5,XinJiang DaYe,91.17,26810538,NotImp
5,XinJiang DaYe,91.32,26816937,NotImp
5,XinJiang DaYe,91.32,27254715,NotImp
5,XinJiang DaYe,94.83,27406683,NotImp
5,XinJiang DaYe,94.83,27646725,NotImp
5,XinJiang DaYe,95.74,27858391,NotImp
5,XinJiang DaYe,101.33,27866556,NotImp
5,XinJiang DaYe,115.79,27888658,NotImp
5,XinJiang DaYe,123.77,27965957,NotImp
5,XinJiang DaYe,124.33,28810259,NotImp
5,XinJiang DaYe,124.69,29241293,NotImp
5,XinJiang DaYe,124.69,29241294,NotImp
5,XinJiang DaYe,125.13,29241338,NotImp
5,XinJiang DaYe,127.16,29344028,NotImp
5,XinJiang DaYe,127.16,29367123,NotImp
5,XinJiang DaYe,127.16,30129457,NotImp
5,XinJiang DaYe,129.94,30935039,NotImp
5,XinJiang DaYe,129.94,30935047,NotImp
5,XinJiang DaYe,130.01,30935085,NotImp
5,XinJiang DaYe,130.15,30935095,NotImp
5,XinJiang DaYe,133.03,31004075,NotImp
5,XinJiang DaYe,133.03,32008733,NotImp
5,XinJiang DaYe,133.93,32294524,NotImp
5,XinJiang DaYe,134.25,32310864,NotImp
5,XinJiang DaYe,134.3,32623284,NotImp
5,XinJiang DaYe,136.3,33031776,NotImp
5,XinJiang DaYe,138.95,33033062,NotImp
5,XinJiang DaYe,138.95,33033211,NotImp
5,XinJiang DaYe,138.95,33033233,NotImp
5,XinJiang DaYe,138.96,33051968,NotImp
5,XinJiang DaYe,139.24,33147985,NotImp
5,XinJiang DaYe,139.24,33488460,NotImp
5,XinJiang DaYe,139.24,33488466,NotImp
5,XinJiang DaYe,139.24,33490666,NotImp
5,XinJiang DaYe,140.02,33711554,NotImp
5,XinJiang DaYe,141.45,37676752,NotImp
5,XinJiang DaYe,142.51,40615305,NotImp
5,XinJiang DaYe,144.13,42251747,NotImp
5,XinJiang DaYe,146.46,42700334,NotImp
5,XinJiang DaYe,146.54,43146147,NotImp
5,XinJiang DaYe,146.54,43146161,NotImp
5,XinJiang DaYe,147.05,43146162,NotImp
5,XinJiang DaYe,147.05,43146179,NotImp
5,XinJiang DaYe,148.42,43976290,NotImp
5,XinJiang DaYe,148.42,43976298,NotImp
5,XinJiang DaYe,148.56,44129072,NotImp
5,XinJiang DaYe,148.56,44142016,NotImp
5,XinJiang DaYe,148.56,44142021,NotImp
5,XinJiang DaYe,148.56,44184536,NotImp
5,XinJiang DaYe,148.57,44184564,NotImp
5,XinJiang DaYe,148.57,44184675,NotImp
5,XinJiang DaYe,149.49,45420832,NotImp
5,XinJiang DaYe,151.45,48934607,NotImp
5,XinJiang DaYe,151.45,49111884,NotImp
5,XinJiang DaYe,151.46,49899025,NotImp
5,XinJiang DaYe,152.29,51975514,NotImp
5,XinJiang DaYe,152.29,52324749,NotImp
5,XinJiang DaYe,152.29,53232047,NotImp
5,XinJiang DaYe,152.3,53273167,NotImp
5,XinJiang DaYe,152.3,53464830,NotImp
5,XinJiang DaYe,152.3,53750049,NotImp
5,XinJiang DaYe,152.3,54521348,NotImp
5,XinJiang DaYe,153.21,54824328,NotImp
5,XinJiang DaYe,153.21,56418764,NotImp
5,XinJiang DaYe,153.49,56418959,NotImp
5,XinJiang DaYe,153.49,56450939,NotImp
5,XinJiang DaYe,153.49,56451050,NotImp
5,XinJiang DaYe,153.49,56451070,NotImp
5,XinJiang DaYe,153.5,56944183,NotImp
5,XinJiang DaYe,153.5,57363146,NotImp
5,XinJiang DaYe,158,59359230,NotImp
5,XinJiang DaYe,160.97,60613340,NotImp
5,XinJiang DaYe,161,62125021,NotImp
5,XinJiang DaYe,161,62176926,NotImp
5,XinJiang DaYe,161,62565937,NotImp
5,XinJiang DaYe,169.21,65887501,NotImp
5,XinJiang DaYe,169.21,66061266,NotImp
5,XinJiang DaYe,169.21,66183819,NotImp
5,XinJiang DaYe,169.22,66624459,NotImp
5,XinJiang DaYe,169.22,66624490,NotImp
5,XinJiang DaYe,169.22,66624511,NotImp
5,XinJiang DaYe,169.22,66624569,NotImp
5,XinJiang DaYe,169.22,66950658,NotImp
5,XinJiang DaYe,169.22,66951062,NotImp
5,XinJiang DaYe,169.22,67145238,NotImp
5,XinJiang DaYe,169.22,67159733,NotImp
5,XinJiang DaYe,169.73,67216748,NotImp
5,XinJiang DaYe,170.15,67216891,NotImp
5,XinJiang DaYe,170.22,67216943,NotImp
5,XinJiang DaYe,170.23,67323419,NotImp
5,XinJiang DaYe,170.23,67619464,NotImp
5,XinJiang DaYe,170.23,67619482,NotImp
5,XinJiang DaYe,171.33,67662580,NotImp
5,XinJiang DaYe,171.34,67804591,NotImp
5,XinJiang DaYe,171.34,67809169,NotImp
5,XinJiang DaYe,171.34,68495484,NotImp
5,XinJiang DaYe,171.34,68495667,NotImp
5,XinJiang DaYe,171.34,68850407,NotImp
5,XinJiang DaYe,171.34,68850587,NotImp
5,XinJiang DaYe,171.34,68862483,NotImp
5,XinJiang DaYe,171.34,68864702,NotImp
5,XinJiang DaYe,171.34,68867036,NotImp
5,XinJiang DaYe,171.34,68958486,NotImp
5,XinJiang DaYe,172,69013134,NotImp
5,XinJiang DaYe,172,69317203,NotImp
5,XinJiang DaYe,172,69317403,NotImp
5,XinJiang DaYe,172.01,69317409,NotImp
5,XinJiang DaYe,172.01,69766088,NotImp
5,XinJiang DaYe,172.01,69838938,NotImp
5,XinJiang DaYe,172.01,70249943,NotImp
5,XinJiang DaYe,172.01,70487146,NotImp
5,XinJiang DaYe,172.01,70494571,NotImp
5,XinJiang DaYe,174.27,70717761,NotImp
5,XinJiang DaYe,174.29,71961689,NotImp
5,XinJiang DaYe,176.53,73590700,NotImp
5,XinJiang DaYe,181.25,73782172,NotImp
5,XinJiang DaYe,181.25,73782180,NotImp
5,XinJiang DaYe,184.14,73855060,NotImp
5,XinJiang DaYe,184.14,73860617,NotImp
5,XinJiang DaYe,184.14,73940526,NotImp
5,XinJiang DaYe,184.96,73940723,NotImp
5,XinJiang DaYe,187.36,73940724,NotImp
5,XinJiang DaYe,187.36,74007710,NotImp
5,XinJiang DaYe,187.94,74007735,NotImp
5,XinJiang DaYe,189.31,75190218,NotImp
5,XinJiang DaYe,189.31,75409662,NotImp
5,XinJiang DaYe,191.56,75835953,NotImp
5,XinJiang DaYe,191.56,75866671,NotImp
5,XinJiang DaYe,193.61,75925960,NotImp
5,XinJiang DaYe,193.61,76396917,NotImp
5,XinJiang DaYe,193.61,76493457,NotImp
5,XinJiang DaYe,194.36,76503657,NotImp
5,XinJiang DaYe,194.68,76509047,NotImp
5,XinJiang DaYe,196.05,76673627,NotImp
5,XinJiang DaYe,196.05,76803311,NotImp
5,XinJiang DaYe,196.7,77384982,NotImp
5,XinJiang DaYe,196.7,77732255,NotImp
5,XinJiang DaYe,196.71,77971516,NotImp
5,XinJiang DaYe,196.71,78325109,NotImp
5,XinJiang DaYe,196.71,80341814,NotImp
5,XinJiang DaYe,196.71,80342069,NotImp
6,XinJiang DaYe,0,66001,NotImp
6,XinJiang DaYe,31.65,68444,NotImp
6,XinJiang DaYe,31.65,92263,NotImp
6,XinJiang DaYe,42.14,245171,NotImp
6,XinJiang DaYe,42.14,766129,NotImp
6,XinJiang DaYe,42.14,922081,NotImp
6,XinJiang DaYe,42.14,922126,NotImp
6,XinJiang DaYe,42.15,923938,NotImp
6,XinJiang DaYe,42.15,923946,NotImp
6,XinJiang DaYe,42.15,923977,NotImp
6,XinJiang DaYe,42.15,923980,NotImp
6,XinJiang DaYe,42.15,924115,NotImp
6,XinJiang DaYe,42.15,1006342,NotImp
6,XinJiang DaYe,42.15,1014888,NotImp
6,XinJiang DaYe,42.15,1062515,NotImp
6,XinJiang DaYe,42.15,1071700,NotImp
6,XinJiang DaYe,42.79,1071786,NotImp
6,XinJiang DaYe,42.8,1071791,NotImp
6,XinJiang DaYe,42.8,1071799,NotImp
6,XinJiang DaYe,42.8,1071815,NotImp
6,XinJiang DaYe,42.8,1192301,NotImp
6,XinJiang DaYe,42.8,1289286,NotImp
6,XinJiang DaYe,42.8,1289337,NotImp
6,XinJiang DaYe,42.8,1289436,NotImp
6,XinJiang DaYe,42.8,1289499,NotImp
6,XinJiang DaYe,42.8,1409903,NotImp
6,XinJiang DaYe,42.8,1417088,NotImp
6,XinJiang DaYe,42.81,1483542,NotImp
6,XinJiang DaYe,42.81,1595949,NotImp
6,XinJiang DaYe,42.81,1982640,NotImp
6,XinJiang DaYe,44.37,2096039,NotImp
6,XinJiang DaYe,44.37,2227359,NotImp
6,XinJiang DaYe,44.37,2227363,NotImp
6,XinJiang DaYe,44.37,2227378,NotImp
6,XinJiang DaYe,44.37,2227471,NotImp
6,XinJiang DaYe,44.37,2227472,NotImp
6,XinJiang DaYe,44.37,2227526,NotImp
6,XinJiang DaYe,44.37,2925210,NotImp
6,XinJiang DaYe,44.72,3228189,NotImp
6,XinJiang DaYe,44.72,3268758,NotImp
6,XinJiang DaYe,45.26,3268801,NotImp
6,XinJiang DaYe,45.26,3620724,NotImp
6,XinJiang DaYe,45.26,3621581,NotImp
6,XinJiang DaYe,45.26,3839372,NotImp
6,XinJiang DaYe,45.27,3864153,NotImp
6,XinJiang DaYe,45.27,3918205,NotImp
6,XinJiang DaYe,45.27,3984785,NotImp
6,XinJiang DaYe,51.39,4241970,NotImp
6,XinJiang DaYe,51.39,4242120,NotImp
6,XinJiang DaYe,51.39,4790102,NotImp
6,XinJiang DaYe,51.98,5502999,NotImp
6,XinJiang DaYe,51.99,5503149,NotImp
6,XinJiang DaYe,51.99,5503232,NotImp
6,XinJiang DaYe,51.99,5571436,NotImp
6,XinJiang DaYe,51.99,5571614,NotImp
6,XinJiang DaYe,51.99,5772596,NotImp
6,XinJiang DaYe,51.99,5772599,NotImp
6,XinJiang DaYe,51.99,5772670,NotImp
6,XinJiang DaYe,52.19,6545661,NotImp
6,XinJiang DaYe,52.19,6675837,NotImp
6,XinJiang DaYe,52.19,6675990,NotImp
6,XinJiang DaYe,52.93,7007851,NotImp
6,XinJiang DaYe,52.93,7255201,NotImp
6,XinJiang DaYe,52.94,7320166,NotImp
6,XinJiang DaYe,52.94,7530522,NotImp
6,XinJiang DaYe,52.94,7530842,NotImp
6,XinJiang DaYe,54.26,7530857,NotImp
6,XinJiang DaYe,54.26,8519458,NotImp
6,XinJiang DaYe,54.26,9550005,NotImp
6,XinJiang DaYe,55.98,10069329,NotImp
6,XinJiang DaYe,55.98,10646563,NotImp
6,XinJiang DaYe,55.98,10646591,NotImp
6,XinJiang DaYe,56.56,11670414,NotImp
6,XinJiang DaYe,56.56,11670646,NotImp
6,XinJiang DaYe,56.56,12849438,NotImp
6,XinJiang DaYe,57.87,12849591,NotImp
6,XinJiang DaYe,59.2,12946945,NotImp
6,XinJiang DaYe,59.2,12946958,NotImp
6,XinJiang DaYe,59.21,12947000,NotImp
6,XinJiang DaYe,59.21,12947877,NotImp
6,XinJiang DaYe,59.74,12950633,NotImp
6,XinJiang DaYe,59.74,12950812,NotImp
6,XinJiang DaYe,60.37,13211043,NotImp
6,XinJiang DaYe,61.02,14426524,NotImp
6,XinJiang DaYe,61.02,14761729,NotImp
6,XinJiang DaYe,61.02,15021277,NotImp
6,XinJiang DaYe,61.02,16682654,NotImp
6,XinJiang DaYe,61.98,16682877,NotImp
6,XinJiang DaYe,61.98,16682888,NotImp
6,XinJiang DaYe,62.02,16683119,NotImp
6,XinJiang DaYe,62.4,18333006,NotImp
6,XinJiang DaYe,62.41,19255478,NotImp
6,XinJiang DaYe,67.38,19388327,NotImp
6,XinJiang DaYe,79.44,20462791,NotImp
6,XinJiang DaYe,83.77,20462802,NotImp
6,XinJiang DaYe,83.78,20462807,NotImp
6,XinJiang DaYe,87.96,20463002,NotImp
6,XinJiang DaYe,92.84,20463127,NotImp
6,XinJiang DaYe,92.84,20463145,NotImp
6,XinJiang DaYe,93.99,20463182,NotImp
6,XinJiang DaYe,93.99,20463220,NotImp
6,XinJiang DaYe,93.99,20463263,NotImp
6,XinJiang DaYe,94,20463266,NotImp
6,XinJiang DaYe,94,20463286,NotImp
6,XinJiang DaYe,94,20464368,NotImp
6,XinJiang DaYe,94,20464369,NotImp
6,XinJiang DaYe,94,20465092,NotImp
6,XinJiang DaYe,94,20465425,NotImp
6,XinJiang DaYe,94.33,21162355,NotImp
6,XinJiang DaYe,94.34,21162368,NotImp
6,XinJiang DaYe,103.97,22285635,NotImp
6,XinJiang DaYe,103.97,25677708,NotImp
6,XinJiang DaYe,103.97,25792644,NotImp
6,XinJiang DaYe,103.97,25792677,NotImp
6,XinJiang DaYe,104.47,27368295,NotImp
6,XinJiang DaYe,104.47,27368318,NotImp
6,XinJiang DaYe,104.47,27368322,NotImp
6,XinJiang DaYe,104.47,27368331,NotImp
6,XinJiang DaYe,104.49,27799691,NotImp
6,XinJiang DaYe,116.04,27799879,NotImp
6,XinJiang DaYe,116.04,27799880,NotImp
6,XinJiang DaYe,116.04,27942815,NotImp
6,XinJiang DaYe,130.99,27950195,NotImp
6,XinJiang DaYe,131,27950209,NotImp
6,XinJiang DaYe,131,27950214,NotImp
6,XinJiang DaYe,132.01,27950227,NotImp
6,XinJiang DaYe,132.02,27950230,NotImp
6,XinJiang DaYe,154.28,29160386,NotImp
6,XinJiang DaYe,154.57,29175873,NotImp
6,XinJiang DaYe,154.57,29176098,NotImp
6,XinJiang DaYe,154.57,29498823,NotImp
6,XinJiang DaYe,154.57,29498945,NotImp
6,XinJiang DaYe,154.57,29814086,NotImp
6,XinJiang DaYe,154.57,29814096,NotImp
6,XinJiang DaYe,154.57,29815835,NotImp
6,XinJiang DaYe,154.58,29815863,NotImp
6,XinJiang DaYe,154.58,29815911,NotImp
6,XinJiang DaYe,155.06,30392109,NotImp
6,XinJiang DaYe,155.06,35950601,NotImp
6,XinJiang DaYe,155.06,35950617,NotImp
6,XinJiang DaYe,155.06,35993533,NotImp
6,XinJiang DaYe,155.7,38333352,NotImp
6,XinJiang DaYe,167.87,39867047,NotImp
6,XinJiang DaYe,167.87,41186175,NotImp
6,XinJiang DaYe,167.87,41186240,NotImp
6,XinJiang DaYe,167.92,41222679,NotImp
6,XinJiang DaYe,167.92,42178875,NotImp
6,XinJiang DaYe,167.92,42178887,NotImp
6,XinJiang DaYe,167.92,42178892,NotImp
6,XinJiang DaYe,167.92,42178944,NotImp
6,XinJiang DaYe,167.92,42178945,NotImp
6,XinJiang DaYe,167.92,42178946,NotImp
6,XinJiang DaYe,167.92,42843226,NotImp
6,XinJiang DaYe,167.92,43596799,NotImp
6,XinJiang DaYe,167.93,43596821,NotImp
6,XinJiang DaYe,168.05,43596885,NotImp
6,XinJiang DaYe,168.21,43596968,NotImp
6,XinJiang DaYe,169.73,43601210,NotImp
6,XinJiang DaYe,169.73,43601398,NotImp
6,XinJiang DaYe,169.73,43709016,NotImp
6,XinJiang DaYe,171.09,52185959,NotImp
6,XinJiang DaYe,171.09,52228681,NotImp
6,XinJiang DaYe,171.09,52228789,NotImp
6,XinJiang DaYe,171.1,52228802,NotImp
6,XinJiang DaYe,173.91,55436466,NotImp
6,XinJiang DaYe,173.91,55440516,NotImp
6,XinJiang DaYe,173.92,55920206,NotImp
6,XinJiang DaYe,173.92,56825133,NotImp
6,XinJiang DaYe,173.92,58142359,NotImp
6,XinJiang DaYe,174.21,59674806,NotImp
6,XinJiang DaYe,175.63,61922317,NotImp
6,XinJiang DaYe,175.63,62044546,NotImp
6,XinJiang DaYe,175.63,62936027,NotImp
6,XinJiang DaYe,175.64,62979445,NotImp
6,XinJiang DaYe,175.64,62979485,NotImp
6,XinJiang DaYe,177.55,63720283,NotImp
6,XinJiang DaYe,178.46,63722030,NotImp
6,XinJiang DaYe,178.53,64274212,NotImp
6,XinJiang DaYe,178.53,64387943,NotImp
6,XinJiang DaYe,178.53,64387953,NotImp
6,XinJiang DaYe,178.53,64460994,NotImp
6,XinJiang DaYe,178.54,64461002,NotImp
6,XinJiang DaYe,178.54,64461014,NotImp
6,XinJiang DaYe,178.54,64461023,NotImp
6,XinJiang DaYe,183.38,64964908,NotImp
6,XinJiang DaYe,183.39,65167254,NotImp
6,XinJiang DaYe,184.77,65167416,NotImp
6,XinJiang DaYe,191.07,65167448,NotImp
6,XinJiang DaYe,191.83,65167450,NotImp
6,XinJiang DaYe,191.83,65167451,NotImp
6,XinJiang DaYe,191.83,65167501,NotImp
6,XinJiang DaYe,200.97,68848554,NotImp
6,XinJiang DaYe,200.98,68848572,NotImp
6,XinJiang DaYe,200.98,68848583,NotImp
6,XinJiang DaYe,201.5,68914232,NotImp
6,XinJiang DaYe,212.49,68914267,NotImp
6,XinJiang DaYe,212.57,69330884,NotImp
6,XinJiang DaYe,214.22,72098613,NotImp
6,XinJiang DaYe,214.23,72151980,NotImp
6,XinJiang DaYe,214.23,72246423,NotImp
6,XinJiang DaYe,214.23,72437271,NotImp
6,XinJiang DaYe,214.23,72437361,NotImp
6,XinJiang DaYe,214.23,72467032,NotImp
6,XinJiang DaYe,214.23,72798840,NotImp
6,XinJiang DaYe,215.31,72798872,NotImp
6,XinJiang DaYe,215.74,72890241,NotImp
6,XinJiang DaYe,215.74,72890284,NotImp
6,XinJiang DaYe,215.74,72993669,NotImp
6,XinJiang DaYe,215.74,72993671,NotImp
6,XinJiang DaYe,216.18,72993698,NotImp
6,XinJiang DaYe,216.18,72993716,NotImp
6,XinJiang DaYe,216.18,72993718,NotImp
6,XinJiang DaYe,217.47,73847541,NotImp
6,XinJiang DaYe,217.63,73847611,NotImp
6,XinJiang DaYe,217.63,73847623,NotImp
6,XinJiang DaYe,217.71,74152606,NotImp
6,XinJiang DaYe,218.3,74301434,NotImp
6,XinJiang DaYe,218.3,74301524,NotImp
6,XinJiang DaYe,218.3,74476673,NotImp
6,XinJiang DaYe,218.3,74476676,NotImp
6,XinJiang DaYe,218.31,74476684,NotImp
6,XinJiang DaYe,218.31,74476689,NotImp
6,XinJiang DaYe,218.58,74476696,NotImp
6,XinJiang DaYe,218.58,74476717,NotImp
6,XinJiang DaYe,218.58,74476718,NotImp
6,XinJiang DaYe,219.63,74750936,NotImp
6,XinJiang DaYe,219.66,75134665,NotImp
6,XinJiang DaYe,219.93,75134681,NotImp
6,XinJiang DaYe,219.93,75370286,NotImp
6,XinJiang DaYe,220.63,76243655,NotImp
6,XinJiang DaYe,220.63,76243733,NotImp
6,XinJiang DaYe,220.63,76485354,NotImp
6,XinJiang DaYe,220.63,76485514,NotImp
6,XinJiang DaYe,220.64,77218852,NotImp
6,XinJiang DaYe,224.03,77934489,NotImp
6,XinJiang DaYe,224.03,77934548,NotImp
6,XinJiang DaYe,224.03,78160075,NotImp
6,XinJiang DaYe,224.03,78300141,NotImp
6,XinJiang DaYe,224.03,78300169,NotImp
6,XinJiang DaYe,224.03,79345631,NotImp
6,XinJiang DaYe,224.03,79369264,NotImp
6,XinJiang DaYe,224.04,79470003,NotImp
6,XinJiang DaYe,229.29,79639908,NotImp
6,XinJiang DaYe,229.29,79824899,NotImp
7,XinJiang DaYe,0,388496,NotImp
7,XinJiang DaYe,5.08,388530,NotImp
7,XinJiang DaYe,5.08,388548,NotImp
7,XinJiang DaYe,5.08,388637,NotImp
7,XinJiang DaYe,5.08,388656,NotImp
7,XinJiang DaYe,5.08,390206,NotImp
7,XinJiang DaYe,5.08,390353,NotImp
7,XinJiang DaYe,5.08,476846,NotImp
7,XinJiang DaYe,5.09,610714,NotImp
7,XinJiang DaYe,5.09,610728,NotImp
7,XinJiang DaYe,5.09,759527,NotImp
7,XinJiang DaYe,5.09,802920,NotImp
7,XinJiang DaYe,5.09,814405,NotImp
7,XinJiang DaYe,5.09,892226,NotImp
7,XinJiang DaYe,5.09,892232,NotImp
7,XinJiang DaYe,5.09,1144438,NotImp
7,XinJiang DaYe,5.09,1144499,NotImp
7,XinJiang DaYe,5.09,1329180,NotImp
7,XinJiang DaYe,5.35,1342636,NotImp
7,XinJiang DaYe,5.66,1501910,NotImp
7,XinJiang DaYe,5.66,1501925,NotImp
7,XinJiang DaYe,5.81,1550052,NotImp
7,XinJiang DaYe,5.91,1553420,NotImp
7,XinJiang DaYe,5.93,1785446,NotImp
7,XinJiang DaYe,5.93,1797060,NotImp
7,XinJiang DaYe,5.93,1920713,NotImp
7,XinJiang DaYe,5.93,1928221,NotImp
7,XinJiang DaYe,6.04,2054790,NotImp
7,XinJiang DaYe,6.75,2135620,NotImp
7,XinJiang DaYe,6.75,2138346,NotImp
7,XinJiang DaYe,6.75,2138501,NotImp
7,XinJiang DaYe,6.76,2138706,NotImp
7,XinJiang DaYe,6.76,2138718,NotImp
7,XinJiang DaYe,14.06,2328479,NotImp
7,XinJiang DaYe,25.48,2370047,NotImp
7,XinJiang DaYe,25.48,2370056,NotImp
7,XinJiang DaYe,25.48,2447343,NotImp
7,XinJiang DaYe,26.26,2629907,NotImp
7,XinJiang DaYe,26.26,2629954,NotImp
7,XinJiang DaYe,26.26,2682906,NotImp
7,XinJiang DaYe,28.69,3055943,NotImp
7,XinJiang DaYe,28.69,3121795,NotImp
7,XinJiang DaYe,28.69,3688475,NotImp
7,XinJiang DaYe,39.74,3688587,NotImp
7,XinJiang DaYe,39.74,3688645,NotImp
7,XinJiang DaYe,46.14,3703846,NotImp
7,XinJiang DaYe,46.15,3704914,NotImp
7,XinJiang DaYe,46.15,4429392,NotImp
7,XinJiang DaYe,46.15,4429396,NotImp
7,XinJiang DaYe,46.15,4429404,NotImp
7,XinJiang DaYe,46.15,4478743,NotImp
7,XinJiang DaYe,46.15,4535400,NotImp
7,XinJiang DaYe,46.15,5079641,NotImp
7,XinJiang DaYe,46.15,6224942,NotImp
7,XinJiang DaYe,46.15,6236461,NotImp
7,XinJiang DaYe,46.39,6298495,NotImp
7,XinJiang DaYe,67.63,6407086,NotImp
7,XinJiang DaYe,67.63,6407145,NotImp
7,XinJiang DaYe,73.69,6492226,NotImp
7,XinJiang DaYe,73.69,6673672,NotImp
7,XinJiang DaYe,73.69,6763498,NotImp
7,XinJiang DaYe,73.69,7000502,NotImp
7,XinJiang DaYe,73.69,7104057,NotImp
7,XinJiang DaYe,73.69,7104117,NotImp
7,XinJiang DaYe,73.77,7105385,NotImp
7,XinJiang DaYe,73.78,8947621,NotImp
7,XinJiang DaYe,73.78,9554391,NotImp
7,XinJiang DaYe,73.78,9554449,NotImp
7,XinJiang DaYe,73.78,9756779,NotImp
7,XinJiang DaYe,74.53,9916728,NotImp
7,XinJiang DaYe,74.53,10061264,NotImp
7,XinJiang DaYe,74.53,10769724,NotImp
7,XinJiang DaYe,74.53,10769840,NotImp
7,XinJiang DaYe,74.53,10769858,NotImp
7,XinJiang DaYe,74.53,10769885,NotImp
7,XinJiang DaYe,74.53,10947133,NotImp
7,XinJiang DaYe,74.54,11202213,NotImp
7,XinJiang DaYe,74.54,11210098,NotImp
7,XinJiang DaYe,74.54,11278764,NotImp
7,XinJiang DaYe,74.54,11278936,NotImp
7,XinJiang DaYe,74.54,11462940,NotImp
7,XinJiang DaYe,74.54,11472459,NotImp
7,XinJiang DaYe,74.54,11549375,NotImp
7,XinJiang DaYe,74.54,12366472,NotImp
7,XinJiang DaYe,74.54,12367981,NotImp
7,XinJiang DaYe,74.54,12368002,NotImp
7,XinJiang DaYe,74.55,12728786,NotImp
7,XinJiang DaYe,85.86,12791777,NotImp
7,XinJiang DaYe,85.86,12791803,NotImp
7,XinJiang DaYe,85.86,12791806,NotImp
7,XinJiang DaYe,93.74,12794636,NotImp
7,XinJiang DaYe,93.74,12794658,NotImp
7,XinJiang DaYe,93.74,12794669,NotImp
7,XinJiang DaYe,93.75,12794680,NotImp
7,XinJiang DaYe,93.75,13031442,NotImp
7,XinJiang DaYe,105.6,13041917,NotImp
7,XinJiang DaYe,105.6,13042054,NotImp
7,XinJiang DaYe,105.6,13187186,NotImp
7,XinJiang DaYe,105.6,13409038,NotImp
7,XinJiang DaYe,105.6,13629662,NotImp
7,XinJiang DaYe,105.6,14179364,NotImp
7,XinJiang DaYe,105.6,14436011,NotImp
7,XinJiang DaYe,109.57,14436017,NotImp
7,XinJiang DaYe,116.11,14687228,NotImp
7,XinJiang DaYe,116.11,14691576,NotImp
7,XinJiang DaYe,116.11,15181085,NotImp
7,XinJiang DaYe,116.11,15224801,NotImp
7,XinJiang DaYe,117.31,15368990,NotImp
7,XinJiang DaYe,117.31,15369191,NotImp
7,XinJiang DaYe,117.31,15369213,NotImp
7,XinJiang DaYe,117.31,15400509,NotImp
7,XinJiang DaYe,117.31,16146657,NotImp
7,XinJiang DaYe,117.32,16148232,NotImp
7,XinJiang DaYe,117.32,16456178,NotImp
7,XinJiang DaYe,117.32,16470278,NotImp
7,XinJiang DaYe,118.03,16565088,NotImp
7,XinJiang DaYe,118.03,16565143,NotImp
7,XinJiang DaYe,118.03,16625108,NotImp
7,XinJiang DaYe,119.62,16625155,NotImp
7,XinJiang DaYe,119.62,16625178,NotImp
7,XinJiang DaYe,119.62,16625184,NotImp
7,XinJiang DaYe,127.12,16625242,NotImp
7,XinJiang DaYe,127.12,16625245,NotImp
7,XinJiang DaYe,127.12,16625254,NotImp
7,XinJiang DaYe,130.29,16650570,NotImp
7,XinJiang DaYe,130.63,16650624,NotImp
7,XinJiang DaYe,131.5,17259521,NotImp
7,XinJiang DaYe,131.5,17714156,NotImp
7,XinJiang DaYe,143.92,17714162,NotImp
7,XinJiang DaYe,145.36,17735220,NotImp
7,XinJiang DaYe,145.36,18041464,NotImp
7,XinJiang DaYe,153.8,18442312,NotImp
7,XinJiang DaYe,153.8,18707605,NotImp
7,XinJiang DaYe,153.8,19541918,NotImp
7,XinJiang DaYe,153.81,19901952,NotImp
7,XinJiang DaYe,153.81,19911472,NotImp
7,XinJiang DaYe,153.81,20949866,NotImp
7,XinJiang DaYe,153.81,21096240,NotImp
7,XinJiang DaYe,153.81,22140746,NotImp
7,XinJiang DaYe,153.81,22466804,NotImp
7,XinJiang DaYe,155.48,22467047,NotImp
7,XinJiang DaYe,155.48,22830653,NotImp
7,XinJiang DaYe,157.13,22830998,NotImp
7,XinJiang DaYe,157.2,23410679,NotImp
7,XinJiang DaYe,157.2,23999548,NotImp
7,XinJiang DaYe,157.2,24014795,NotImp
7,XinJiang DaYe,157.2,24014847,NotImp
7,XinJiang DaYe,157.2,24015023,NotImp
7,XinJiang DaYe,157.2,24036480,NotImp
7,XinJiang DaYe,157.2,24095301,NotImp
7,XinJiang DaYe,157.21,24113638,NotImp
7,XinJiang DaYe,157.21,24179957,NotImp
7,XinJiang DaYe,157.37,24180159,NotImp
7,XinJiang DaYe,157.37,24180173,NotImp
7,XinJiang DaYe,157.37,24180205,NotImp
7,XinJiang DaYe,157.38,24180223,NotImp
7,XinJiang DaYe,157.38,25558793,NotImp
7,XinJiang DaYe,157.38,25559627,NotImp
7,XinJiang DaYe,160.28,25726755,NotImp
7,XinJiang DaYe,160.28,26128807,NotImp
7,XinJiang DaYe,160.28,26564609,NotImp
7,XinJiang DaYe,160.52,27852032,NotImp
7,XinJiang DaYe,160.52,27965694,NotImp
7,XinJiang DaYe,160.52,28685250,NotImp
7,XinJiang DaYe,160.52,28685256,NotImp
7,XinJiang DaYe,160.52,28685505,NotImp
7,XinJiang DaYe,160.52,28875200,NotImp
7,XinJiang DaYe,166.15,29850588,NotImp
7,XinJiang DaYe,166.15,30021354,NotImp
7,XinJiang DaYe,166.15,31720600,NotImp
7,XinJiang DaYe,166.15,31720731,NotImp
7,XinJiang DaYe,166.16,32424120,NotImp
7,XinJiang DaYe,166.16,32499033,NotImp
7,XinJiang DaYe,166.94,32536222,NotImp
7,XinJiang DaYe,166.94,32536357,NotImp
7,XinJiang DaYe,197.21,33519727,NotImp
7,XinJiang DaYe,197.21,33531330,NotImp
7,XinJiang DaYe,197.56,33531377,NotImp
7,XinJiang DaYe,203.27,34100969,NotImp
7,XinJiang DaYe,203.27,35349059,NotImp
7,XinJiang DaYe,203.98,35387755,NotImp
7,XinJiang DaYe,203.99,35423546,NotImp
7,XinJiang DaYe,203.99,35423608,NotImp
7,XinJiang DaYe,232.25,35423878,NotImp
7,XinJiang DaYe,235.51,35453285,NotImp
7,XinJiang DaYe,235.52,35453415,NotImp
7,XinJiang DaYe,236.03,36315571,NotImp
7,XinJiang DaYe,236.03,36457983,NotImp
7,XinJiang DaYe,237.58,36511373,NotImp
7,XinJiang DaYe,237.58,37254804,NotImp
7,XinJiang DaYe,237.58,37731765,NotImp
7,XinJiang DaYe,237.58,37821581,NotImp
7,XinJiang DaYe,237.59,37821618,NotImp
7,XinJiang DaYe,237.59,37823790,NotImp
7,XinJiang DaYe,237.71,37823848,NotImp
7,XinJiang DaYe,237.71,37823949,NotImp
7,XinJiang DaYe,237.72,38410809,NotImp
7,XinJiang DaYe,238.66,38930906,NotImp
7,XinJiang DaYe,238.92,38930926,NotImp
7,XinJiang DaYe,238.93,38930934,NotImp
7,XinJiang DaYe,238.93,38930961,NotImp
7,XinJiang DaYe,238.93,38935456,NotImp
7,XinJiang DaYe,245.93,39206369,NotImp
7,XinJiang DaYe,245.93,39206381,NotImp
7,XinJiang DaYe,245.93,39206402,NotImp
7,XinJiang DaYe,249.45,40496562,NotImp
7,XinJiang DaYe,249.45,40547971,NotImp
7,XinJiang DaYe,249.85,41126013,NotImp
7,XinJiang DaYe,250.61,42021217,NotImp
7,XinJiang DaYe,250.61,42024673,NotImp
7,XinJiang DaYe,252.92,42107294,NotImp
7,XinJiang DaYe,254.94,42123125,NotImp
7,XinJiang DaYe,254.94,42203246,NotImp
7,XinJiang DaYe,255.78,42781978,NotImp
7,XinJiang DaYe,256.64,43211885,NotImp
7,XinJiang DaYe,256.64,43269164,NotImp
7,XinJiang DaYe,256.64,43281998,NotImp
7,XinJiang DaYe,257.34,44000807,NotImp
7,XinJiang DaYe,257.34,44000863,NotImp
7,XinJiang DaYe,257.34,44001694,NotImp
7,XinJiang DaYe,257.47,44006750,NotImp
7,XinJiang DaYe,257.55,44006789,NotImp
7,XinJiang DaYe,257.55,45483427,NotImp
7,XinJiang DaYe,257.55,45527496,NotImp
7,XinJiang DaYe,257.55,45527524,NotImp
7,XinJiang DaYe,258.54,45527640,NotImp
7,XinJiang DaYe,258.54,45567873,NotImp
7,XinJiang DaYe,260.5,45567895,NotImp
7,XinJiang DaYe,260.5,45567896,NotImp
7,XinJiang DaYe,260.5,45749286,NotImp
7,XinJiang DaYe,260.5,45749291,NotImp
7,XinJiang DaYe,260.5,45749292,NotImp
7,XinJiang DaYe,261.39,45757988,NotImp
7,XinJiang DaYe,262.89,47635522,NotImp
7,XinJiang DaYe,262.89,47816563,NotImp
7,XinJiang DaYe,262.89,47839741,NotImp
7,XinJiang DaYe,263.73,48639125,NotImp
7,XinJiang DaYe,263.73,48639162,NotImp
7,XinJiang DaYe,263.74,48893954,NotImp
7,XinJiang DaYe,263.74,48894005,NotImp
7,XinJiang DaYe,263.74,48894719,NotImp
7,XinJiang DaYe,264.25,49087743,NotImp
7,XinJiang DaYe,264.25,49100746,NotImp
7,XinJiang DaYe,264.93,49100765,NotImp
7,XinJiang DaYe,266.1,49362306,NotImp
7,XinJiang DaYe,266.74,50495404,NotImp
7,XinJiang DaYe,266.74,50813786,NotImp
7,XinJiang DaYe,266.74,50813834,NotImp
7,XinJiang DaYe,266.75,50813855,NotImp
7,XinJiang DaYe,267.71,50885759,NotImp
7,XinJiang DaYe,267.71,51674915,NotImp
7,XinJiang DaYe,267.71,52409525,NotImp
7,XinJiang DaYe,268.23,52538301,NotImp
7,XinJiang DaYe,269.38,53487066,NotImp
7,XinJiang DaYe,269.38,53555279,NotImp
7,XinJiang DaYe,269.38,53830072,NotImp
7,XinJiang DaYe,269.39,55241047,NotImp
7,XinJiang DaYe,269.39,55590976,NotImp
7,XinJiang DaYe,270.85,56657431,NotImp
7,XinJiang DaYe,270.85,56862642,NotImp
7,XinJiang DaYe,270.85,56862645,NotImp
7,XinJiang DaYe,270.86,56862660,NotImp
7,XinJiang DaYe,270.86,56862663,NotImp
7,XinJiang DaYe,270.86,57264429,NotImp
7,XinJiang DaYe,270.86,57264443,NotImp
7,XinJiang DaYe,271.18,57264444,NotImp
7,XinJiang DaYe,271.18,57264481,NotImp
7,XinJiang DaYe,271.18,57264612,NotImp
7,XinJiang DaYe,271.18,57358890,NotImp
7,XinJiang DaYe,271.32,58785564,NotImp
7,XinJiang DaYe,271.32,58785828,NotImp
7,XinJiang DaYe,272.44,59216986,NotImp
7,XinJiang DaYe,272.44,59632642,NotImp
7,XinJiang DaYe,272.44,59632688,NotImp
7,XinJiang DaYe,272.45,59632692,NotImp
7,XinJiang DaYe,272.58,59632813,NotImp
7,XinJiang DaYe,272.58,59632815,NotImp
7,XinJiang DaYe,272.58,59632822,NotImp
7,XinJiang DaYe,272.58,59723695,NotImp
7,XinJiang DaYe,272.58,59761750,NotImp
7,XinJiang DaYe,272.58,59862929,NotImp
7,XinJiang DaYe,272.58,59862978,NotImp
7,XinJiang DaYe,272.58,59863037,NotImp
7,XinJiang DaYe,272.95,60540990,NotImp
7,XinJiang DaYe,272.95,60541041,NotImp
7,XinJiang DaYe,272.95,60541044,NotImp
7,XinJiang DaYe,272.96,60541171,NotImp
7,XinJiang DaYe,272.96,60541186,NotImp
7,XinJiang DaYe,272.96,60541203,NotImp
7,XinJiang DaYe,275.11,61039428,NotImp
7,XinJiang DaYe,275.31,61564164,NotImp
7,XinJiang DaYe,275.31,62163266,NotImp
7,XinJiang DaYe,275.31,62163350,NotImp
7,XinJiang DaYe,275.31,62558722,NotImp
7,XinJiang DaYe,275.31,62558726,NotImp
7,XinJiang DaYe,275.31,62558728,NotImp
7,XinJiang DaYe,275.31,63914208,NotImp
7,XinJiang DaYe,276.59,63924701,NotImp
7,XinJiang DaYe,277.02,63973753,NotImp
7,XinJiang DaYe,277.02,63973771,NotImp
7,XinJiang DaYe,277.02,64464420,NotImp
7,XinJiang DaYe,277.02,64590920,NotImp
7,XinJiang DaYe,277.02,64591112,NotImp
7,XinJiang DaYe,277.02,64709896,NotImp
7,XinJiang DaYe,277.02,64713393,NotImp
7,XinJiang DaYe,277.02,64869868,NotImp
7,XinJiang DaYe,277.03,65028811,NotImp
7,XinJiang DaYe,282.11,65295777,NotImp
7,XinJiang DaYe,282.11,65295785,NotImp
7,XinJiang DaYe,285.49,66331818,NotImp
7,XinJiang DaYe,286.72,66331842,NotImp
7,XinJiang DaYe,286.72,66487661,NotImp
7,XinJiang DaYe,286.72,66487830,NotImp
7,XinJiang DaYe,286.73,66538068,NotImp
7,XinJiang DaYe,287.06,66538214,NotImp
7,XinJiang DaYe,287.06,66817456,NotImp
7,XinJiang DaYe,287.06,66817472,NotImp
7,XinJiang DaYe,287.07,66882040,NotImp
7,XinJiang DaYe,287.07,67028505,NotImp
7,XinJiang DaYe,287.07,67331509,NotImp
7,XinJiang DaYe,287.2,67331573,NotImp
7,XinJiang DaYe,287.2,67333394,NotImp
7,XinJiang DaYe,287.75,67333395,NotImp
7,XinJiang DaYe,295.65,67948723,NotImp
7,XinJiang DaYe,302.4,73547727,NotImp
7,XinJiang DaYe,303.12,75388714,NotImp
7,XinJiang DaYe,303.12,75392649,NotImp
7,XinJiang DaYe,303.12,75431952,NotImp
7,XinJiang DaYe,303.12,75431996,NotImp
7,XinJiang DaYe,303.13,76057261,NotImp
7,XinJiang DaYe,304.58,76057280,NotImp
7,XinJiang DaYe,306.22,76557141,NotImp
7,XinJiang DaYe,306.22,76845902,NotImp
7,XinJiang DaYe,306.22,76846066,NotImp
7,XinJiang DaYe,306.22,76851305,NotImp
7,XinJiang DaYe,306.22,76851455,NotImp
7,XinJiang DaYe,306.22,76851588,NotImp
7,XinJiang DaYe,306.22,77157362,NotImp
7,XinJiang DaYe,306.22,77157489,NotImp
7,XinJiang DaYe,306.22,77172085,NotImp
7,XinJiang DaYe,307.25,78182330,NotImp
7,XinJiang DaYe,307.25,78182951,NotImp
7,XinJiang DaYe,307.25,78183176,NotImp
7,XinJiang DaYe,307.25,78323593,NotImp
7,XinJiang DaYe,307.25,79267952,NotImp
7,XinJiang DaYe,307.31,79373748,NotImp
7,XinJiang DaYe,307.32,79489004,NotImp
7,XinJiang DaYe,307.32,80132165,NotImp
7,XinJiang DaYe,310.98,81634302,NotImp
7,XinJiang DaYe,310.98,82897727,NotImp
7,XinJiang DaYe,310.98,82897757,NotImp
7,XinJiang DaYe,310.98,82897766,NotImp
7,XinJiang DaYe,310.98,82943497,NotImp
7,XinJiang DaYe,317.6,83605732,NotImp
7,XinJiang DaYe,317.6,83605772,NotImp
7,XinJiang DaYe,321.35,84083221,NotImp
7,XinJiang DaYe,321.35,84250765,NotImp
7,XinJiang DaYe,321.38,84451002,NotImp
7,XinJiang DaYe,328.24,85413465,NotImp
7,XinJiang DaYe,328.24,85420000,NotImp
7,XinJiang DaYe,328.29,85420133,NotImp
7,XinJiang DaYe,333.5,85420159,NotImp
7,XinJiang DaYe,333.5,86123841,NotImp
7,XinJiang DaYe,333.5,86124062,NotImp
7,XinJiang DaYe,333.5,86837818,NotImp
7,XinJiang DaYe,333.5,86878686,NotImp
7,XinJiang DaYe,333.5,86879077,NotImp
7,XinJiang DaYe,333.5,86879178,NotImp
7,XinJiang DaYe,333.51,86879255,NotImp
7,XinJiang DaYe,337.68,86879297,NotImp
7,XinJiang DaYe,337.68,86879306,NotImp
7,XinJiang DaYe,337.68,87383465,NotImp
7,XinJiang DaYe,338.49,87383622,NotImp
7,XinJiang DaYe,338.49,88292780,NotImp
8,XinJiang DaYe,0,408785,NotImp
8,XinJiang DaYe,0,753622,NotImp
8,XinJiang DaYe,0,1150972,NotImp
8,XinJiang DaYe,0,1150983,NotImp
8,XinJiang DaYe,0,1151074,NotImp
8,XinJiang DaYe,0.01,1184731,NotImp
8,XinJiang DaYe,16.18,1188048,NotImp
8,XinJiang DaYe,16.18,1188053,NotImp
8,XinJiang DaYe,20.54,1424651,NotImp
8,XinJiang DaYe,26.03,1858413,NotImp
8,XinJiang DaYe,26.03,1903099,NotImp
8,XinJiang DaYe,26.03,1953298,NotImp
8,XinJiang DaYe,26.03,1953319,NotImp
8,XinJiang DaYe,26.04,2160949,NotImp
8,XinJiang DaYe,29.42,2161069,NotImp
8,XinJiang DaYe,29.42,2161086,NotImp
8,XinJiang DaYe,29.42,2161088,NotImp
8,XinJiang DaYe,29.72,2161111,NotImp
8,XinJiang DaYe,34,2197648,NotImp
8,XinJiang DaYe,34,2544600,NotImp
8,XinJiang DaYe,34,2544604,NotImp
8,XinJiang DaYe,34.05,2837156,NotImp
8,XinJiang DaYe,34.05,3502009,NotImp
8,XinJiang DaYe,34.05,4356155,NotImp
8,XinJiang DaYe,39.23,7945106,NotImp
8,XinJiang DaYe,39.23,8739371,NotImp
8,XinJiang DaYe,39.23,9335972,NotImp
8,XinJiang DaYe,39.23,9601608,NotImp
8,XinJiang DaYe,39.23,9601615,NotImp
8,XinJiang DaYe,39.23,10041454,NotImp
8,XinJiang DaYe,39.24,10904099,NotImp
8,XinJiang DaYe,39.24,11488334,NotImp
8,XinJiang DaYe,39.24,12063273,NotImp
8,XinJiang DaYe,39.24,12516207,NotImp
8,XinJiang DaYe,39.24,16043413,NotImp
8,XinJiang DaYe,39.24,16527544,NotImp
8,XinJiang DaYe,39.24,16585924,NotImp
8,XinJiang DaYe,39.24,16985355,NotImp
8,XinJiang DaYe,66.7,16985403,NotImp
8,XinJiang DaYe,66.7,16986431,NotImp
8,XinJiang DaYe,66.7,17044508,NotImp
8,XinJiang DaYe,66.7,17114504,NotImp
8,XinJiang DaYe,66.71,17114521,NotImp
8,XinJiang DaYe,66.71,17114628,NotImp
8,XinJiang DaYe,66.71,17201820,NotImp
8,XinJiang DaYe,66.71,17203912,NotImp
8,XinJiang DaYe,66.71,17355679,NotImp
8,XinJiang DaYe,66.71,17671285,NotImp
8,XinJiang DaYe,66.71,17754352,NotImp
8,XinJiang DaYe,66.71,17754353,NotImp
8,XinJiang DaYe,66.71,17831372,NotImp
8,XinJiang DaYe,66.71,17831436,NotImp
8,XinJiang DaYe,66.72,17847059,NotImp
8,XinJiang DaYe,66.94,18674765,NotImp
8,XinJiang DaYe,66.94,19069776,NotImp
8,XinJiang DaYe,66.94,19069777,NotImp
8,XinJiang DaYe,66.94,19069778,NotImp
8,XinJiang DaYe,66.94,19070074,NotImp
8,XinJiang DaYe,66.94,19070103,NotImp
8,XinJiang DaYe,66.95,19248761,NotImp
8,XinJiang DaYe,66.95,19264214,NotImp
8,XinJiang DaYe,66.95,19412011,NotImp
8,XinJiang DaYe,66.95,19412154,NotImp
8,XinJiang DaYe,66.95,19443947,NotImp
8,XinJiang DaYe,66.95,19543316,NotImp
8,XinJiang DaYe,66.95,19543317,NotImp
8,XinJiang DaYe,66.95,19543350,NotImp
8,XinJiang DaYe,66.95,19727842,NotImp
8,XinJiang DaYe,66.95,20113368,NotImp
8,XinJiang DaYe,66.96,20161217,NotImp
8,XinJiang DaYe,66.96,20648390,NotImp
8,XinJiang DaYe,66.96,20648412,NotImp
8,XinJiang DaYe,66.96,20648535,NotImp
8,XinJiang DaYe,74.98,20758222,NotImp
8,XinJiang DaYe,75.25,20793001,NotImp
8,XinJiang DaYe,75.25,20793006,NotImp
8,XinJiang DaYe,76.74,21308342,NotImp
8,XinJiang DaYe,76.74,22342236,NotImp
8,XinJiang DaYe,84.35,22352530,NotImp
8,XinJiang DaYe,100.68,22448632,NotImp
8,XinJiang DaYe,100.68,22532198,NotImp
8,XinJiang DaYe,100.68,22536577,NotImp
8,XinJiang DaYe,100.69,22854081,NotImp
8,XinJiang DaYe,100.69,22896031,NotImp
8,XinJiang DaYe,100.69,22937352,NotImp
8,XinJiang DaYe,100.69,23441289,NotImp
8,XinJiang DaYe,100.69,23994583,NotImp
8,XinJiang DaYe,101.18,24985587,NotImp
8,XinJiang DaYe,101.18,25011098,NotImp
8,XinJiang DaYe,101.18,25412571,NotImp
8,XinJiang DaYe,101.41,25594271,NotImp
8,XinJiang DaYe,101.53,25884428,NotImp
8,XinJiang DaYe,113.2,26562439,NotImp
8,XinJiang DaYe,113.25,26562476,NotImp
8,XinJiang DaYe,132.73,27180702,NotImp
8,XinJiang DaYe,132.84,28345225,NotImp
8,XinJiang DaYe,132.84,28564224,NotImp
8,XinJiang DaYe,132.84,28641927,NotImp
8,XinJiang DaYe,132.84,28700900,NotImp
8,XinJiang DaYe,132.84,28701113,NotImp
8,XinJiang DaYe,132.84,28888341,NotImp
8,XinJiang DaYe,132.85,28888488,NotImp
8,XinJiang DaYe,133.11,30046630,NotImp
8,XinJiang DaYe,133.11,30046689,NotImp
8,XinJiang DaYe,137.41,30046804,NotImp
8,XinJiang DaYe,137.41,30191288,NotImp
8,XinJiang DaYe,149.49,30209954,NotImp
8,XinJiang DaYe,149.49,30209961,NotImp
8,XinJiang DaYe,149.49,30209968,NotImp
8,XinJiang DaYe,149.49,30209973,NotImp
8,XinJiang DaYe,151.71,30209998,NotImp
8,XinJiang DaYe,161.05,30210013,NotImp
8,XinJiang DaYe,161.05,30267143,NotImp
8,XinJiang DaYe,161.05,30267153,NotImp
8,XinJiang DaYe,161.05,30346160,NotImp
8,XinJiang DaYe,161.05,30619229,NotImp
8,XinJiang DaYe,161.46,31315636,NotImp
8,XinJiang DaYe,161.46,31519292,NotImp
8,XinJiang DaYe,161.46,31563168,NotImp
8,XinJiang DaYe,161.46,31563276,NotImp
8,XinJiang DaYe,161.46,31631324,NotImp
8,XinJiang DaYe,161.91,31784504,NotImp
8,XinJiang DaYe,161.91,31784507,NotImp
8,XinJiang DaYe,161.92,31784508,NotImp
8,XinJiang DaYe,161.92,31784523,NotImp
8,XinJiang DaYe,162.7,31935810,NotImp
8,XinJiang DaYe,162.7,31939135,NotImp
8,XinJiang DaYe,162.71,31939211,NotImp
8,XinJiang DaYe,162.71,31939258,NotImp
8,XinJiang DaYe,162.71,32108388,NotImp
8,XinJiang DaYe,162.71,32108439,NotImp
8,XinJiang DaYe,165.04,32402059,NotImp
8,XinJiang DaYe,165.04,32534934,NotImp
8,XinJiang DaYe,165.26,32534955,NotImp
8,XinJiang DaYe,165.26,32561278,NotImp
8,XinJiang DaYe,165.26,32561398,NotImp
8,XinJiang DaYe,165.27,32624490,NotImp
8,XinJiang DaYe,165.39,32631244,NotImp
8,XinJiang DaYe,165.39,32633360,NotImp
8,XinJiang DaYe,165.64,33182508,NotImp
8,XinJiang DaYe,165.64,33190316,NotImp
8,XinJiang DaYe,165.83,33190400,NotImp
8,XinJiang DaYe,165.84,33190451,NotImp
8,XinJiang DaYe,165.84,33236006,NotImp
8,XinJiang DaYe,169.64,33516870,NotImp
8,XinJiang DaYe,169.65,33516986,NotImp
8,XinJiang DaYe,169.65,33517032,NotImp
8,XinJiang DaYe,169.65,33545677,NotImp
8,XinJiang DaYe,169.65,33545707,NotImp
8,XinJiang DaYe,169.65,33571734,NotImp
8,XinJiang DaYe,169.65,33666686,NotImp
8,XinJiang DaYe,169.65,33666774,NotImp
8,XinJiang DaYe,169.88,33666789,NotImp
8,XinJiang DaYe,169.88,33679311,NotImp
8,XinJiang DaYe,169.88,33679354,NotImp
8,XinJiang DaYe,169.89,33679489,NotImp
8,XinJiang DaYe,169.89,33862887,NotImp
8,XinJiang DaYe,169.89,34020347,NotImp
8,XinJiang DaYe,169.89,34322261,NotImp
8,XinJiang DaYe,170.74,34556230,NotImp
8,XinJiang DaYe,171.33,35040191,NotImp
8,XinJiang DaYe,171.33,35040203,NotImp
8,XinJiang DaYe,171.33,35474789,NotImp
8,XinJiang DaYe,171.83,36238476,NotImp
8,XinJiang DaYe,172.21,36639240,NotImp
8,XinJiang DaYe,172.39,36909144,NotImp
8,XinJiang DaYe,172.39,36909169,NotImp
8,XinJiang DaYe,173.43,37005605,NotImp
8,XinJiang DaYe,173.44,37289012,NotImp
8,XinJiang DaYe,173.44,37340352,NotImp
8,XinJiang DaYe,174.46,37359438,NotImp
8,XinJiang DaYe,175.16,37359477,NotImp
8,XinJiang DaYe,175.16,37359504,NotImp
8,XinJiang DaYe,175.98,37642418,NotImp
8,XinJiang DaYe,175.98,37642460,NotImp
8,XinJiang DaYe,175.98,37642637,NotImp
8,XinJiang DaYe,175.98,37934978,NotImp
8,XinJiang DaYe,175.98,37940048,NotImp
8,XinJiang DaYe,176,38302589,NotImp
8,XinJiang DaYe,176.01,38423432,NotImp
8,XinJiang DaYe,176.25,38521851,NotImp
8,XinJiang DaYe,176.25,38532778,NotImp
8,XinJiang DaYe,178.5,38677379,NotImp
8,XinJiang DaYe,178.5,38677387,NotImp
8,XinJiang DaYe,178.5,39147595,NotImp
8,XinJiang DaYe,178.5,39147655,NotImp
8,XinJiang DaYe,178.5,39147749,NotImp
8,XinJiang DaYe,179.16,41025447,NotImp
8,XinJiang DaYe,181.03,42833769,NotImp
8,XinJiang DaYe,181.24,43140418,NotImp
8,XinJiang DaYe,184.03,43187244,NotImp
8,XinJiang DaYe,185.19,45020266,NotImp
8,XinJiang DaYe,185.19,45190754,NotImp
8,XinJiang DaYe,185.19,45190841,NotImp
8,XinJiang DaYe,185.79,45882061,NotImp
8,XinJiang DaYe,186.58,46304863,NotImp
8,XinJiang DaYe,186.91,46764199,NotImp
8,XinJiang DaYe,186.91,46875559,NotImp
8,XinJiang DaYe,186.91,46875602,NotImp
8,XinJiang DaYe,187.48,47981384,NotImp
8,XinJiang DaYe,187.48,49035384,NotImp
8,XinJiang DaYe,187.48,49625663,NotImp
8,XinJiang DaYe,187.49,51231698,NotImp
8,XinJiang DaYe,188.69,51935432,NotImp
8,XinJiang DaYe,188.7,51966727,NotImp
8,XinJiang DaYe,192.2,53024155,NotImp
8,XinJiang DaYe,192.2,53024206,NotImp
8,XinJiang DaYe,192.2,53024212,NotImp
8,XinJiang DaYe,192.35,53027806,NotImp
8,XinJiang DaYe,192.35,53072798,NotImp
8,XinJiang DaYe,192.36,53072813,NotImp
8,XinJiang DaYe,192.36,53317374,NotImp
8,XinJiang DaYe,192.36,53317379,NotImp
8,XinJiang DaYe,192.36,53339082,NotImp
8,XinJiang DaYe,192.36,53339172,NotImp
8,XinJiang DaYe,192.36,53750712,NotImp
8,XinJiang DaYe,192.86,54208777,NotImp
8,XinJiang DaYe,192.86,55101381,NotImp
8,XinJiang DaYe,192.86,55110547,NotImp
8,XinJiang DaYe,192.86,55132286,NotImp
8,XinJiang DaYe,193.13,56443473,NotImp
8,XinJiang DaYe,193.13,56542156,NotImp
8,XinJiang DaYe,193.13,56542289,NotImp
8,XinJiang DaYe,193.14,56546339,NotImp
8,XinJiang DaYe,193.88,57605734,NotImp
8,XinJiang DaYe,193.88,58130986,NotImp
8,XinJiang DaYe,193.89,58130991,NotImp
8,XinJiang DaYe,193.89,58130995,NotImp
8,XinJiang DaYe,193.89,58675522,NotImp
8,XinJiang DaYe,193.89,58924909,NotImp
8,XinJiang DaYe,193.92,59150840,NotImp
8,XinJiang DaYe,194.27,59150875,NotImp
8,XinJiang DaYe,194.27,59150877,NotImp
8,XinJiang DaYe,196.01,59393084,NotImp
8,XinJiang DaYe,196.49,60019443,NotImp
8,XinJiang DaYe,196.5,60021629,NotImp
8,XinJiang DaYe,196.5,60631519,NotImp
8,XinJiang DaYe,196.5,60631549,NotImp
8,XinJiang DaYe,196.5,60631721,NotImp
8,XinJiang DaYe,197.52,60675782,NotImp
8,XinJiang DaYe,197.93,61331368,NotImp
8,XinJiang DaYe,197.93,61423541,NotImp
8,XinJiang DaYe,197.93,61675577,NotImp
8,XinJiang DaYe,197.93,61971063,NotImp
8,XinJiang DaYe,198.28,62308443,NotImp
8,XinJiang DaYe,198.28,62308599,NotImp
8,XinJiang DaYe,198.28,62308612,NotImp
8,XinJiang DaYe,198.71,63107322,NotImp
8,XinJiang DaYe,198.71,63298817,NotImp
8,XinJiang DaYe,198.71,63298829,NotImp
8,XinJiang DaYe,198.79,63937204,NotImp
8,XinJiang DaYe,199.44,63978730,NotImp
8,XinJiang DaYe,199.44,65116794,NotImp
8,XinJiang DaYe,199.44,65116798,NotImp
8,XinJiang DaYe,199.44,65116975,NotImp
8,XinJiang DaYe,199.45,65117119,NotImp
8,XinJiang DaYe,199.45,65123806,NotImp
8,XinJiang DaYe,199.45,65123856,NotImp
8,XinJiang DaYe,199.45,65127995,NotImp
8,XinJiang DaYe,206.2,65417820,NotImp
8,XinJiang DaYe,206.2,65753095,NotImp
8,XinJiang DaYe,206.2,65983685,NotImp
8,XinJiang DaYe,206.2,67731917,NotImp
8,XinJiang DaYe,206.2,67731951,NotImp
8,XinJiang DaYe,206.2,67759327,NotImp
8,XinJiang DaYe,206.2,69878346,NotImp
8,XinJiang DaYe,212.54,70110003,NotImp
8,XinJiang DaYe,212.89,70588614,NotImp
8,XinJiang DaYe,214.7,70603248,NotImp
8,XinJiang DaYe,214.7,70607053,NotImp
8,XinJiang DaYe,214.7,70607065,NotImp
8,XinJiang DaYe,214.7,71348229,NotImp
8,XinJiang DaYe,214.7,71348292,NotImp
8,XinJiang DaYe,214.7,71349765,NotImp
8,XinJiang DaYe,214.71,71399162,NotImp
8,XinJiang DaYe,214.71,72110887,NotImp
8,XinJiang DaYe,214.71,72112282,NotImp
8,XinJiang DaYe,214.71,73629047,NotImp
8,XinJiang DaYe,214.71,73862075,NotImp
8,XinJiang DaYe,219.82,74424613,NotImp
8,XinJiang DaYe,220.98,74424742,NotImp
8,XinJiang DaYe,221.66,74440256,NotImp
8,XinJiang DaYe,234.15,74757109,NotImp
8,XinJiang DaYe,234.15,74757118,NotImp
8,XinJiang DaYe,243.23,74966015,NotImp
8,XinJiang DaYe,243.23,74966875,NotImp
8,XinJiang DaYe,243.23,75199857,NotImp
8,XinJiang DaYe,243.23,75200029,NotImp
8,XinJiang DaYe,259.81,76033804,NotImp
8,XinJiang DaYe,263.16,76033888,NotImp
8,XinJiang DaYe,275.41,77180622,NotImp
8,XinJiang DaYe,275.41,77390238,NotImp
8,XinJiang DaYe,281.81,77432980,NotImp
8,XinJiang DaYe,281.81,77448035,NotImp
8,XinJiang DaYe,281.82,77481305,NotImp
8,XinJiang DaYe,281.82,77869296,NotImp
8,XinJiang DaYe,281.82,77869331,NotImp
8,XinJiang DaYe,281.82,78493448,NotImp
8,XinJiang DaYe,283.36,78705914,NotImp
8,XinJiang DaYe,285.33,78876605,NotImp
8,XinJiang DaYe,285.34,78974218,NotImp
8,XinJiang DaYe,287.16,79389219,NotImp
8,XinJiang DaYe,291.45,79836265,NotImp
8,XinJiang DaYe,294.83,79836302,NotImp
8,XinJiang DaYe,294.83,79992472,NotImp
8,XinJiang DaYe,294.84,79992490,NotImp
8,XinJiang DaYe,299.1,81394485,NotImp
8,XinJiang DaYe,299.12,82316669,NotImp
8,XinJiang DaYe,299.12,82541516,NotImp
8,XinJiang DaYe,301.29,82571827,NotImp
8,XinJiang DaYe,302.88,82573476,NotImp
8,XinJiang DaYe,302.88,82573478,NotImp
8,XinJiang DaYe,304.48,82698041,NotImp
8,XinJiang DaYe,307.11,82852077,NotImp
8,XinJiang DaYe,307.44,83113542,NotImp
8,XinJiang DaYe,308.07,83113628,NotImp
8,XinJiang DaYe,308.07,84705653,NotImp
8,XinJiang DaYe,308.07,84705670,NotImp
8,XinJiang DaYe,308.07,84745181,NotImp
8,XinJiang DaYe,308.76,84745182,NotImp
8,XinJiang DaYe,308.76,84778196,NotImp
8,XinJiang DaYe,308.76,84778219,NotImp
8,XinJiang DaYe,308.76,85050562,NotImp
8,XinJiang DaYe,308.76,85050798,NotImp
8,XinJiang DaYe,308.76,85050821,NotImp
8,XinJiang DaYe,308.76,85220367,NotImp
8,XinJiang DaYe,308.76,85336098,NotImp
8,XinJiang DaYe,308.76,85388930,NotImp
8,XinJiang DaYe,308.77,85449279,NotImp
8,XinJiang DaYe,308.77,85627536,NotImp
8,XinJiang DaYe,308.77,85627630,NotImp
8,XinJiang DaYe,308.77,85858511,NotImp
1,Pangenome,0,745191,NotImp
1,Pangenome,0,919378,NotImp
1,Pangenome,0,1059005,NotImp
1,Pangenome,0,1066463,NotImp
1,Pangenome,0,1066466,NotImp
1,Pangenome,0.01,1066514,NotImp
1,Pangenome,0.3,1219834,NotImp
1,Pangenome,0.54,1238234,NotImp
1,Pangenome,0.54,1256180,NotImp
1,Pangenome,0.54,1260662,NotImp
1,Pangenome,0.54,1260780,NotImp
1,Pangenome,0.73,1393857,NotImp
1,Pangenome,0.78,1646652,NotImp
1,Pangenome,0.78,1671569,NotImp
1,Pangenome,0.78,1709016,NotImp
1,Pangenome,0.78,1923588,NotImp
1,Pangenome,0.78,3312051,NotImp
1,Pangenome,2.66,3698478,NotImp
1,Pangenome,2.66,4222290,NotImp
1,Pangenome,2.66,4244291,NotImp
1,Pangenome,2.66,4454066,NotImp
1,Pangenome,2.66,4497518,NotImp
1,Pangenome,2.66,4718674,NotImp
1,Pangenome,2.68,5168489,NotImp
1,Pangenome,2.86,5679993,NotImp
1,Pangenome,2.86,5690110,NotImp
1,Pangenome,2.86,6020264,NotImp
1,Pangenome,2.86,6265544,NotImp
1,Pangenome,3.15,6265688,NotImp
1,Pangenome,3.15,6887824,NotImp
1,Pangenome,3.21,7781013,NotImp
1,Pangenome,3.21,7799252,NotImp
1,Pangenome,12.43,7855160,NotImp
1,Pangenome,12.44,7919582,NotImp
1,Pangenome,12.44,8439122,NotImp
1,Pangenome,19.72,8752910,NotImp
1,Pangenome,19.73,8753095,NotImp
1,Pangenome,19.73,8789624,NotImp
1,Pangenome,19.73,9229550,NotImp
1,Pangenome,19.73,10246753,NotImp
1,Pangenome,19.73,11072620,NotImp
1,Pangenome,19.73,11075491,NotImp
1,Pangenome,19.73,11075649,NotImp
1,Pangenome,32.26,11234703,NotImp
1,Pangenome,32.26,11234850,NotImp
1,Pangenome,32.26,11246353,NotImp
1,Pangenome,40.16,11755458,NotImp
1,Pangenome,40.16,11755583,NotImp
1,Pangenome,40.16,11871525,NotImp
1,Pangenome,40.16,12128668,NotImp
1,Pangenome,40.16,12647727,NotImp
1,Pangenome,43.63,14132876,NotImp
1,Pangenome,45.45,15161518,NotImp
1,Pangenome,45.45,15206272,NotImp
1,Pangenome,46.06,15284912,NotImp
1,Pangenome,46.06,15296323,NotImp
1,Pangenome,46.45,15445875,NotImp
1,Pangenome,46.45,15445910,NotImp
1,Pangenome,59.16,16019889,NotImp
1,Pangenome,66.09,16019930,NotImp
1,Pangenome,66.09,16019943,NotImp
1,Pangenome,66.1,16019962,NotImp
1,Pangenome,75.09,16033200,NotImp
1,Pangenome,75.09,16210762,NotImp
1,Pangenome,77.56,16210788,NotImp
1,Pangenome,80.08,16216529,NotImp
1,Pangenome,80.08,16227534,NotImp
1,Pangenome,82.75,16443862,NotImp
1,Pangenome,109.55,16686486,NotImp
1,Pangenome,115.64,16686498,NotImp
1,Pangenome,115.73,16835838,NotImp
1,Pangenome,116.07,16837519,NotImp
1,Pangenome,116.07,17449467,NotImp
1,Pangenome,116.91,17449565,NotImp
1,Pangenome,116.91,17449604,NotImp
1,Pangenome,116.91,17449623,NotImp
1,Pangenome,118.86,17637148,NotImp
1,Pangenome,118.86,17969833,NotImp
1,Pangenome,118.86,18058806,NotImp
1,Pangenome,118.86,18058826,NotImp
1,Pangenome,121.43,18058933,NotImp
1,Pangenome,121.43,18058959,NotImp
1,Pangenome,123.1,18059720,NotImp
1,Pangenome,123.11,18059869,NotImp
1,Pangenome,123.83,18777233,NotImp
1,Pangenome,123.93,18784819,NotImp
1,Pangenome,124.4,18988317,NotImp
1,Pangenome,124.4,19694383,NotImp
1,Pangenome,124.86,19694426,NotImp
1,Pangenome,124.86,19694431,NotImp
1,Pangenome,135.76,19846591,NotImp
1,Pangenome,135.76,19846749,NotImp
1,Pangenome,135.76,19846800,NotImp
1,Pangenome,135.76,19846922,NotImp
1,Pangenome,135.76,19847839,NotImp
1,Pangenome,135.76,19847840,NotImp
1,Pangenome,135.77,19847848,NotImp
1,Pangenome,135.77,20247809,NotImp
1,Pangenome,136.55,20247818,NotImp
1,Pangenome,137.13,20247947,NotImp
1,Pangenome,137.13,20273949,NotImp
1,Pangenome,137.64,20274150,NotImp
1,Pangenome,137.66,22844646,NotImp
1,Pangenome,137.66,22844661,NotImp
1,Pangenome,137.66,22844714,NotImp
1,Pangenome,137.99,23119149,NotImp
1,Pangenome,137.99,23119336,NotImp
1,Pangenome,137.99,23134470,NotImp
1,Pangenome,139.55,23134487,NotImp
1,Pangenome,144.39,23134528,NotImp
1,Pangenome,144.39,23134537,NotImp
1,Pangenome,144.4,23134539,NotImp
1,Pangenome,144.65,23254445,NotImp
1,Pangenome,144.65,23254478,NotImp
1,Pangenome,148.27,23331469,NotImp
1,Pangenome,148.28,23331664,NotImp
1,Pangenome,159.58,23431550,NotImp
1,Pangenome,160.39,23495090,NotImp
1,Pangenome,164.37,23500195,NotImp
1,Pangenome,169.65,23500279,NotImp
1,Pangenome,169.66,23500285,NotImp
1,Pangenome,169.66,23500292,NotImp
1,Pangenome,169.66,23500328,NotImp
1,Pangenome,169.66,23542637,NotImp
1,Pangenome,169.66,24125736,NotImp
1,Pangenome,169.66,24538129,NotImp
1,Pangenome,175.59,24617928,NotImp
1,Pangenome,176.97,25346045,NotImp
1,Pangenome,176.98,25346078,NotImp
1,Pangenome,176.98,25346271,NotImp
1,Pangenome,197.27,25406073,NotImp
1,Pangenome,197.27,25406082,NotImp
1,Pangenome,197.27,25832795,NotImp
1,Pangenome,197.28,25832922,NotImp
1,Pangenome,197.28,25993463,NotImp
1,Pangenome,197.5,26051457,NotImp
1,Pangenome,207.13,26692505,NotImp
1,Pangenome,208.78,26692604,NotImp
1,Pangenome,212.87,27406230,NotImp
1,Pangenome,212.87,27406307,NotImp
1,Pangenome,212.87,27599298,NotImp
1,Pangenome,212.87,27702534,NotImp
1,Pangenome,212.88,27885860,NotImp
1,Pangenome,212.88,28131860,NotImp
1,Pangenome,220.67,28311240,NotImp
1,Pangenome,220.9,28813292,NotImp
1,Pangenome,220.9,29268261,NotImp
1,Pangenome,220.9,29268312,NotImp
1,Pangenome,220.9,29281206,NotImp
1,Pangenome,220.9,29281368,NotImp
1,Pangenome,220.9,29281408,NotImp
1,Pangenome,220.9,29310983,NotImp
1,Pangenome,220.9,29327545,NotImp
1,Pangenome,221.76,29668935,NotImp
1,Pangenome,221.76,29668939,NotImp
1,Pangenome,221.76,29668955,NotImp
1,Pangenome,221.76,29669021,NotImp
1,Pangenome,221.76,29669032,NotImp
1,Pangenome,221.76,29669094,NotImp
1,Pangenome,221.76,30441995,NotImp
1,Pangenome,221.76,30441998,NotImp
1,Pangenome,221.76,30442034,NotImp
1,Pangenome,221.76,30451093,NotImp
1,Pangenome,222.03,32302726,NotImp
1,Pangenome,222.03,32302754,NotImp
1,Pangenome,222.03,32302783,NotImp
1,Pangenome,222.03,32303016,NotImp
1,Pangenome,222.03,32303033,NotImp
1,Pangenome,222.03,32303035,NotImp
1,Pangenome,222.62,32883414,NotImp
1,Pangenome,222.62,33759563,NotImp
1,Pangenome,222.62,33759564,NotImp
1,Pangenome,222.62,33759571,NotImp
1,Pangenome,222.62,33760055,NotImp
1,Pangenome,222.62,34890401,NotImp
1,Pangenome,222.62,34890403,NotImp
1,Pangenome,222.91,38603990,NotImp
1,Pangenome,222.92,38604901,NotImp
1,Pangenome,222.92,38604911,NotImp
1,Pangenome,222.92,38604940,NotImp
1,Pangenome,227.31,39171894,NotImp
1,Pangenome,227.31,39171999,NotImp
1,Pangenome,227.31,39289305,NotImp
1,Pangenome,227.32,39299257,NotImp
1,Pangenome,227.32,39790784,NotImp
1,Pangenome,227.32,39790806,NotImp
1,Pangenome,229.12,45464597,NotImp
1,Pangenome,229.12,45696053,NotImp
1,Pangenome,229.12,47711159,NotImp
1,Pangenome,229.12,52288014,NotImp
1,Pangenome,229.12,52541596,NotImp
1,Pangenome,229.12,52791876,NotImp
1,Pangenome,229.13,52791895,NotImp
1,Pangenome,229.13,53723228,NotImp
1,Pangenome,229.13,53723240,NotImp
1,Pangenome,229.13,53723427,NotImp
1,Pangenome,229.13,53723740,NotImp
1,Pangenome,229.13,54153815,NotImp
1,Pangenome,229.13,54153829,NotImp
1,Pangenome,229.43,56393212,NotImp
1,Pangenome,230.99,57526830,NotImp
1,Pangenome,230.99,57622747,NotImp
1,Pangenome,231.25,57622877,NotImp
1,Pangenome,231.25,57622903,NotImp
1,Pangenome,231.59,58499539,NotImp
1,Pangenome,231.59,58874113,NotImp
1,Pangenome,233.57,59576802,NotImp
1,Pangenome,233.57,59576807,NotImp
1,Pangenome,233.64,60718566,NotImp
1,Pangenome,234.34,60806732,NotImp
1,Pangenome,234.34,61286598,NotImp
1,Pangenome,234.34,61286639,NotImp
1,Pangenome,234.35,61433153,NotImp
1,Pangenome,234.35,61433323,NotImp
1,Pangenome,234.35,61433336,NotImp
1,Pangenome,234.35,61844186,NotImp
1,Pangenome,234.35,61925736,NotImp
1,Pangenome,234.35,61925758,NotImp
1,Pangenome,234.35,61925945,NotImp
1,Pangenome,234.35,61956611,NotImp
1,Pangenome,234.35,62240791,NotImp
1,Pangenome,236.65,62501858,NotImp
1,Pangenome,236.65,63219106,NotImp
1,Pangenome,236.66,63228314,NotImp
1,Pangenome,236.66,63351563,NotImp
1,Pangenome,236.66,63351580,NotImp
1,Pangenome,236.66,63351628,NotImp
1,Pangenome,236.77,63356474,NotImp
1,Pangenome,236.77,63393059,NotImp
1,Pangenome,236.8,63506019,NotImp
1,Pangenome,236.85,63708560,NotImp
1,Pangenome,236.9,64837150,NotImp
1,Pangenome,236.9,64991122,NotImp
1,Pangenome,237.01,64991123,NotImp
1,Pangenome,237.01,64991310,NotImp
1,Pangenome,237.52,65131480,NotImp
1,Pangenome,237.52,65310762,NotImp
1,Pangenome,237.52,65310893,NotImp
1,Pangenome,237.98,65602058,NotImp
1,Pangenome,237.98,65602071,NotImp
1,Pangenome,239.46,66329468,NotImp
1,Pangenome,239.46,66329474,NotImp
1,Pangenome,239.46,67688642,NotImp
1,Pangenome,239.46,67728294,NotImp
1,Pangenome,239.46,67863718,NotImp
1,Pangenome,239.46,68009259,NotImp
1,Pangenome,239.46,68012504,NotImp
1,Pangenome,240.28,68214077,NotImp
1,Pangenome,240.28,69110023,NotImp
1,Pangenome,240.28,69110140,NotImp
1,Pangenome,240.28,69110206,NotImp
1,Pangenome,242.1,69640707,NotImp
1,Pangenome,242.1,69738642,NotImp
1,Pangenome,242.1,69806663,NotImp
1,Pangenome,242.1,69894598,NotImp
1,Pangenome,242.1,70574975,NotImp
1,Pangenome,242.3,71256057,NotImp
1,Pangenome,243.32,72105748,NotImp
1,Pangenome,243.32,72105785,NotImp
1,Pangenome,243.32,72799367,NotImp
1,Pangenome,247.04,77118544,NotImp
1,Pangenome,247.04,77494352,NotImp
1,Pangenome,247.04,77494689,NotImp
1,Pangenome,247.04,77529906,NotImp
1,Pangenome,247.04,78002525,NotImp
1,Pangenome,247.04,78070684,NotImp
1,Pangenome,248.59,78359309,NotImp
1,Pangenome,248.59,78435836,NotImp
1,Pangenome,248.59,78451552,NotImp
1,Pangenome,248.59,78451601,NotImp
1,Pangenome,248.65,78451789,NotImp
1,Pangenome,248.65,78451790,NotImp
1,Pangenome,248.65,78678571,NotImp
1,Pangenome,248.65,78945135,NotImp
1,Pangenome,248.65,79210694,NotImp
1,Pangenome,248.65,79210701,NotImp
1,Pangenome,248.65,79216825,NotImp
1,Pangenome,248.65,79362131,NotImp
1,Pangenome,248.65,79362141,NotImp
1,Pangenome,248.66,79395030,NotImp
1,Pangenome,248.66,79395265,NotImp
1,Pangenome,249.18,80048989,NotImp
1,Pangenome,249.25,80049190,NotImp
1,Pangenome,249.25,80263951,NotImp
1,Pangenome,249.82,80785174,NotImp
1,Pangenome,249.82,80787338,NotImp
1,Pangenome,249.82,80991008,NotImp
1,Pangenome,249.82,81284748,NotImp
1,Pangenome,249.82,81315505,NotImp
1,Pangenome,251.13,82223581,NotImp
1,Pangenome,256.89,82468987,NotImp
1,Pangenome,256.89,82469291,NotImp
1,Pangenome,256.89,82469507,NotImp
1,Pangenome,257.36,82865383,NotImp
1,Pangenome,257.36,82865450,NotImp
1,Pangenome,257.36,82865478,NotImp
1,Pangenome,257.36,82876140,NotImp
1,Pangenome,257.36,83020568,NotImp
1,Pangenome,257.36,83556861,NotImp
1,Pangenome,257.36,83675191,NotImp
1,Pangenome,257.36,83901987,NotImp
1,Pangenome,257.36,84211474,NotImp
1,Pangenome,257.36,84212140,NotImp
1,Pangenome,257.69,84246120,NotImp
1,Pangenome,257.7,84333997,NotImp
1,Pangenome,258.93,84734787,NotImp
1,Pangenome,259.65,84998017,NotImp
1,Pangenome,259.65,85029861,NotImp
1,Pangenome,259.65,85705165,NotImp
1,Pangenome,259.65,85712843,NotImp
1,Pangenome,263.46,86890411,NotImp
1,Pangenome,263.46,86890416,NotImp
1,Pangenome,265.65,86918811,NotImp
1,Pangenome,265.65,87009608,NotImp
1,Pangenome,265.65,87918770,NotImp
1,Pangenome,265.65,87918771,NotImp
1,Pangenome,265.65,87922117,NotImp
1,Pangenome,265.65,87944014,NotImp
1,Pangenome,265.65,87944040,NotImp
1,Pangenome,268.92,88378290,NotImp
1,Pangenome,268.92,88378334,NotImp
1,Pangenome,268.92,88509101,NotImp
1,Pangenome,268.92,89264168,NotImp
1,Pangenome,268.92,89264190,NotImp
1,Pangenome,268.92,89288558,NotImp
1,Pangenome,268.92,89288560,NotImp
1,Pangenome,268.92,89288602,NotImp
1,Pangenome,268.93,89304948,NotImp
1,Pangenome,268.95,89939110,NotImp
1,Pangenome,268.95,89991966,NotImp
1,Pangenome,268.96,90249986,NotImp
1,Pangenome,268.96,90250135,NotImp
1,Pangenome,273.37,90595060,NotImp
1,Pangenome,273.37,90595062,NotImp
1,Pangenome,273.37,90595070,NotImp
1,Pangenome,273.37,90595083,NotImp
1,Pangenome,273.37,90595089,NotImp
1,Pangenome,277.44,90734386,NotImp
1,Pangenome,277.44,90734605,NotImp
1,Pangenome,277.44,90869682,NotImp
1,Pangenome,277.44,90878861,NotImp
1,Pangenome,277.45,90878918,NotImp
1,Pangenome,277.65,90878934,NotImp
1,Pangenome,277.65,90878943,NotImp
1,Pangenome,277.65,90879480,NotImp
1,Pangenome,277.85,91032151,NotImp
1,Pangenome,277.86,91032177,NotImp
1,Pangenome,277.86,91074623,NotImp
1,Pangenome,278.01,91074653,NotImp
1,Pangenome,278.01,91295269,NotImp
1,Pangenome,278.22,91380500,NotImp
1,Pangenome,278.22,91613830,NotImp
1,Pangenome,278.22,91613887,NotImp
1,Pangenome,278.22,91627912,NotImp
1,Pangenome,278.22,91911470,NotImp
1,Pangenome,278.22,91911541,NotImp
1,Pangenome,278.46,92236050,NotImp
1,Pangenome,278.47,92869986,NotImp
1,Pangenome,278.47,93063702,NotImp
1,Pangenome,278.47,93063703,NotImp
1,Pangenome,278.47,93274070,NotImp
1,Pangenome,279.11,94365742,NotImp
1,Pangenome,279.11,94784568,NotImp
1,Pangenome,279.11,95884098,NotImp
1,Pangenome,280.84,96062808,NotImp
1,Pangenome,280.84,96062847,NotImp
1,Pangenome,280.85,96147979,NotImp
1,Pangenome,280.85,96364146,NotImp
1,Pangenome,280.85,96431834,NotImp
1,Pangenome,280.85,96577258,NotImp
1,Pangenome,280.85,96608936,NotImp
1,Pangenome,281.83,97094331,NotImp
1,Pangenome,281.83,97980040,NotImp
1,Pangenome,281.84,97987781,NotImp
1,Pangenome,281.85,98047606,NotImp
1,Pangenome,282.83,98386988,NotImp
1,Pangenome,282.83,98387014,NotImp
1,Pangenome,282.83,98530196,NotImp
1,Pangenome,282.83,98586540,NotImp
1,Pangenome,282.83,99065733,NotImp
1,Pangenome,283.49,99318353,NotImp
1,Pangenome,283.49,99338403,NotImp
1,Pangenome,283.49,99482760,NotImp
1,Pangenome,283.49,99482770,NotImp
1,Pangenome,283.49,99482989,NotImp
1,Pangenome,283.49,99581108,NotImp
1,Pangenome,283.49,99587117,NotImp
1,Pangenome,283.49,99587166,NotImp
1,Pangenome,283.49,99931379,NotImp
1,Pangenome,283.49,100039958,NotImp
1,Pangenome,283.5,100155653,NotImp
1,Pangenome,283.5,100155679,NotImp
1,Pangenome,283.5,100220919,NotImp
1,Pangenome,283.5,100221187,NotImp
1,Pangenome,283.75,100587671,NotImp
1,Pangenome,283.75,100653002,NotImp
1,Pangenome,283.75,100653564,NotImp
1,Pangenome,283.75,100653577,NotImp
1,Pangenome,283.75,100664247,NotImp
1,Pangenome,283.75,100754921,NotImp
1,Pangenome,283.76,100814414,NotImp
1,Pangenome,283.76,100827847,NotImp
1,Pangenome,283.76,101512933,NotImp
1,Pangenome,283.76,101548170,NotImp
1,Pangenome,283.76,101577419,NotImp
1,Pangenome,283.76,101577495,NotImp
1,Pangenome,283.76,101577636,NotImp
1,Pangenome,283.76,101596389,NotImp
1,Pangenome,283.76,101630568,NotImp
1,Pangenome,283.76,101673556,NotImp
1,Pangenome,283.77,101717177,NotImp
1,Pangenome,283.77,101899629,NotImp
1,Pangenome,283.77,101899827,NotImp
2,Pangenome,0,179511,NotImp
2,Pangenome,0,179865,NotImp
2,Pangenome,0,289289,NotImp
2,Pangenome,0,289348,NotImp
2,Pangenome,7.94,526068,NotImp
2,Pangenome,7.94,695935,NotImp
2,Pangenome,7.98,1066525,NotImp
2,Pangenome,7.98,1198740,NotImp
2,Pangenome,8.18,1282739,NotImp
2,Pangenome,8.27,1578053,NotImp
2,Pangenome,8.32,1698717,NotImp
2,Pangenome,8.42,1856740,NotImp
2,Pangenome,8.42,1919138,NotImp
2,Pangenome,8.42,2236431,NotImp
2,Pangenome,8.43,3794061,NotImp
2,Pangenome,8.43,4003902,NotImp
2,Pangenome,9.11,5141465,NotImp
2,Pangenome,9.12,5141492,NotImp
2,Pangenome,9.12,5141497,NotImp
2,Pangenome,9.29,5300986,NotImp
2,Pangenome,9.39,5313757,NotImp
2,Pangenome,9.39,5818884,NotImp
2,Pangenome,9.39,6128388,NotImp
2,Pangenome,9.39,6128433,NotImp
2,Pangenome,9.39,6128451,NotImp
2,Pangenome,9.4,6319610,NotImp
2,Pangenome,9.41,7536710,NotImp
2,Pangenome,9.43,7536903,NotImp
2,Pangenome,9.43,8265884,NotImp
2,Pangenome,9.43,8495533,NotImp
2,Pangenome,9.43,8943390,NotImp
2,Pangenome,9.43,9124584,NotImp
2,Pangenome,16.87,9295132,NotImp
2,Pangenome,16.87,9296722,NotImp
2,Pangenome,16.88,9542723,NotImp
2,Pangenome,27.8,10075387,NotImp
2,Pangenome,41.66,10108632,NotImp
2,Pangenome,41.66,10175922,NotImp
2,Pangenome,41.66,10175989,NotImp
2,Pangenome,41.66,10186503,NotImp
2,Pangenome,41.67,10187791,NotImp
2,Pangenome,41.67,10187792,NotImp
2,Pangenome,41.67,10187950,NotImp
2,Pangenome,41.67,10397654,NotImp
2,Pangenome,41.67,10399482,NotImp
2,Pangenome,41.67,10427283,NotImp
2,Pangenome,41.67,10433947,NotImp
2,Pangenome,41.78,10480609,NotImp
2,Pangenome,41.78,10893844,NotImp
2,Pangenome,50.64,11001295,NotImp
2,Pangenome,50.64,11049463,NotImp
2,Pangenome,50.64,11507432,NotImp
2,Pangenome,50.64,12153328,NotImp
2,Pangenome,59.87,12224273,NotImp
2,Pangenome,59.88,12224306,NotImp
2,Pangenome,63.92,12224530,NotImp
2,Pangenome,78.53,14938224,NotImp
2,Pangenome,78.53,15163527,NotImp
2,Pangenome,78.53,15163693,NotImp
2,Pangenome,78.53,15163723,NotImp
2,Pangenome,78.53,15283565,NotImp
2,Pangenome,78.53,15329211,NotImp
2,Pangenome,104.3,15329357,NotImp
2,Pangenome,104.3,15484572,NotImp
2,Pangenome,109.74,15555560,NotImp
2,Pangenome,119.78,15573226,NotImp
2,Pangenome,126.37,16071039,NotImp
2,Pangenome,126.37,16443444,NotImp
2,Pangenome,126.37,16443445,NotImp
2,Pangenome,126.37,16443453,NotImp
2,Pangenome,141.24,16496294,NotImp
2,Pangenome,141.24,16668411,NotImp
2,Pangenome,141.25,16797815,NotImp
2,Pangenome,141.37,17869820,NotImp
2,Pangenome,141.37,17875578,NotImp
2,Pangenome,141.37,17973314,NotImp
2,Pangenome,141.37,18168043,NotImp
2,Pangenome,168.16,18353112,NotImp
2,Pangenome,168.16,18611950,NotImp
2,Pangenome,208.51,18995181,NotImp
2,Pangenome,208.51,18995312,NotImp
2,Pangenome,208.51,18995388,NotImp
2,Pangenome,208.9,19375490,NotImp
2,Pangenome,208.91,19382233,NotImp
2,Pangenome,208.91,19473606,NotImp
2,Pangenome,208.91,19474568,NotImp
2,Pangenome,208.91,19503312,NotImp
2,Pangenome,208.91,19503323,NotImp
2,Pangenome,208.91,19503344,NotImp
2,Pangenome,208.91,19503361,NotImp
2,Pangenome,210.09,19640378,NotImp
2,Pangenome,210.13,19640414,NotImp
2,Pangenome,210.13,19640425,NotImp
2,Pangenome,210.52,19697439,NotImp
2,Pangenome,211.32,19770886,NotImp
2,Pangenome,211.32,20684587,NotImp
2,Pangenome,217.16,20844774,NotImp
2,Pangenome,217.82,21756550,NotImp
2,Pangenome,217.82,21907219,NotImp
2,Pangenome,217.82,22124151,NotImp
2,Pangenome,217.82,22159545,NotImp
2,Pangenome,218.06,23100536,NotImp
2,Pangenome,219.71,23100544,NotImp
2,Pangenome,219.95,23125174,NotImp
2,Pangenome,220.03,23842276,NotImp
2,Pangenome,220.04,23940013,NotImp
2,Pangenome,220.68,23950166,NotImp
2,Pangenome,220.68,24159951,NotImp
2,Pangenome,220.68,24159958,NotImp
2,Pangenome,220.68,24160016,NotImp
2,Pangenome,220.68,24160173,NotImp
2,Pangenome,220.68,24244925,NotImp
2,Pangenome,221.62,24315876,NotImp
2,Pangenome,221.62,25142914,NotImp
2,Pangenome,221.62,25142924,NotImp
2,Pangenome,227.83,25188188,NotImp
2,Pangenome,234.07,27421627,NotImp
2,Pangenome,234.08,28357105,NotImp
2,Pangenome,235.66,28399633,NotImp
2,Pangenome,237.64,30693502,NotImp
2,Pangenome,238.37,31533772,NotImp
2,Pangenome,238.37,32941161,NotImp
2,Pangenome,239,34742344,NotImp
2,Pangenome,239.01,34742542,NotImp
2,Pangenome,239.01,37413096,NotImp
2,Pangenome,239.01,37479352,NotImp
2,Pangenome,239.01,40127450,NotImp
2,Pangenome,240.9,41472390,NotImp
2,Pangenome,240.9,41472439,NotImp
2,Pangenome,240.9,41472454,NotImp
2,Pangenome,240.9,48368467,NotImp
2,Pangenome,240.9,48775462,NotImp
2,Pangenome,240.9,48796731,NotImp
2,Pangenome,240.9,49482744,NotImp
2,Pangenome,240.91,49623624,NotImp
2,Pangenome,241.08,51123732,NotImp
2,Pangenome,241.26,51151788,NotImp
2,Pangenome,251.5,52025977,NotImp
2,Pangenome,251.5,52307095,NotImp
2,Pangenome,252.09,52689468,NotImp
2,Pangenome,252.09,53920759,NotImp
2,Pangenome,252.9,54004683,NotImp
2,Pangenome,252.97,54004684,NotImp
2,Pangenome,252.97,54416114,NotImp
2,Pangenome,252.97,54850141,NotImp
2,Pangenome,255.42,54850416,NotImp
2,Pangenome,255.42,54850474,NotImp
2,Pangenome,258.01,54850546,NotImp
2,Pangenome,258.01,54850587,NotImp
2,Pangenome,263.47,58114740,NotImp
2,Pangenome,263.47,58119256,NotImp
2,Pangenome,263.47,58607943,NotImp
2,Pangenome,264.65,58608000,NotImp
2,Pangenome,264.65,59155281,NotImp
2,Pangenome,265.82,61211677,NotImp
2,Pangenome,265.82,61212285,NotImp
2,Pangenome,265.82,62071680,NotImp
2,Pangenome,266.47,64332822,NotImp
2,Pangenome,266.47,64441992,NotImp
2,Pangenome,266.47,64639590,NotImp
2,Pangenome,267.31,65073909,NotImp
2,Pangenome,267.31,65073915,NotImp
2,Pangenome,267.59,65345969,NotImp
2,Pangenome,270.05,67565566,NotImp
2,Pangenome,273.15,69189517,NotImp
2,Pangenome,273.15,69832176,NotImp
2,Pangenome,273.16,69952034,NotImp
2,Pangenome,273.16,70073874,NotImp
2,Pangenome,273.33,70572450,NotImp
2,Pangenome,273.33,70601294,NotImp
2,Pangenome,273.33,70781997,NotImp
2,Pangenome,276.93,72191541,NotImp
2,Pangenome,276.93,72191685,NotImp
2,Pangenome,278.03,72482655,NotImp
2,Pangenome,278.04,72482765,NotImp
2,Pangenome,278.99,72499526,NotImp
2,Pangenome,279,72944507,NotImp
2,Pangenome,279,72980813,NotImp
2,Pangenome,279.74,72981308,NotImp
2,Pangenome,279.74,72981341,NotImp
2,Pangenome,279.74,73437827,NotImp
2,Pangenome,279.74,73438003,NotImp
2,Pangenome,280.33,74022737,NotImp
2,Pangenome,280.33,74022813,NotImp
2,Pangenome,280.71,74022990,NotImp
2,Pangenome,280.71,75080182,NotImp
2,Pangenome,280.71,75303698,NotImp
2,Pangenome,280.71,75486494,NotImp
2,Pangenome,280.71,75972639,NotImp
2,Pangenome,282.07,75972728,NotImp
2,Pangenome,282.86,76309167,NotImp
2,Pangenome,282.86,76323093,NotImp
2,Pangenome,283.16,76323158,NotImp
2,Pangenome,283.33,76452785,NotImp
2,Pangenome,283.33,76453526,NotImp
2,Pangenome,283.33,76453691,NotImp
2,Pangenome,283.33,76453718,NotImp
2,Pangenome,283.34,76587512,NotImp
2,Pangenome,283.34,76808969,NotImp
2,Pangenome,283.8,77134317,NotImp
2,Pangenome,283.8,77166990,NotImp
2,Pangenome,283.8,77167232,NotImp
2,Pangenome,283.8,77330611,NotImp
2,Pangenome,283.8,77931149,NotImp
2,Pangenome,283.8,77957108,NotImp
2,Pangenome,283.81,78519194,NotImp
2,Pangenome,283.81,78570400,NotImp
2,Pangenome,283.82,78578147,NotImp
2,Pangenome,284.15,78671879,NotImp
2,Pangenome,284.16,78935600,NotImp
2,Pangenome,284.16,79059357,NotImp
2,Pangenome,288.31,79087007,NotImp
2,Pangenome,288.41,79087042,NotImp
2,Pangenome,288.41,79087050,NotImp
2,Pangenome,288.42,79100499,NotImp
2,Pangenome,292.03,79402058,NotImp
2,Pangenome,292.86,79451608,NotImp
2,Pangenome,292.86,80085396,NotImp
2,Pangenome,292.86,80085492,NotImp
2,Pangenome,292.86,81057830,NotImp
2,Pangenome,294.3,81346976,NotImp
2,Pangenome,294.3,81347003,NotImp
2,Pangenome,299.42,81853431,NotImp
2,Pangenome,299.63,81853448,NotImp
2,Pangenome,299.63,81853465,NotImp
2,Pangenome,299.63,81853723,NotImp
2,Pangenome,299.63,82007374,NotImp
2,Pangenome,299.63,82052235,NotImp
2,Pangenome,300.66,82098114,NotImp
2,Pangenome,300.66,82185912,NotImp
2,Pangenome,300.73,82187435,NotImp
2,Pangenome,300.73,82896462,NotImp
2,Pangenome,300.73,82901420,NotImp
2,Pangenome,300.73,83016749,NotImp
2,Pangenome,301.3,83114131,NotImp
2,Pangenome,301.31,83148459,NotImp
2,Pangenome,301.31,83182255,NotImp
2,Pangenome,301.31,83647797,NotImp
2,Pangenome,301.88,84590244,NotImp
2,Pangenome,301.88,84669224,NotImp
2,Pangenome,301.88,84674650,NotImp
2,Pangenome,301.88,84675182,NotImp
2,Pangenome,301.88,84675378,NotImp
2,Pangenome,301.88,84729645,NotImp
3,Pangenome,0,1738753,NotImp
3,Pangenome,0,1738763,NotImp
3,Pangenome,0,1738802,NotImp
3,Pangenome,0,2252645,NotImp
3,Pangenome,0,2252669,NotImp
3,Pangenome,0.52,2252727,NotImp
3,Pangenome,0.54,3100490,NotImp
3,Pangenome,0.91,3219754,NotImp
3,Pangenome,2.43,3849285,NotImp
3,Pangenome,2.44,3890530,NotImp
3,Pangenome,2.44,4511210,NotImp
3,Pangenome,2.52,4615338,NotImp
3,Pangenome,4.87,9490208,NotImp
3,Pangenome,4.87,9490363,NotImp
3,Pangenome,4.87,9490376,NotImp
3,Pangenome,4.94,10151118,NotImp
3,Pangenome,5.69,12231900,NotImp
3,Pangenome,9.04,13310780,NotImp
3,Pangenome,9.04,13310816,NotImp
3,Pangenome,9.04,13310832,NotImp
3,Pangenome,9.91,14681226,NotImp
3,Pangenome,9.92,16075082,NotImp
3,Pangenome,14.33,22066314,NotImp
3,Pangenome,14.33,22927476,NotImp
3,Pangenome,14.88,34681894,NotImp
3,Pangenome,24.24,34682009,NotImp
3,Pangenome,24.47,36813148,NotImp
3,Pangenome,24.47,38654667,NotImp
3,Pangenome,24.47,38654693,NotImp
3,Pangenome,24.47,38654694,NotImp
3,Pangenome,24.8,38654815,NotImp
3,Pangenome,29.09,38654824,NotImp
3,Pangenome,29.28,38654857,NotImp
3,Pangenome,29.28,38654865,NotImp
3,Pangenome,30.47,38654956,NotImp
3,Pangenome,31.48,38655094,NotImp
3,Pangenome,31.48,38655109,NotImp
3,Pangenome,33.17,38655133,NotImp
3,Pangenome,33.17,38992301,NotImp
3,Pangenome,33.17,39064666,NotImp
3,Pangenome,33.17,39064899,NotImp
3,Pangenome,33.17,39064990,NotImp
3,Pangenome,33.17,40429927,NotImp
3,Pangenome,33.17,40430070,NotImp
3,Pangenome,33.17,40430150,NotImp
3,Pangenome,33.17,41166323,NotImp
3,Pangenome,33.17,41166371,NotImp
3,Pangenome,33.73,41166488,NotImp
3,Pangenome,33.73,41166569,NotImp
3,Pangenome,33.73,41166629,NotImp
3,Pangenome,33.73,41166846,NotImp
3,Pangenome,33.98,42434662,NotImp
3,Pangenome,35.08,45189806,NotImp
3,Pangenome,35.08,45190083,NotImp
3,Pangenome,35.08,45190089,NotImp
3,Pangenome,35.08,45319052,NotImp
3,Pangenome,35.08,45319089,NotImp
3,Pangenome,35.08,45540464,NotImp
3,Pangenome,35.08,46464992,NotImp
3,Pangenome,35.09,46470623,NotImp
3,Pangenome,37.07,50089570,NotImp
3,Pangenome,37.32,50644546,NotImp
3,Pangenome,37.79,50647906,NotImp
3,Pangenome,37.79,50649223,NotImp
3,Pangenome,37.79,50942405,NotImp
3,Pangenome,39.28,52228302,NotImp
3,Pangenome,39.28,52228437,NotImp
3,Pangenome,39.28,52515816,NotImp
3,Pangenome,43.48,56036080,NotImp
3,Pangenome,43.78,56383541,NotImp
3,Pangenome,43.92,56672532,NotImp
3,Pangenome,43.92,56701695,NotImp
3,Pangenome,43.92,56701852,NotImp
3,Pangenome,45.24,57478189,NotImp
3,Pangenome,45.24,57529294,NotImp
3,Pangenome,45.24,57529320,NotImp
3,Pangenome,45.24,57534833,NotImp
3,Pangenome,45.24,57535810,NotImp
3,Pangenome,47.18,58760739,NotImp
3,Pangenome,47.55,59148364,NotImp
3,Pangenome,47.55,59148414,NotImp
3,Pangenome,52.37,59148418,NotImp
3,Pangenome,52.37,59148436,NotImp
3,Pangenome,52.37,59148441,NotImp
3,Pangenome,64.12,61741805,NotImp
3,Pangenome,64.12,61880295,NotImp
3,Pangenome,64.13,62167932,NotImp
3,Pangenome,64.13,62724845,NotImp
3,Pangenome,64.56,63564922,NotImp
3,Pangenome,64.56,63564936,NotImp
3,Pangenome,65.36,63565022,NotImp
3,Pangenome,65.36,64584596,NotImp
3,Pangenome,65.36,64584620,NotImp
3,Pangenome,65.36,64814856,NotImp
3,Pangenome,66.31,65421279,NotImp
3,Pangenome,66.79,65544143,NotImp
3,Pangenome,66.79,65544257,NotImp
3,Pangenome,66.79,65544278,NotImp
3,Pangenome,66.79,65574520,NotImp
3,Pangenome,67.72,65587634,NotImp
3,Pangenome,67.72,66978383,NotImp
3,Pangenome,67.86,66991999,NotImp
3,Pangenome,68.04,67707680,NotImp
3,Pangenome,68.04,68124133,NotImp
3,Pangenome,68.05,68176528,NotImp
3,Pangenome,68.05,68593959,NotImp
3,Pangenome,68.05,68883698,NotImp
3,Pangenome,68.05,69142312,NotImp
3,Pangenome,68.05,69182917,NotImp
3,Pangenome,68.05,69189909,NotImp
3,Pangenome,68.05,69189931,NotImp
3,Pangenome,68.61,69433528,NotImp
3,Pangenome,68.61,69945079,NotImp
3,Pangenome,68.81,70019199,NotImp
3,Pangenome,68.81,70019200,NotImp
3,Pangenome,68.81,70086994,NotImp
3,Pangenome,68.81,70087137,NotImp
3,Pangenome,68.9,70234983,NotImp
3,Pangenome,76.99,70235005,NotImp
3,Pangenome,81.08,70243842,NotImp
3,Pangenome,85.03,70296849,NotImp
3,Pangenome,85.03,70391197,NotImp
3,Pangenome,85.05,70433407,NotImp
3,Pangenome,85.05,70433504,NotImp
3,Pangenome,85.05,70844100,NotImp
3,Pangenome,85.05,70893571,NotImp
3,Pangenome,85.05,71116433,NotImp
3,Pangenome,85.05,71181925,NotImp
3,Pangenome,86.79,71285267,NotImp
3,Pangenome,93.73,71405837,NotImp
3,Pangenome,93.73,71405856,NotImp
3,Pangenome,98.59,71405970,NotImp
3,Pangenome,100.6,71418539,NotImp
3,Pangenome,100.81,71517833,NotImp
3,Pangenome,106.02,71599519,NotImp
3,Pangenome,106.02,71605156,NotImp
3,Pangenome,106.02,71651517,NotImp
3,Pangenome,106.02,71676789,NotImp
3,Pangenome,106.02,71676876,NotImp
3,Pangenome,106.02,71677716,NotImp
3,Pangenome,106.03,71889406,NotImp
3,Pangenome,106.03,71889569,NotImp
3,Pangenome,106.03,71889580,NotImp
3,Pangenome,106.03,71889588,NotImp
3,Pangenome,106.03,72041904,NotImp
3,Pangenome,109.91,72041930,NotImp
3,Pangenome,109.91,72041966,NotImp
3,Pangenome,109.93,72042194,NotImp
3,Pangenome,124.99,72226231,NotImp
3,Pangenome,124.99,72226421,NotImp
3,Pangenome,124.99,72361169,NotImp
3,Pangenome,132.12,72897690,NotImp
3,Pangenome,132.12,72897714,NotImp
3,Pangenome,132.12,72898451,NotImp
3,Pangenome,132.12,72898954,NotImp
3,Pangenome,132.12,72898999,NotImp
3,Pangenome,132.12,72899074,NotImp
3,Pangenome,133.28,72951199,NotImp
3,Pangenome,133.71,73142987,NotImp
3,Pangenome,133.71,73143188,NotImp
3,Pangenome,133.71,73402375,NotImp
3,Pangenome,152.87,73421859,NotImp
3,Pangenome,152.87,73443279,NotImp
3,Pangenome,152.87,73464114,NotImp
3,Pangenome,152.87,73727956,NotImp
3,Pangenome,152.87,73755638,NotImp
3,Pangenome,154.78,74303190,NotImp
3,Pangenome,155.63,74304136,NotImp
3,Pangenome,156.26,74588385,NotImp
3,Pangenome,156.27,74590062,NotImp
3,Pangenome,156.27,74596273,NotImp
3,Pangenome,156.27,74663167,NotImp
3,Pangenome,156.27,74703836,NotImp
3,Pangenome,156.27,75381103,NotImp
3,Pangenome,156.27,75571184,NotImp
3,Pangenome,156.27,75587685,NotImp
3,Pangenome,176.24,75587749,NotImp
3,Pangenome,176.24,75588453,NotImp
3,Pangenome,176.24,75720073,NotImp
3,Pangenome,176.64,75720253,NotImp
3,Pangenome,177.3,75720284,NotImp
3,Pangenome,192.92,75775627,NotImp
3,Pangenome,192.92,76112628,NotImp
3,Pangenome,204.96,76115658,NotImp
3,Pangenome,204.96,76219055,NotImp
3,Pangenome,204.96,76219089,NotImp
3,Pangenome,204.96,76219205,NotImp
3,Pangenome,204.96,76219225,NotImp
3,Pangenome,207.51,76516919,NotImp
3,Pangenome,207.51,76517020,NotImp
3,Pangenome,208.74,76681840,NotImp
3,Pangenome,208.76,76681876,NotImp
3,Pangenome,210.37,76681973,NotImp
3,Pangenome,210.61,76681985,NotImp
3,Pangenome,210.61,76754099,NotImp
3,Pangenome,210.61,76754151,NotImp
3,Pangenome,210.61,76837035,NotImp
3,Pangenome,210.62,76837040,NotImp
3,Pangenome,210.7,76837152,NotImp
3,Pangenome,217.35,76837181,NotImp
3,Pangenome,217.35,76844036,NotImp
3,Pangenome,228.87,76974616,NotImp
3,Pangenome,229.7,77626472,NotImp
3,Pangenome,229.82,78044243,NotImp
3,Pangenome,231.9,78061497,NotImp
3,Pangenome,236.02,78427979,NotImp
3,Pangenome,238.42,78647117,NotImp
3,Pangenome,238.42,78759583,NotImp
3,Pangenome,238.42,78801855,NotImp
3,Pangenome,238.42,79220191,NotImp
3,Pangenome,240.02,79220213,NotImp
3,Pangenome,242.06,79450713,NotImp
3,Pangenome,242.06,79654960,NotImp
3,Pangenome,242.06,79813387,NotImp
3,Pangenome,242.06,79976147,NotImp
3,Pangenome,243.51,80476609,NotImp
3,Pangenome,243.51,80608008,NotImp
3,Pangenome,243.52,80641183,NotImp
3,Pangenome,243.52,80648153,NotImp
3,Pangenome,244.18,80671102,NotImp
3,Pangenome,244.18,80671119,NotImp
3,Pangenome,244.18,80671128,NotImp
3,Pangenome,244.48,80755500,NotImp
3,Pangenome,244.48,80982293,NotImp
3,Pangenome,244.49,81383222,NotImp
3,Pangenome,244.49,81383302,NotImp
3,Pangenome,245.38,83420859,NotImp
3,Pangenome,245.38,83808814,NotImp
3,Pangenome,245.38,83956635,NotImp
3,Pangenome,245.38,83973370,NotImp
3,Pangenome,245.38,83973406,NotImp
3,Pangenome,245.59,83973548,NotImp
3,Pangenome,245.59,83973575,NotImp
3,Pangenome,245.59,83979505,NotImp
3,Pangenome,245.59,84359061,NotImp
3,Pangenome,245.59,84495425,NotImp
3,Pangenome,245.61,84613135,NotImp
3,Pangenome,246.07,84741162,NotImp
3,Pangenome,246.07,84909396,NotImp
3,Pangenome,246.07,84922967,NotImp
3,Pangenome,250.48,84923062,NotImp
3,Pangenome,250.48,84923092,NotImp
3,Pangenome,256.1,84923097,NotImp
3,Pangenome,258.63,85135235,NotImp
3,Pangenome,258.63,85267306,NotImp
3,Pangenome,258.63,85267349,NotImp
3,Pangenome,258.64,85267414,NotImp
3,Pangenome,258.64,86282605,NotImp
3,Pangenome,258.64,86430387,NotImp
3,Pangenome,258.64,86705241,NotImp
3,Pangenome,258.64,86705245,NotImp
3,Pangenome,258.64,86705344,NotImp
3,Pangenome,261.32,86727738,NotImp
3,Pangenome,261.32,86943994,NotImp
3,Pangenome,261.32,86944045,NotImp
3,Pangenome,263.11,86945947,NotImp
3,Pangenome,263.11,86945953,NotImp
3,Pangenome,263.77,87236399,NotImp
3,Pangenome,263.85,87810240,NotImp
3,Pangenome,266.99,87810402,NotImp
3,Pangenome,267,87810474,NotImp
3,Pangenome,271.65,88103815,NotImp
3,Pangenome,271.65,88103817,NotImp
3,Pangenome,274.47,88224047,NotImp
3,Pangenome,274.51,88282029,NotImp
3,Pangenome,275.38,88721720,NotImp
3,Pangenome,275.38,88805108,NotImp
3,Pangenome,275.38,88839539,NotImp
3,Pangenome,275.38,88944314,NotImp
3,Pangenome,275.38,88987786,NotImp
3,Pangenome,275.38,89110889,NotImp
3,Pangenome,275.52,89349121,NotImp
3,Pangenome,275.53,89349281,NotImp
3,Pangenome,275.53,89535835,NotImp
3,Pangenome,276.57,90129524,NotImp
3,Pangenome,276.68,90129545,NotImp
3,Pangenome,276.68,90143741,NotImp
3,Pangenome,276.68,90773676,NotImp
3,Pangenome,276.68,90773706,NotImp
3,Pangenome,276.68,90774077,NotImp
3,Pangenome,276.68,90961898,NotImp
3,Pangenome,281.56,90996309,NotImp
3,Pangenome,281.57,91107584,NotImp
3,Pangenome,281.57,91118282,NotImp
3,Pangenome,281.57,91234738,NotImp
3,Pangenome,281.57,91244547,NotImp
3,Pangenome,281.57,91286182,NotImp
3,Pangenome,281.57,91731606,NotImp
3,Pangenome,281.57,91733671,NotImp
3,Pangenome,281.57,91733719,NotImp
3,Pangenome,281.57,91733801,NotImp
3,Pangenome,281.57,91743012,NotImp
3,Pangenome,281.58,91894170,NotImp
3,Pangenome,281.58,92192671,NotImp
3,Pangenome,281.58,92192760,NotImp
3,Pangenome,281.58,92378761,NotImp
3,Pangenome,281.58,92401606,NotImp
3,Pangenome,281.58,92401616,NotImp
3,Pangenome,281.58,92401677,NotImp
3,Pangenome,281.58,92553592,NotImp
3,Pangenome,282.12,92651347,NotImp
3,Pangenome,282.12,93060020,NotImp
3,Pangenome,282.12,93313701,NotImp
3,Pangenome,282.12,93370737,NotImp
3,Pangenome,282.13,93771335,NotImp
3,Pangenome,282.13,93840659,NotImp
3,Pangenome,282.13,93862862,NotImp
3,Pangenome,282.24,93863412,NotImp
3,Pangenome,284.72,93863796,NotImp
3,Pangenome,290.26,94014985,NotImp
3,Pangenome,290.26,94014990,NotImp
3,Pangenome,290.26,94015015,NotImp
3,Pangenome,290.26,94015154,NotImp
3,Pangenome,290.26,94574701,NotImp
3,Pangenome,290.26,94745800,NotImp
3,Pangenome,290.26,95021741,NotImp
3,Pangenome,291.34,95022542,NotImp
3,Pangenome,291.34,97181028,NotImp
3,Pangenome,291.54,97181075,NotImp
3,Pangenome,291.79,99527233,NotImp
3,Pangenome,291.79,99997266,NotImp
3,Pangenome,291.79,100328070,NotImp
3,Pangenome,291.79,100565598,NotImp
3,Pangenome,291.79,100565684,NotImp
3,Pangenome,291.79,100615187,NotImp
3,Pangenome,291.8,100615357,NotImp
3,Pangenome,291.8,100662249,NotImp
3,Pangenome,291.8,101063419,NotImp
3,Pangenome,291.8,101063520,NotImp
3,Pangenome,291.8,101063713,NotImp
3,Pangenome,291.8,101154962,NotImp
3,Pangenome,291.81,101960084,NotImp
3,Pangenome,291.81,102128014,NotImp
3,Pangenome,291.81,102317113,NotImp
3,Pangenome,294.46,102348090,NotImp
3,Pangenome,294.46,102348092,NotImp
3,Pangenome,297.25,102348096,NotImp
3,Pangenome,297.26,102348112,NotImp
3,Pangenome,297.31,102497277,NotImp
3,Pangenome,297.31,102537426,NotImp
3,Pangenome,297.31,102537488,NotImp
3,Pangenome,297.31,102538993,NotImp
3,Pangenome,297.31,102659480,NotImp
3,Pangenome,297.31,102874422,NotImp
3,Pangenome,297.31,103340278,NotImp
3,Pangenome,297.32,103889510,NotImp
3,Pangenome,297.32,103980715,NotImp
4,Pangenome,0,235937,NotImp
4,Pangenome,1.75,236737,NotImp
4,Pangenome,1.76,247895,NotImp
4,Pangenome,1.76,316676,NotImp
4,Pangenome,1.76,316831,NotImp
4,Pangenome,6.16,437769,NotImp
4,Pangenome,6.16,437775,NotImp
4,Pangenome,11.23,437882,NotImp
4,Pangenome,11.23,437888,NotImp
4,Pangenome,11.23,437918,NotImp
4,Pangenome,17.79,1092836,NotImp
4,Pangenome,17.79,1405101,NotImp
4,Pangenome,17.79,1405156,NotImp
4,Pangenome,18.92,1405348,NotImp
4,Pangenome,18.92,1500105,NotImp
4,Pangenome,18.92,1952483,NotImp
4,Pangenome,20.37,2029126,NotImp
4,Pangenome,20.37,2274675,NotImp
4,Pangenome,20.38,2386048,NotImp
4,Pangenome,25.03,2417512,NotImp
4,Pangenome,25.03,2698406,NotImp
4,Pangenome,26.86,3204760,NotImp
4,Pangenome,26.86,3213216,NotImp
4,Pangenome,26.86,3853115,NotImp
4,Pangenome,26.86,3853277,NotImp
4,Pangenome,34.73,4046949,NotImp
4,Pangenome,35.72,4198517,NotImp
4,Pangenome,35.73,4735348,NotImp
4,Pangenome,35.73,4735495,NotImp
4,Pangenome,35.73,4820354,NotImp
4,Pangenome,35.73,5407736,NotImp
4,Pangenome,35.73,5496322,NotImp
4,Pangenome,38.95,5790074,NotImp
4,Pangenome,38.96,5821616,NotImp
4,Pangenome,45.11,5822654,NotImp
4,Pangenome,45.12,5829291,NotImp
4,Pangenome,47.48,6778823,NotImp
4,Pangenome,47.54,6779204,NotImp
4,Pangenome,48.77,6896862,NotImp
4,Pangenome,54.89,7124531,NotImp
4,Pangenome,54.89,7124536,NotImp
4,Pangenome,54.89,7124553,NotImp
4,Pangenome,54.89,7124560,NotImp
4,Pangenome,63.74,7276689,NotImp
4,Pangenome,65.09,7965259,NotImp
4,Pangenome,65.09,7965510,NotImp
4,Pangenome,65.09,8211408,NotImp
4,Pangenome,65.09,8352288,NotImp
4,Pangenome,65.38,9015672,NotImp
4,Pangenome,68.39,9743000,NotImp
4,Pangenome,68.39,10080933,NotImp
4,Pangenome,68.39,10105588,NotImp
4,Pangenome,68.39,10153208,NotImp
4,Pangenome,68.4,11048034,NotImp
4,Pangenome,74.58,11103764,NotImp
4,Pangenome,74.58,11103840,NotImp
4,Pangenome,74.59,11186338,NotImp
4,Pangenome,74.59,11186341,NotImp
4,Pangenome,77.36,11186401,NotImp
4,Pangenome,77.37,11462249,NotImp
4,Pangenome,77.37,11545431,NotImp
4,Pangenome,77.38,11545642,NotImp
4,Pangenome,77.38,11546373,NotImp
4,Pangenome,77.38,11546528,NotImp
4,Pangenome,87.9,11700678,NotImp
4,Pangenome,89.84,11700686,NotImp
4,Pangenome,89.84,11700917,NotImp
4,Pangenome,89.85,11700972,NotImp
4,Pangenome,91.93,11700984,NotImp
4,Pangenome,91.93,11700992,NotImp
4,Pangenome,91.93,11704783,NotImp
4,Pangenome,96.68,11704799,NotImp
4,Pangenome,96.68,11704815,NotImp
4,Pangenome,110.19,12888982,NotImp
4,Pangenome,110.19,13393326,NotImp
4,Pangenome,110.19,13393686,NotImp
4,Pangenome,110.2,13664242,NotImp
4,Pangenome,110.2,13685198,NotImp
4,Pangenome,110.2,13840007,NotImp
4,Pangenome,110.2,13850983,NotImp
4,Pangenome,110.2,14926879,NotImp
4,Pangenome,110.33,14934819,NotImp
4,Pangenome,110.33,14934826,NotImp
4,Pangenome,110.33,14946487,NotImp
4,Pangenome,110.33,14946617,NotImp
4,Pangenome,110.33,15140906,NotImp
4,Pangenome,118.9,15396472,NotImp
4,Pangenome,124.52,15396490,NotImp
4,Pangenome,124.52,15396616,NotImp
4,Pangenome,124.52,17626669,NotImp
4,Pangenome,124.52,17631366,NotImp
4,Pangenome,124.52,17631569,NotImp
4,Pangenome,124.52,19507036,NotImp
4,Pangenome,132.21,19616972,NotImp
4,Pangenome,153.4,19672645,NotImp
4,Pangenome,153.4,19777169,NotImp
4,Pangenome,153.4,20535340,NotImp
4,Pangenome,153.4,20535341,NotImp
4,Pangenome,153.4,20535343,NotImp
4,Pangenome,153.42,20535347,NotImp
4,Pangenome,153.57,20535355,NotImp
4,Pangenome,158.25,20535376,NotImp
4,Pangenome,158.25,20535389,NotImp
4,Pangenome,164.33,21316219,NotImp
4,Pangenome,164.33,22487835,NotImp
4,Pangenome,177.92,22495452,NotImp
4,Pangenome,177.92,23119995,NotImp
4,Pangenome,177.92,23121385,NotImp
4,Pangenome,184.53,23122927,NotImp
4,Pangenome,184.53,23928392,NotImp
4,Pangenome,185.14,23928424,NotImp
4,Pangenome,185.15,23928473,NotImp
4,Pangenome,185.15,23928511,NotImp
4,Pangenome,185.15,23967160,NotImp
4,Pangenome,203.66,23967178,NotImp
4,Pangenome,203.66,23967203,NotImp
4,Pangenome,203.66,24420866,NotImp
4,Pangenome,203.66,24420916,NotImp
4,Pangenome,203.66,25088190,NotImp
4,Pangenome,212.73,25501812,NotImp
4,Pangenome,212.73,26425403,NotImp
4,Pangenome,215.93,26441517,NotImp
4,Pangenome,216.05,27642469,NotImp
4,Pangenome,217.72,27642531,NotImp
4,Pangenome,217.72,27825293,NotImp
4,Pangenome,221.37,29061600,NotImp
4,Pangenome,221.37,29140379,NotImp
4,Pangenome,223.5,29140467,NotImp
4,Pangenome,223.75,29140505,NotImp
4,Pangenome,223.75,29140513,NotImp
4,Pangenome,230.22,29312343,NotImp
4,Pangenome,230.23,29598392,NotImp
4,Pangenome,230.25,29598668,NotImp
4,Pangenome,230.66,29932424,NotImp
4,Pangenome,230.66,30965606,NotImp
4,Pangenome,230.66,31046556,NotImp
4,Pangenome,230.66,31066483,NotImp
4,Pangenome,234.23,31066527,NotImp
4,Pangenome,235.92,31085684,NotImp
4,Pangenome,235.92,31085732,NotImp
4,Pangenome,235.92,31088701,NotImp
4,Pangenome,235.92,34350590,NotImp
4,Pangenome,245.65,34350789,NotImp
4,Pangenome,245.71,34810047,NotImp
4,Pangenome,245.71,34810076,NotImp
4,Pangenome,257.31,34810252,NotImp
4,Pangenome,257.31,34868024,NotImp
4,Pangenome,257.31,34868045,NotImp
4,Pangenome,257.31,34940775,NotImp
4,Pangenome,257.31,34940782,NotImp
4,Pangenome,257.48,34940848,NotImp
4,Pangenome,257.7,37695736,NotImp
4,Pangenome,262.63,37835649,NotImp
4,Pangenome,262.79,38273545,NotImp
4,Pangenome,267.36,38811932,NotImp
4,Pangenome,275.88,38814244,NotImp
4,Pangenome,275.88,39019428,NotImp
4,Pangenome,275.88,39121676,NotImp
4,Pangenome,275.89,39138302,NotImp
4,Pangenome,275.89,39138325,NotImp
4,Pangenome,275.89,39143503,NotImp
4,Pangenome,275.89,39145062,NotImp
4,Pangenome,285.49,40006736,NotImp
4,Pangenome,285.49,40006737,NotImp
4,Pangenome,285.49,40786688,NotImp
4,Pangenome,300.45,40786745,NotImp
4,Pangenome,300.46,40929085,NotImp
4,Pangenome,330.26,40929246,NotImp
4,Pangenome,330.27,41709154,NotImp
4,Pangenome,347.62,41933124,NotImp
4,Pangenome,347.62,42930570,NotImp
4,Pangenome,351.7,42992295,NotImp
4,Pangenome,358.47,43265800,NotImp
4,Pangenome,367.35,45054971,NotImp
4,Pangenome,400.36,45437542,NotImp
4,Pangenome,400.36,45826128,NotImp
4,Pangenome,404.03,45985340,NotImp
4,Pangenome,404.03,45985379,NotImp
4,Pangenome,404.05,45985395,NotImp
4,Pangenome,404.05,45985442,NotImp
4,Pangenome,404.05,45985449,NotImp
4,Pangenome,404.05,46617806,NotImp
4,Pangenome,404.06,46875773,NotImp
4,Pangenome,404.06,46994377,NotImp
4,Pangenome,404.06,46994476,NotImp
4,Pangenome,404.06,46997352,NotImp
4,Pangenome,405.14,46997521,NotImp
4,Pangenome,411.82,47080743,NotImp
4,Pangenome,411.82,47080820,NotImp
4,Pangenome,411.82,47080849,NotImp
4,Pangenome,411.82,47080864,NotImp
4,Pangenome,411.82,47080889,NotImp
4,Pangenome,419.68,47099235,NotImp
4,Pangenome,419.68,47878112,NotImp
4,Pangenome,419.68,47878275,NotImp
4,Pangenome,419.68,47878307,NotImp
4,Pangenome,419.68,47878335,NotImp
4,Pangenome,419.85,47884115,NotImp
4,Pangenome,419.99,48157632,NotImp
4,Pangenome,419.99,48164288,NotImp
4,Pangenome,419.99,48164435,NotImp
4,Pangenome,420.03,48164446,NotImp
4,Pangenome,434.61,48164482,NotImp
4,Pangenome,434.61,48164948,NotImp
4,Pangenome,434.61,48165006,NotImp
4,Pangenome,434.61,48165265,NotImp
4,Pangenome,434.61,48204303,NotImp
4,Pangenome,434.61,48208374,NotImp
4,Pangenome,436.38,48208440,NotImp
4,Pangenome,436.39,48208444,NotImp
4,Pangenome,436.39,48211184,NotImp
4,Pangenome,450.38,48211255,NotImp
4,Pangenome,450.38,48211347,NotImp
4,Pangenome,450.38,48495634,NotImp
4,Pangenome,450.38,48843633,NotImp
4,Pangenome,452.77,48843676,NotImp
4,Pangenome,453.5,48933325,NotImp
4,Pangenome,453.5,48933341,NotImp
4,Pangenome,455.05,48933494,NotImp
4,Pangenome,456.62,49210136,NotImp
4,Pangenome,456.63,49392429,NotImp
4,Pangenome,456.63,49440268,NotImp
4,Pangenome,456.75,49440289,NotImp
4,Pangenome,456.75,49464123,NotImp
4,Pangenome,456.75,49582458,NotImp
4,Pangenome,456.75,49582490,NotImp
4,Pangenome,456.75,49588097,NotImp
4,Pangenome,456.75,49588105,NotImp
4,Pangenome,456.76,49588175,NotImp
4,Pangenome,456.76,49771838,NotImp
4,Pangenome,457.37,49774735,NotImp
4,Pangenome,457.96,49948978,NotImp
4,Pangenome,457.96,49952959,NotImp
4,Pangenome,457.96,50046188,NotImp
4,Pangenome,457.96,50091390,NotImp
4,Pangenome,457.96,50097315,NotImp
4,Pangenome,457.96,50097351,NotImp
4,Pangenome,457.96,50097360,NotImp
4,Pangenome,457.96,50097432,NotImp
4,Pangenome,463.58,50653457,NotImp
4,Pangenome,463.59,50653458,NotImp
4,Pangenome,463.59,50653461,NotImp
4,Pangenome,463.59,50653498,NotImp
4,Pangenome,463.59,50653576,NotImp
4,Pangenome,465.18,52503787,NotImp
4,Pangenome,465.91,52504254,NotImp
4,Pangenome,466.26,52531496,NotImp
4,Pangenome,466.26,53576058,NotImp
4,Pangenome,478.38,54432151,NotImp
4,Pangenome,478.38,54527227,NotImp
4,Pangenome,479.83,54624119,NotImp
4,Pangenome,479.83,54709438,NotImp
4,Pangenome,479.83,54752413,NotImp
4,Pangenome,479.83,54752635,NotImp
4,Pangenome,479.83,54752676,NotImp
4,Pangenome,480.57,54752794,NotImp
4,Pangenome,480.57,54752927,NotImp
4,Pangenome,480.57,54753564,NotImp
4,Pangenome,480.57,54759501,NotImp
4,Pangenome,480.57,54759510,NotImp
4,Pangenome,480.57,54759692,NotImp
4,Pangenome,480.58,54967273,NotImp
4,Pangenome,480.58,54968699,NotImp
4,Pangenome,480.58,54969414,NotImp
4,Pangenome,480.58,55087628,NotImp
4,Pangenome,480.58,55099869,NotImp
4,Pangenome,480.58,55112711,NotImp
4,Pangenome,480.58,55127720,NotImp
4,Pangenome,484.37,55733107,NotImp
4,Pangenome,484.37,55733115,NotImp
4,Pangenome,489.61,55776009,NotImp
4,Pangenome,489.61,56172588,NotImp
4,Pangenome,489.61,56193280,NotImp
4,Pangenome,489.61,56193335,NotImp
4,Pangenome,489.61,56514955,NotImp
4,Pangenome,489.62,56514996,NotImp
4,Pangenome,489.62,56623107,NotImp
4,Pangenome,489.62,56630426,NotImp
4,Pangenome,489.62,56630441,NotImp
4,Pangenome,489.62,56630755,NotImp
4,Pangenome,489.62,56645477,NotImp
4,Pangenome,491.69,57078850,NotImp
4,Pangenome,491.7,57750888,NotImp
4,Pangenome,491.7,57750948,NotImp
4,Pangenome,491.7,57872506,NotImp
4,Pangenome,491.7,58215074,NotImp
4,Pangenome,491.7,63027750,NotImp
4,Pangenome,491.7,63789988,NotImp
4,Pangenome,492.47,63863060,NotImp
4,Pangenome,492.55,64166462,NotImp
4,Pangenome,492.55,64417785,NotImp
4,Pangenome,492.55,65029808,NotImp
4,Pangenome,492.55,65149056,NotImp
4,Pangenome,492.55,65407400,NotImp
4,Pangenome,492.55,65416632,NotImp
4,Pangenome,496.17,65416660,NotImp
4,Pangenome,496.17,66071835,NotImp
4,Pangenome,496.17,66219335,NotImp
4,Pangenome,497.37,66289065,NotImp
4,Pangenome,497.37,66289126,NotImp
4,Pangenome,498.24,66289252,NotImp
4,Pangenome,498.35,66558378,NotImp
4,Pangenome,498.35,66978621,NotImp
4,Pangenome,498.35,67162842,NotImp
4,Pangenome,503.36,67231895,NotImp
4,Pangenome,504.74,67242905,NotImp
4,Pangenome,504.83,67242926,NotImp
4,Pangenome,504.83,67404996,NotImp
4,Pangenome,505.51,67434520,NotImp
4,Pangenome,505.51,67469520,NotImp
4,Pangenome,505.52,67469573,NotImp
4,Pangenome,505.52,68047199,NotImp
4,Pangenome,506.71,68264977,NotImp
4,Pangenome,506.92,68264987,NotImp
4,Pangenome,506.92,68524971,NotImp
4,Pangenome,506.92,68578640,NotImp
4,Pangenome,506.92,68622413,NotImp
4,Pangenome,506.92,68907371,NotImp
4,Pangenome,506.93,68907374,NotImp
4,Pangenome,506.93,68907464,NotImp
4,Pangenome,506.93,68907470,NotImp
4,Pangenome,506.93,69235072,NotImp
4,Pangenome,506.93,69716467,NotImp
4,Pangenome,506.93,69741171,NotImp
4,Pangenome,506.93,69920102,NotImp
4,Pangenome,506.93,69993419,NotImp
4,Pangenome,507.35,69993498,NotImp
4,Pangenome,507.36,69993501,NotImp
4,Pangenome,507.36,70634449,NotImp
4,Pangenome,507.55,71262569,NotImp
4,Pangenome,512,71502771,NotImp
4,Pangenome,512,71502871,NotImp
4,Pangenome,512,71599665,NotImp
4,Pangenome,512,71872345,NotImp
4,Pangenome,512.01,71990485,NotImp
4,Pangenome,512.01,72068573,NotImp
4,Pangenome,512.01,72144688,NotImp
4,Pangenome,512.32,73030002,NotImp
4,Pangenome,512.32,73030164,NotImp
4,Pangenome,512.32,73065483,NotImp
4,Pangenome,512.32,73094682,NotImp
4,Pangenome,512.32,73094695,NotImp
4,Pangenome,512.32,73094843,NotImp
4,Pangenome,512.32,73095059,NotImp
4,Pangenome,512.32,73188132,NotImp
4,Pangenome,512.32,73188269,NotImp
4,Pangenome,512.33,73207765,NotImp
4,Pangenome,512.33,73207788,NotImp
4,Pangenome,515.52,73239981,NotImp
4,Pangenome,515.52,73240361,NotImp
4,Pangenome,515.52,73240412,NotImp
4,Pangenome,516.46,73240432,NotImp
4,Pangenome,516.46,73242042,NotImp
4,Pangenome,516.46,73242140,NotImp
4,Pangenome,516.46,73250390,NotImp
4,Pangenome,516.46,73250501,NotImp
4,Pangenome,516.46,73250537,NotImp
4,Pangenome,516.46,73252215,NotImp
4,Pangenome,516.46,73252253,NotImp
4,Pangenome,516.46,73504507,NotImp
4,Pangenome,519.03,73698419,NotImp
4,Pangenome,519.03,73761773,NotImp
4,Pangenome,519.03,73763765,NotImp
4,Pangenome,519.03,74102881,NotImp
4,Pangenome,519.03,74461258,NotImp
4,Pangenome,519.04,74512788,NotImp
4,Pangenome,519.04,74512803,NotImp
4,Pangenome,519.04,74562795,NotImp
4,Pangenome,519.04,74563066,NotImp
4,Pangenome,519.04,74625160,NotImp
4,Pangenome,519.04,74771397,NotImp
4,Pangenome,519.78,74822273,NotImp
4,Pangenome,519.78,74968603,NotImp
4,Pangenome,519.78,75547868,NotImp
4,Pangenome,519.78,75596836,NotImp
4,Pangenome,519.78,75938706,NotImp
4,Pangenome,519.78,75938718,NotImp
4,Pangenome,520.09,75938907,NotImp
4,Pangenome,520.09,75978210,NotImp
4,Pangenome,520.27,76453104,NotImp
4,Pangenome,520.77,76453174,NotImp
4,Pangenome,520.77,76453255,NotImp
4,Pangenome,523.57,76464186,NotImp
4,Pangenome,523.57,76464321,NotImp
4,Pangenome,523.57,76464322,NotImp
4,Pangenome,523.57,76684623,NotImp
4,Pangenome,523.57,76875202,NotImp
4,Pangenome,523.57,76891908,NotImp
4,Pangenome,523.57,77020046,NotImp
4,Pangenome,523.57,77237749,NotImp
4,Pangenome,523.57,77374662,NotImp
4,Pangenome,523.74,77564848,NotImp
4,Pangenome,523.74,77596603,NotImp
4,Pangenome,523.74,77596707,NotImp
4,Pangenome,523.74,77994776,NotImp
4,Pangenome,526.07,78151825,NotImp
4,Pangenome,526.55,78152086,NotImp
4,Pangenome,526.76,78156974,NotImp
4,Pangenome,526.76,78183317,NotImp
4,Pangenome,526.76,78183446,NotImp
4,Pangenome,526.76,78183453,NotImp
4,Pangenome,526.76,78238105,NotImp
4,Pangenome,526.76,78534210,NotImp
4,Pangenome,529.96,78742214,NotImp
4,Pangenome,529.96,78742280,NotImp
4,Pangenome,531.01,79207892,NotImp
4,Pangenome,531.01,79876334,NotImp
4,Pangenome,531.01,79939083,NotImp
4,Pangenome,531.01,80162326,NotImp
4,Pangenome,531.01,80162479,NotImp
4,Pangenome,532.09,80330934,NotImp
4,Pangenome,532.09,80337551,NotImp
4,Pangenome,532.09,80391325,NotImp
4,Pangenome,532.09,80391438,NotImp
4,Pangenome,532.09,80425478,NotImp
4,Pangenome,532.09,81188554,NotImp
4,Pangenome,532.09,81188576,NotImp
4,Pangenome,536.99,81239742,NotImp
4,Pangenome,536.99,81374388,NotImp
4,Pangenome,537,81387485,NotImp
4,Pangenome,537,81435346,NotImp
4,Pangenome,537,81435390,NotImp
4,Pangenome,537,81621746,NotImp
4,Pangenome,537,81621812,NotImp
4,Pangenome,537,81633637,NotImp
4,Pangenome,537,81633670,NotImp
4,Pangenome,537,81633691,NotImp
4,Pangenome,537,81635067,NotImp
4,Pangenome,541.38,81766118,NotImp
4,Pangenome,541.49,81820939,NotImp
4,Pangenome,541.49,82074458,NotImp
4,Pangenome,541.49,82312309,NotImp
4,Pangenome,541.49,82312310,NotImp
4,Pangenome,541.85,82345021,NotImp
4,Pangenome,541.85,83717314,NotImp
4,Pangenome,542.27,83940288,NotImp
4,Pangenome,542.27,84000979,NotImp
4,Pangenome,542.27,84001019,NotImp
4,Pangenome,542.27,84067697,NotImp
4,Pangenome,542.27,84067949,NotImp
4,Pangenome,542.27,84117789,NotImp
4,Pangenome,542.27,84266942,NotImp
4,Pangenome,542.27,84271527,NotImp
4,Pangenome,542.27,84434336,NotImp
4,Pangenome,542.27,84482756,NotImp
4,Pangenome,542.28,85231960,NotImp
4,Pangenome,542.28,85322488,NotImp
4,Pangenome,542.28,85421965,NotImp
4,Pangenome,542.28,85594973,NotImp
4,Pangenome,542.28,86100264,NotImp
4,Pangenome,542.28,86107373,NotImp
4,Pangenome,542.28,86203943,NotImp
4,Pangenome,542.28,86563253,NotImp
4,Pangenome,542.28,86563311,NotImp
4,Pangenome,542.28,86648712,NotImp
4,Pangenome,542.29,86677723,NotImp
4,Pangenome,542.29,86930116,NotImp
4,Pangenome,542.29,86930346,NotImp
4,Pangenome,542.78,86982512,NotImp
4,Pangenome,542.78,87064513,NotImp
4,Pangenome,542.78,87249378,NotImp
4,Pangenome,542.79,88057609,NotImp
4,Pangenome,542.79,88057769,NotImp
4,Pangenome,542.79,88233842,NotImp
4,Pangenome,542.79,88418031,NotImp
4,Pangenome,542.79,88565673,NotImp
4,Pangenome,542.79,88798474,NotImp
4,Pangenome,542.81,88900694,NotImp
4,Pangenome,542.81,89213728,NotImp
4,Pangenome,542.81,89269815,NotImp
4,Pangenome,542.81,89528475,NotImp
4,Pangenome,542.81,89528655,NotImp
4,Pangenome,542.82,90094863,NotImp
4,Pangenome,542.82,90094874,NotImp
4,Pangenome,542.82,91494389,NotImp
4,Pangenome,551.98,91668534,NotImp
5,Pangenome,0,1181538,NotImp
5,Pangenome,0.25,1221317,NotImp
5,Pangenome,0.26,1221318,NotImp
5,Pangenome,4.22,1223750,NotImp
5,Pangenome,16.13,1295350,NotImp
5,Pangenome,16.13,1337579,NotImp
5,Pangenome,16.13,1389837,NotImp
5,Pangenome,16.13,1409675,NotImp
5,Pangenome,16.27,1598554,NotImp
5,Pangenome,16.99,1992971,NotImp
5,Pangenome,16.99,2821952,NotImp
5,Pangenome,16.99,2955016,NotImp
5,Pangenome,16.99,3242891,NotImp
5,Pangenome,16.99,3242960,NotImp
5,Pangenome,17,3315213,NotImp
5,Pangenome,17,3315238,NotImp
5,Pangenome,17,3315243,NotImp
5,Pangenome,17,3398670,NotImp
5,Pangenome,17,3617169,NotImp
5,Pangenome,17,4088963,NotImp
5,Pangenome,17,4089044,NotImp
5,Pangenome,17,4269946,NotImp
5,Pangenome,17,4593690,NotImp
5,Pangenome,17,4740136,NotImp
5,Pangenome,17.01,5220847,NotImp
5,Pangenome,17.01,6143178,NotImp
5,Pangenome,17.52,6171797,NotImp
5,Pangenome,17.52,6538417,NotImp
5,Pangenome,18.53,6950173,NotImp
5,Pangenome,32.84,7001320,NotImp
5,Pangenome,48.19,7038222,NotImp
5,Pangenome,50.13,7038251,NotImp
5,Pangenome,50.14,8536555,NotImp
5,Pangenome,50.14,8536626,NotImp
5,Pangenome,50.14,8964758,NotImp
5,Pangenome,50.14,8965182,NotImp
5,Pangenome,50.14,9034943,NotImp
5,Pangenome,50.14,9034960,NotImp
5,Pangenome,50.18,9036570,NotImp
5,Pangenome,50.18,9148190,NotImp
5,Pangenome,50.18,9148321,NotImp
5,Pangenome,50.19,9314694,NotImp
5,Pangenome,50.19,9828312,NotImp
5,Pangenome,50.19,9828476,NotImp
5,Pangenome,50.19,10015721,NotImp
5,Pangenome,50.19,10205739,NotImp
5,Pangenome,50.84,11084954,NotImp
5,Pangenome,50.84,11085104,NotImp
5,Pangenome,51.49,11117270,NotImp
5,Pangenome,51.49,11117306,NotImp
5,Pangenome,51.49,11117420,NotImp
5,Pangenome,57.05,11277482,NotImp
5,Pangenome,57.05,11277524,NotImp
5,Pangenome,57.05,11278995,NotImp
5,Pangenome,60.93,11630707,NotImp
5,Pangenome,62.05,14012794,NotImp
5,Pangenome,65.49,14892235,NotImp
5,Pangenome,65.5,16889571,NotImp
5,Pangenome,70.34,16894634,NotImp
5,Pangenome,70.34,18166259,NotImp
5,Pangenome,74.52,18530229,NotImp
5,Pangenome,74.52,18530254,NotImp
5,Pangenome,79.46,18530275,NotImp
5,Pangenome,81.09,18791849,NotImp
5,Pangenome,81.1,18822048,NotImp
5,Pangenome,81.1,18822225,NotImp
5,Pangenome,81.1,18822269,NotImp
5,Pangenome,81.1,19787205,NotImp
5,Pangenome,81.1,21152256,NotImp
5,Pangenome,81.1,21287958,NotImp
5,Pangenome,83.74,21288004,NotImp
5,Pangenome,83.75,21288256,NotImp
5,Pangenome,86.97,22651570,NotImp
5,Pangenome,89.72,23478469,NotImp
5,Pangenome,89.72,23583942,NotImp
5,Pangenome,90.03,24689087,NotImp
5,Pangenome,90.03,24791556,NotImp
5,Pangenome,90.03,24795288,NotImp
5,Pangenome,90.03,24795347,NotImp
5,Pangenome,90.04,24795537,NotImp
5,Pangenome,90.04,26500214,NotImp
5,Pangenome,92.4,28350290,NotImp
5,Pangenome,92.4,28706999,NotImp
5,Pangenome,92.76,28735293,NotImp
5,Pangenome,92.76,28750636,NotImp
5,Pangenome,93.53,29529505,NotImp
5,Pangenome,93.53,29529518,NotImp
5,Pangenome,93.53,29851023,NotImp
5,Pangenome,93.53,29851024,NotImp
5,Pangenome,93.53,29851070,NotImp
5,Pangenome,93.53,30144324,NotImp
5,Pangenome,93.53,31609029,NotImp
5,Pangenome,97.01,31609031,NotImp
5,Pangenome,97.01,31609185,NotImp
5,Pangenome,97.02,31609202,NotImp
5,Pangenome,101.22,32728143,NotImp
5,Pangenome,101.22,32728263,NotImp
5,Pangenome,101.23,32728270,NotImp
5,Pangenome,102.54,33117206,NotImp
5,Pangenome,103.95,33429988,NotImp
5,Pangenome,103.96,34312621,NotImp
5,Pangenome,104.26,34322569,NotImp
5,Pangenome,110.11,38548280,NotImp
5,Pangenome,110.48,57976602,NotImp
5,Pangenome,110.48,57976673,NotImp
5,Pangenome,114.31,59853312,NotImp
5,Pangenome,120.18,73678822,NotImp
5,Pangenome,120.18,73678972,NotImp
5,Pangenome,120.18,73924305,NotImp
5,Pangenome,120.18,75917790,NotImp
5,Pangenome,120.18,77013189,NotImp
5,Pangenome,120.18,77741391,NotImp
5,Pangenome,120.18,77745370,NotImp
5,Pangenome,123.88,78745066,NotImp
5,Pangenome,123.88,78745129,NotImp
5,Pangenome,123.88,78745192,NotImp
5,Pangenome,123.88,78745216,NotImp
5,Pangenome,123.88,78745231,NotImp
5,Pangenome,123.88,80270146,NotImp
5,Pangenome,129.08,80521169,NotImp
5,Pangenome,129.08,80521170,NotImp
5,Pangenome,129.08,80521183,NotImp
5,Pangenome,129.09,80521317,NotImp
5,Pangenome,129.36,80521330,NotImp
5,Pangenome,129.37,80845828,NotImp
5,Pangenome,129.37,80860034,NotImp
5,Pangenome,129.43,80860522,NotImp
5,Pangenome,129.43,81366884,NotImp
5,Pangenome,129.43,81820997,NotImp
5,Pangenome,131.49,82436032,NotImp
5,Pangenome,131.49,82649597,NotImp
5,Pangenome,132.29,83159074,NotImp
5,Pangenome,134.76,88301224,NotImp
5,Pangenome,134.76,88789427,NotImp
5,Pangenome,141.77,88789429,NotImp
5,Pangenome,141.77,90157990,NotImp
5,Pangenome,142.63,90734993,NotImp
5,Pangenome,143.24,92845349,NotImp
5,Pangenome,143.52,92950116,NotImp
5,Pangenome,143.64,93297500,NotImp
5,Pangenome,143.64,93297522,NotImp
5,Pangenome,143.64,93297569,NotImp
5,Pangenome,145.02,93823473,NotImp
5,Pangenome,145.02,94698317,NotImp
5,Pangenome,145.02,94795807,NotImp
5,Pangenome,145.02,94795840,NotImp
5,Pangenome,145.02,94899571,NotImp
5,Pangenome,145.02,94899577,NotImp
5,Pangenome,145.02,94917657,NotImp
5,Pangenome,145.15,96599576,NotImp
5,Pangenome,145.97,96899863,NotImp
5,Pangenome,145.97,96926789,NotImp
5,Pangenome,146.19,97051352,NotImp
5,Pangenome,147.45,97646335,NotImp
5,Pangenome,147.45,97708099,NotImp
5,Pangenome,147.45,97755905,NotImp
5,Pangenome,150.16,97755938,NotImp
5,Pangenome,150.24,98158488,NotImp
5,Pangenome,150.24,98158688,NotImp
5,Pangenome,150.24,98158694,NotImp
5,Pangenome,150.24,98159382,NotImp
5,Pangenome,151.38,98521812,NotImp
5,Pangenome,155.25,100992247,NotImp
5,Pangenome,155.25,101501327,NotImp
5,Pangenome,155.25,101501384,NotImp
5,Pangenome,156.43,101858621,NotImp
5,Pangenome,156.43,101864230,NotImp
5,Pangenome,156.43,102056281,NotImp
5,Pangenome,156.43,102313547,NotImp
5,Pangenome,156.43,102346217,NotImp
5,Pangenome,157.2,102497379,NotImp
5,Pangenome,157.2,103018368,NotImp
5,Pangenome,157.2,103300940,NotImp
5,Pangenome,157.2,103300943,NotImp
5,Pangenome,157.67,103301117,NotImp
5,Pangenome,157.67,103301131,NotImp
5,Pangenome,157.67,103301162,NotImp
5,Pangenome,158.3,103301163,NotImp
5,Pangenome,158.3,103301184,NotImp
5,Pangenome,158.31,103301190,NotImp
5,Pangenome,159.56,103301208,NotImp
5,Pangenome,159.56,103655610,NotImp
5,Pangenome,159.56,103741645,NotImp
5,Pangenome,159.56,104740261,NotImp
5,Pangenome,159.56,104740281,NotImp
5,Pangenome,159.81,104895422,NotImp
5,Pangenome,159.81,104962927,NotImp
5,Pangenome,159.81,106493725,NotImp
5,Pangenome,178.5,107511717,NotImp
5,Pangenome,178.5,108193745,NotImp
5,Pangenome,178.5,108728683,NotImp
5,Pangenome,178.5,108774527,NotImp
6,Pangenome,0,60683,NotImp
6,Pangenome,9.94,101986,NotImp
6,Pangenome,9.94,760316,NotImp
6,Pangenome,24.01,760369,NotImp
6,Pangenome,24.01,958411,NotImp
6,Pangenome,24.01,960493,NotImp
6,Pangenome,24.01,1049709,NotImp
6,Pangenome,24.01,1052255,NotImp
6,Pangenome,24.01,1117825,NotImp
6,Pangenome,24.43,1117911,NotImp
6,Pangenome,24.43,1117924,NotImp
6,Pangenome,24.43,1117940,NotImp
6,Pangenome,24.43,1888158,NotImp
6,Pangenome,24.43,1888247,NotImp
6,Pangenome,24.43,1918586,NotImp
6,Pangenome,24.9,2248040,NotImp
6,Pangenome,24.9,2303915,NotImp
6,Pangenome,24.91,6067009,NotImp
6,Pangenome,24.92,6067044,NotImp
6,Pangenome,24.93,6067142,NotImp
6,Pangenome,25.26,6144091,NotImp
6,Pangenome,25.26,6218076,NotImp
6,Pangenome,28.1,7169846,NotImp
6,Pangenome,28.11,7879404,NotImp
6,Pangenome,28.11,7898096,NotImp
6,Pangenome,28.11,7898166,NotImp
6,Pangenome,28.11,8577255,NotImp
6,Pangenome,28.73,8577411,NotImp
6,Pangenome,29.88,8903307,NotImp
6,Pangenome,29.88,8903328,NotImp
6,Pangenome,29.88,8903469,NotImp
6,Pangenome,29.89,9012373,NotImp
6,Pangenome,29.89,9012427,NotImp
6,Pangenome,29.89,9012612,NotImp
6,Pangenome,29.89,9012643,NotImp
6,Pangenome,29.89,9166795,NotImp
6,Pangenome,30.23,9167089,NotImp
6,Pangenome,33.77,9236090,NotImp
6,Pangenome,33.77,9236136,NotImp
6,Pangenome,33.78,9416597,NotImp
6,Pangenome,34.14,12946855,NotImp
6,Pangenome,36.98,13175429,NotImp
6,Pangenome,38.61,13175661,NotImp
6,Pangenome,38.61,13203398,NotImp
6,Pangenome,38.61,13327828,NotImp
6,Pangenome,38.71,13327860,NotImp
6,Pangenome,38.71,14716361,NotImp
6,Pangenome,40.61,19546634,NotImp
6,Pangenome,40.61,19546707,NotImp
6,Pangenome,41.39,19700198,NotImp
6,Pangenome,41.97,20748821,NotImp
6,Pangenome,41.97,21121235,NotImp
6,Pangenome,41.97,21121244,NotImp
6,Pangenome,41.97,21299375,NotImp
6,Pangenome,41.97,21321731,NotImp
6,Pangenome,41.98,21321743,NotImp
6,Pangenome,41.98,22124199,NotImp
6,Pangenome,43.17,22519126,NotImp
6,Pangenome,43.17,22519135,NotImp
6,Pangenome,43.17,23314202,NotImp
6,Pangenome,43.17,23856996,NotImp
6,Pangenome,43.76,25126395,NotImp
6,Pangenome,43.76,25126515,NotImp
6,Pangenome,43.77,25264838,NotImp
6,Pangenome,44.93,25745577,NotImp
6,Pangenome,44.93,27253149,NotImp
6,Pangenome,44.94,27480984,NotImp
6,Pangenome,44.94,27533568,NotImp
6,Pangenome,44.94,28843298,NotImp
6,Pangenome,58.3,31245259,NotImp
6,Pangenome,58.3,33236096,NotImp
6,Pangenome,59.23,33236101,NotImp
6,Pangenome,59.23,33236126,NotImp
6,Pangenome,62.62,37219552,NotImp
6,Pangenome,76.51,37219576,NotImp
6,Pangenome,76.51,37219583,NotImp
6,Pangenome,76.52,37219596,NotImp
6,Pangenome,76.52,38307554,NotImp
6,Pangenome,96.6,39423438,NotImp
6,Pangenome,96.61,40702431,NotImp
6,Pangenome,96.61,40702584,NotImp
6,Pangenome,96.61,40733965,NotImp
6,Pangenome,96.61,40733969,NotImp
6,Pangenome,96.61,41824885,NotImp
6,Pangenome,96.88,49295678,NotImp
6,Pangenome,96.88,49295711,NotImp
6,Pangenome,96.88,49694191,NotImp
6,Pangenome,98.26,50601356,NotImp
6,Pangenome,101.55,50601478,NotImp
6,Pangenome,101.56,50805902,NotImp
6,Pangenome,103.97,50806082,NotImp
6,Pangenome,103.97,50806104,NotImp
6,Pangenome,103.97,50806114,NotImp
6,Pangenome,103.97,50806117,NotImp
6,Pangenome,122,51274624,NotImp
6,Pangenome,122.01,51274636,NotImp
6,Pangenome,122.5,53478038,NotImp
6,Pangenome,122.5,53478250,NotImp
6,Pangenome,122.5,53707296,NotImp
6,Pangenome,126.24,53707306,NotImp
6,Pangenome,126.24,53707458,NotImp
6,Pangenome,133.42,54260819,NotImp
6,Pangenome,133.42,54658754,NotImp
6,Pangenome,133.42,54658816,NotImp
6,Pangenome,133.42,54658826,NotImp
6,Pangenome,133.42,55695635,NotImp
6,Pangenome,137.05,55695636,NotImp
6,Pangenome,138.81,56674780,NotImp
6,Pangenome,138.81,56674819,NotImp
6,Pangenome,138.83,56674918,NotImp
6,Pangenome,138.84,56674939,NotImp
6,Pangenome,139.32,58781116,NotImp
6,Pangenome,139.32,63233328,NotImp
6,Pangenome,139.32,63506897,NotImp
6,Pangenome,139.37,63511102,NotImp
6,Pangenome,139.37,67485066,NotImp
6,Pangenome,140.36,67928892,NotImp
6,Pangenome,140.37,69672558,NotImp
6,Pangenome,140.37,69932312,NotImp
6,Pangenome,144.28,74033474,NotImp
6,Pangenome,144.28,74033477,NotImp
6,Pangenome,148.47,80885957,NotImp
6,Pangenome,148.47,80889970,NotImp
6,Pangenome,148.47,81585440,NotImp
6,Pangenome,148.47,84222127,NotImp
6,Pangenome,149.6,86835270,NotImp
6,Pangenome,149.6,89631890,NotImp
6,Pangenome,152.3,92365323,NotImp
6,Pangenome,152.3,92444710,NotImp
6,Pangenome,152.3,92444739,NotImp
6,Pangenome,152.3,92617077,NotImp
6,Pangenome,157.57,92907022,NotImp
6,Pangenome,157.57,92907049,NotImp
6,Pangenome,158.47,92907066,NotImp
6,Pangenome,158.47,92907075,NotImp
6,Pangenome,158.47,92907081,NotImp
6,Pangenome,158.47,93161593,NotImp
6,Pangenome,158.47,93162684,NotImp
6,Pangenome,159.25,94056374,NotImp
6,Pangenome,159.25,94056974,NotImp
6,Pangenome,161.2,94256502,NotImp
6,Pangenome,164.2,96450220,NotImp
6,Pangenome,165.4,97294193,NotImp
6,Pangenome,170.09,101388118,NotImp
6,Pangenome,170.09,101388159,NotImp
6,Pangenome,170.09,101419187,NotImp
6,Pangenome,170.09,101419239,NotImp
6,Pangenome,170.09,101419399,NotImp
6,Pangenome,170.5,102172176,NotImp
6,Pangenome,170.55,102618700,NotImp
6,Pangenome,170.55,102618710,NotImp
6,Pangenome,170.55,103016570,NotImp
6,Pangenome,170.55,103016591,NotImp
6,Pangenome,173.3,103223780,NotImp
6,Pangenome,177.25,106483497,NotImp
6,Pangenome,177.64,106483530,NotImp
6,Pangenome,177.64,106483561,NotImp
6,Pangenome,177.86,106483631,NotImp
6,Pangenome,177.88,109003581,NotImp
6,Pangenome,177.88,109162721,NotImp
6,Pangenome,177.89,109162722,NotImp
6,Pangenome,178.35,109799464,NotImp
6,Pangenome,178.35,110339596,NotImp
6,Pangenome,178.35,110660198,NotImp
6,Pangenome,181.11,112255848,NotImp
6,Pangenome,181.11,112258852,NotImp
6,Pangenome,181.11,113969964,NotImp
7,Pangenome,0,346392,NotImp
7,Pangenome,0,346405,NotImp
7,Pangenome,0,346490,NotImp
7,Pangenome,16.34,1444644,NotImp
7,Pangenome,16.34,1988221,NotImp
7,Pangenome,18.46,2161562,NotImp
7,Pangenome,18.46,2161572,NotImp
7,Pangenome,18.46,2245947,NotImp
7,Pangenome,18.46,2245951,NotImp
7,Pangenome,18.46,3216801,NotImp
7,Pangenome,18.46,4151290,NotImp
7,Pangenome,18.46,4996802,NotImp
7,Pangenome,20.89,4996828,NotImp
7,Pangenome,21.1,4996960,NotImp
7,Pangenome,21.1,5003798,NotImp
7,Pangenome,24.23,5454764,NotImp
7,Pangenome,24.23,6946751,NotImp
7,Pangenome,24.23,7100301,NotImp
7,Pangenome,24.23,7440533,NotImp
7,Pangenome,24.28,7455279,NotImp
7,Pangenome,24.28,7455319,NotImp
7,Pangenome,24.29,7614876,NotImp
7,Pangenome,34.98,10161958,NotImp
7,Pangenome,36.38,10643731,NotImp
7,Pangenome,36.39,10643767,NotImp
7,Pangenome,36.39,10643771,NotImp
7,Pangenome,36.39,10643788,NotImp
7,Pangenome,37.52,10643803,NotImp
7,Pangenome,37.52,10830580,NotImp
7,Pangenome,37.52,10830606,NotImp
7,Pangenome,41.21,11417110,NotImp
7,Pangenome,41.21,11417135,NotImp
7,Pangenome,41.21,11417137,NotImp
7,Pangenome,41.21,11772705,NotImp
7,Pangenome,41.21,11772839,NotImp
7,Pangenome,41.21,12397542,NotImp
7,Pangenome,41.22,12397569,NotImp
7,Pangenome,41.22,12430885,NotImp
7,Pangenome,41.22,12534894,NotImp
7,Pangenome,41.22,12535076,NotImp
7,Pangenome,41.22,12535078,NotImp
7,Pangenome,42.5,13554989,NotImp
7,Pangenome,42.5,13556842,NotImp
7,Pangenome,44.02,14888993,NotImp
7,Pangenome,45.57,14889119,NotImp
7,Pangenome,45.57,14914657,NotImp
7,Pangenome,45.57,14961416,NotImp
7,Pangenome,45.57,14961697,NotImp
7,Pangenome,45.57,14966336,NotImp
7,Pangenome,45.57,14966371,NotImp
7,Pangenome,45.57,16042701,NotImp
7,Pangenome,45.57,16046633,NotImp
7,Pangenome,45.58,16116388,NotImp
7,Pangenome,45.58,16116469,NotImp
7,Pangenome,45.58,16603215,NotImp
7,Pangenome,45.58,16665391,NotImp
7,Pangenome,46.27,16817058,NotImp
7,Pangenome,46.27,16879459,NotImp
7,Pangenome,51.49,17995413,NotImp
7,Pangenome,51.49,17995428,NotImp
7,Pangenome,51.49,17995436,NotImp
7,Pangenome,51.49,18262254,NotImp
7,Pangenome,51.49,18353873,NotImp
7,Pangenome,51.49,20775862,NotImp
7,Pangenome,51.49,20869817,NotImp
7,Pangenome,51.49,21356143,NotImp
7,Pangenome,52.55,22819238,NotImp
7,Pangenome,52.55,22819254,NotImp
7,Pangenome,52.81,23169903,NotImp
7,Pangenome,53.79,24253405,NotImp
7,Pangenome,53.8,24253478,NotImp
7,Pangenome,53.8,26239905,NotImp
7,Pangenome,53.8,26240011,NotImp
7,Pangenome,61.6,27186944,NotImp
7,Pangenome,61.6,27188838,NotImp
7,Pangenome,61.6,27223693,NotImp
7,Pangenome,62.1,27316590,NotImp
7,Pangenome,62.1,29127766,NotImp
7,Pangenome,62.11,29127917,NotImp
7,Pangenome,62.11,29127975,NotImp
7,Pangenome,62.11,29128000,NotImp
7,Pangenome,62.11,29128044,NotImp
7,Pangenome,62.11,29128046,NotImp
7,Pangenome,62.24,29128475,NotImp
7,Pangenome,62.24,29689873,NotImp
7,Pangenome,62.24,29689909,NotImp
7,Pangenome,62.94,29689925,NotImp
7,Pangenome,62.94,29742281,NotImp
7,Pangenome,62.95,29742366,NotImp
7,Pangenome,62.95,29742368,NotImp
7,Pangenome,62.97,31976669,NotImp
7,Pangenome,64.69,31976861,NotImp
7,Pangenome,64.69,31976868,NotImp
7,Pangenome,64.7,31976878,NotImp
7,Pangenome,64.7,31976893,NotImp
7,Pangenome,67.04,31976990,NotImp
7,Pangenome,67.04,31977006,NotImp
7,Pangenome,67.05,31977017,NotImp
7,Pangenome,67.05,31977030,NotImp
7,Pangenome,67.05,31977033,NotImp
7,Pangenome,69.11,31977071,NotImp
7,Pangenome,69.11,31977076,NotImp
7,Pangenome,69.11,31977091,NotImp
7,Pangenome,69.11,32315885,NotImp
7,Pangenome,69.19,32315911,NotImp
7,Pangenome,72.1,32315986,NotImp
7,Pangenome,72.1,32316007,NotImp
7,Pangenome,72.51,32454320,NotImp
7,Pangenome,72.51,32454428,NotImp
7,Pangenome,72.51,32454443,NotImp
7,Pangenome,72.51,32537036,NotImp
7,Pangenome,72.51,32580361,NotImp
7,Pangenome,72.51,32580370,NotImp
7,Pangenome,72.51,32580374,NotImp
7,Pangenome,72.51,32580439,NotImp
7,Pangenome,72.51,32580742,NotImp
7,Pangenome,72.51,32686599,NotImp
7,Pangenome,72.52,32686804,NotImp
7,Pangenome,72.52,33793793,NotImp
7,Pangenome,72.52,34400706,NotImp
7,Pangenome,72.52,36883269,NotImp
7,Pangenome,72.52,36883273,NotImp
7,Pangenome,72.52,36883456,NotImp
7,Pangenome,72.52,37533049,NotImp
7,Pangenome,72.52,37707750,NotImp
7,Pangenome,75.9,39077937,NotImp
7,Pangenome,75.9,39458286,NotImp
7,Pangenome,75.9,39458522,NotImp
7,Pangenome,75.91,41343872,NotImp
7,Pangenome,77.1,43852386,NotImp
7,Pangenome,77.1,43852395,NotImp
7,Pangenome,77.1,43907270,NotImp
7,Pangenome,77.61,43907360,NotImp
7,Pangenome,77.61,43907421,NotImp
7,Pangenome,77.61,44187517,NotImp
7,Pangenome,77.76,44301325,NotImp
7,Pangenome,78.64,45511611,NotImp
7,Pangenome,78.64,45511621,NotImp
7,Pangenome,78.64,45511735,NotImp
7,Pangenome,81.08,45651226,NotImp
7,Pangenome,81.08,45658577,NotImp
7,Pangenome,81.08,45658627,NotImp
7,Pangenome,81.08,45701623,NotImp
7,Pangenome,81.08,45945695,NotImp
7,Pangenome,81.09,45945959,NotImp
7,Pangenome,81.09,46536516,NotImp
7,Pangenome,81.09,46536552,NotImp
7,Pangenome,81.09,46702709,NotImp
7,Pangenome,81.68,47139991,NotImp
7,Pangenome,81.68,47143808,NotImp
7,Pangenome,81.68,47173651,NotImp
7,Pangenome,81.68,47706745,NotImp
7,Pangenome,81.68,47706747,NotImp
7,Pangenome,95.53,47731535,NotImp
7,Pangenome,104.36,47731537,NotImp
7,Pangenome,104.36,47731663,NotImp
7,Pangenome,104.36,47731672,NotImp
7,Pangenome,104.36,47763264,NotImp
7,Pangenome,104.36,47763285,NotImp
7,Pangenome,109.02,47763374,NotImp
7,Pangenome,109.03,47763379,NotImp
7,Pangenome,113.76,48398345,NotImp
7,Pangenome,114.54,48878745,NotImp
7,Pangenome,114.54,48884936,NotImp
7,Pangenome,114.55,48897153,NotImp
7,Pangenome,114.6,48897236,NotImp
7,Pangenome,115.37,49560488,NotImp
7,Pangenome,115.37,49702397,NotImp
7,Pangenome,115.37,49702436,NotImp
7,Pangenome,117.14,50060934,NotImp
7,Pangenome,117.94,50615591,NotImp
7,Pangenome,117.94,50630430,NotImp
7,Pangenome,117.94,50630608,NotImp
7,Pangenome,118.92,50706124,NotImp
7,Pangenome,118.92,50709252,NotImp
7,Pangenome,118.92,50709498,NotImp
7,Pangenome,118.92,50709972,NotImp
7,Pangenome,118.93,51529397,NotImp
7,Pangenome,118.93,51529407,NotImp
7,Pangenome,118.93,51741135,NotImp
7,Pangenome,120.56,51833660,NotImp
7,Pangenome,120.56,54381634,NotImp
7,Pangenome,120.56,54447425,NotImp
7,Pangenome,141.19,54447470,NotImp
7,Pangenome,141.19,54449168,NotImp
7,Pangenome,141.19,54449397,NotImp
7,Pangenome,141.19,54514334,NotImp
7,Pangenome,141.19,54692728,NotImp
7,Pangenome,141.19,55212896,NotImp
7,Pangenome,141.2,55213231,NotImp
7,Pangenome,143.7,55213390,NotImp
7,Pangenome,143.7,55267245,NotImp
7,Pangenome,143.7,55930216,NotImp
7,Pangenome,143.7,57537539,NotImp
7,Pangenome,145.15,57537683,NotImp
7,Pangenome,145.17,57537953,NotImp
7,Pangenome,145.17,59467540,NotImp
7,Pangenome,145.17,60039618,NotImp
7,Pangenome,145.17,60246856,NotImp
7,Pangenome,145.17,60246870,NotImp
7,Pangenome,145.41,60246908,NotImp
7,Pangenome,145.41,60289207,NotImp
7,Pangenome,145.41,60499088,NotImp
7,Pangenome,145.41,60501640,NotImp
7,Pangenome,145.41,60760884,NotImp
7,Pangenome,145.42,61000402,NotImp
7,Pangenome,145.42,61003614,NotImp
7,Pangenome,147.01,61310123,NotImp
7,Pangenome,147.01,61310146,NotImp
7,Pangenome,147.02,61310254,NotImp
7,Pangenome,147.02,61310271,NotImp
7,Pangenome,147.02,61313568,NotImp
7,Pangenome,147.02,61373723,NotImp
7,Pangenome,162.2,61475776,NotImp
7,Pangenome,176.86,62160429,NotImp
7,Pangenome,180.61,62179417,NotImp
7,Pangenome,181.45,62522383,NotImp
7,Pangenome,181.45,62570511,NotImp
7,Pangenome,181.45,62570663,NotImp
7,Pangenome,181.46,62839824,NotImp
7,Pangenome,181.46,63250459,NotImp
7,Pangenome,181.46,63251056,NotImp
7,Pangenome,181.84,63726526,NotImp
7,Pangenome,181.84,63726684,NotImp
7,Pangenome,181.84,63878050,NotImp
7,Pangenome,181.84,63878101,NotImp
7,Pangenome,181.85,63878118,NotImp
7,Pangenome,186.73,63878251,NotImp
7,Pangenome,186.73,63883176,NotImp
7,Pangenome,188.67,64075289,NotImp
7,Pangenome,190.79,64075297,NotImp
7,Pangenome,190.79,64077229,NotImp
7,Pangenome,190.79,64262286,NotImp
7,Pangenome,190.79,64262512,NotImp
7,Pangenome,190.79,64295748,NotImp
7,Pangenome,190.79,64295840,NotImp
7,Pangenome,190.8,64661151,NotImp
7,Pangenome,190.8,64798173,NotImp
7,Pangenome,191.63,65193935,NotImp
7,Pangenome,191.63,65193958,NotImp
7,Pangenome,191.63,65209928,NotImp
7,Pangenome,193.08,65217882,NotImp
7,Pangenome,193.08,65332214,NotImp
7,Pangenome,193.08,65332221,NotImp
7,Pangenome,193.08,65332234,NotImp
7,Pangenome,193.08,65332238,NotImp
7,Pangenome,193.08,65332257,NotImp
7,Pangenome,193.08,65332482,NotImp
7,Pangenome,195.16,65332560,NotImp
7,Pangenome,195.16,65333589,NotImp
7,Pangenome,195.16,66018842,NotImp
7,Pangenome,197.83,67022397,NotImp
7,Pangenome,197.83,67168378,NotImp
7,Pangenome,197.83,67193693,NotImp
7,Pangenome,197.83,67193815,NotImp
7,Pangenome,197.83,67193838,NotImp
7,Pangenome,197.83,67424573,NotImp
7,Pangenome,198.57,67579088,NotImp
7,Pangenome,201.08,67705610,NotImp
7,Pangenome,201.08,67707545,NotImp
7,Pangenome,213.4,67988463,NotImp
7,Pangenome,213.4,67991399,NotImp
7,Pangenome,213.46,68098866,NotImp
7,Pangenome,213.58,68098967,NotImp
7,Pangenome,213.58,68099798,NotImp
7,Pangenome,215.93,68182269,NotImp
7,Pangenome,216.25,68343994,NotImp
7,Pangenome,216.25,68344022,NotImp
7,Pangenome,216.25,69089552,NotImp
7,Pangenome,216.25,69548671,NotImp
7,Pangenome,216.25,69548729,NotImp
7,Pangenome,216.26,69548865,NotImp
7,Pangenome,216.26,69608989,NotImp
7,Pangenome,216.26,69609015,NotImp
7,Pangenome,216.26,69631704,NotImp
7,Pangenome,221.55,69648622,NotImp
7,Pangenome,221.55,69710922,NotImp
7,Pangenome,221.55,69753997,NotImp
7,Pangenome,221.55,69754225,NotImp
7,Pangenome,221.55,69772399,NotImp
7,Pangenome,221.55,69927551,NotImp
7,Pangenome,221.55,70003496,NotImp
7,Pangenome,221.55,70241853,NotImp
7,Pangenome,221.55,70416160,NotImp
7,Pangenome,221.55,70736417,NotImp
7,Pangenome,222.38,70736922,NotImp
7,Pangenome,222.38,71011257,NotImp
7,Pangenome,222.38,71011378,NotImp
7,Pangenome,222.38,71060542,NotImp
7,Pangenome,222.38,71316084,NotImp
7,Pangenome,228.69,71394645,NotImp
7,Pangenome,231.49,71668585,NotImp
7,Pangenome,231.49,72428593,NotImp
7,Pangenome,231.49,72499486,NotImp
7,Pangenome,241.86,72573193,NotImp
7,Pangenome,241.86,72585343,NotImp
7,Pangenome,241.86,72588347,NotImp
7,Pangenome,243.55,72615175,NotImp
7,Pangenome,250.09,72753160,NotImp
7,Pangenome,250.09,73333585,NotImp
7,Pangenome,250.09,73919990,NotImp
7,Pangenome,250.09,74781265,NotImp
7,Pangenome,250.1,74781465,NotImp
7,Pangenome,250.9,75366825,NotImp
7,Pangenome,252.31,75366973,NotImp
7,Pangenome,255.48,75368674,NotImp
7,Pangenome,280.21,75368781,NotImp
7,Pangenome,280.21,75379854,NotImp
7,Pangenome,280.21,75380075,NotImp
7,Pangenome,280.21,75533725,NotImp
7,Pangenome,280.21,75535125,NotImp
7,Pangenome,280.21,76070816,NotImp
7,Pangenome,280.21,76306778,NotImp
7,Pangenome,280.22,76306835,NotImp
7,Pangenome,280.22,76306989,NotImp
7,Pangenome,283.73,76642784,NotImp
7,Pangenome,283.73,76678131,NotImp
7,Pangenome,283.73,76717548,NotImp
7,Pangenome,283.73,76800618,NotImp
7,Pangenome,283.74,76800630,NotImp
7,Pangenome,283.74,76800673,NotImp
7,Pangenome,283.74,77313816,NotImp
7,Pangenome,283.75,77466213,NotImp
7,Pangenome,283.85,78391894,NotImp
7,Pangenome,284.07,78589380,NotImp
7,Pangenome,284.09,78589402,NotImp
7,Pangenome,284.26,78589585,NotImp
7,Pangenome,284.26,78777116,NotImp
7,Pangenome,284.27,78954166,NotImp
7,Pangenome,284.27,79242053,NotImp
7,Pangenome,284.27,79650763,NotImp
7,Pangenome,284.27,79889999,NotImp
7,Pangenome,284.27,80366845,NotImp
7,Pangenome,287.7,80382050,NotImp
7,Pangenome,287.7,80483395,NotImp
7,Pangenome,287.82,80537242,NotImp
7,Pangenome,289.47,80684484,NotImp
7,Pangenome,289.47,80687499,NotImp
7,Pangenome,289.47,80860387,NotImp
7,Pangenome,289.47,80967804,NotImp
7,Pangenome,289.47,81383523,NotImp
7,Pangenome,289.47,81470543,NotImp
7,Pangenome,289.47,81470544,NotImp
7,Pangenome,289.59,81470591,NotImp
7,Pangenome,289.59,81512173,NotImp
7,Pangenome,289.59,81534371,NotImp
7,Pangenome,289.59,81542281,NotImp
7,Pangenome,289.6,81795125,NotImp
7,Pangenome,289.62,81933818,NotImp
7,Pangenome,289.63,81933845,NotImp
7,Pangenome,289.64,81933863,NotImp
7,Pangenome,289.75,81933979,NotImp
7,Pangenome,290.03,82678866,NotImp
7,Pangenome,290.03,82836776,NotImp
7,Pangenome,290.03,83172349,NotImp
7,Pangenome,290.75,83401078,NotImp
7,Pangenome,290.75,83401138,NotImp
7,Pangenome,290.76,83462174,NotImp
7,Pangenome,291.3,84337398,NotImp
7,Pangenome,291.3,85709621,NotImp
7,Pangenome,291.3,85709679,NotImp
7,Pangenome,291.3,85888410,NotImp
7,Pangenome,292.2,86561631,NotImp
7,Pangenome,292.2,86561652,NotImp
7,Pangenome,292.2,86562405,NotImp
7,Pangenome,293.09,86563146,NotImp
7,Pangenome,293.55,86563362,NotImp
7,Pangenome,294.28,86564090,NotImp
7,Pangenome,297.68,86619683,NotImp
7,Pangenome,298.06,87422064,NotImp
7,Pangenome,298.06,87422094,NotImp
7,Pangenome,298.06,87837936,NotImp
7,Pangenome,298.06,88738367,NotImp
7,Pangenome,298.9,89129546,NotImp
7,Pangenome,298.9,89142240,NotImp
7,Pangenome,298.9,89489879,NotImp
7,Pangenome,303.31,89698629,NotImp
7,Pangenome,304.19,89780433,NotImp
7,Pangenome,304.52,90063403,NotImp
7,Pangenome,305.2,90337872,NotImp
7,Pangenome,305.2,90476556,NotImp
7,Pangenome,305.2,90532008,NotImp
7,Pangenome,305.2,90582534,NotImp
7,Pangenome,305.2,90676385,NotImp
7,Pangenome,305.2,91674331,NotImp
7,Pangenome,305.89,91691285,NotImp
7,Pangenome,305.89,91722722,NotImp
7,Pangenome,306.32,92709803,NotImp
7,Pangenome,309.43,93549433,NotImp
7,Pangenome,310.04,93549536,NotImp
7,Pangenome,310.45,93549540,NotImp
7,Pangenome,310.45,93549560,NotImp
7,Pangenome,310.86,93549564,NotImp
7,Pangenome,312.97,93549831,NotImp
7,Pangenome,312.97,94039132,NotImp
7,Pangenome,313.31,94044549,NotImp
7,Pangenome,313.31,94050315,NotImp
7,Pangenome,313.63,94299587,NotImp
7,Pangenome,313.63,94346155,NotImp
7,Pangenome,313.64,94493200,NotImp
7,Pangenome,313.64,94493262,NotImp
7,Pangenome,313.64,94766966,NotImp
7,Pangenome,313.64,94766972,NotImp
7,Pangenome,313.64,94854751,NotImp
7,Pangenome,313.64,94861430,NotImp
7,Pangenome,313.92,95053471,NotImp
7,Pangenome,313.92,95053485,NotImp
7,Pangenome,314.02,95192215,NotImp
7,Pangenome,314.03,95335802,NotImp
7,Pangenome,314.03,95337588,NotImp
7,Pangenome,315.3,95337607,NotImp
7,Pangenome,344.22,95337696,NotImp
7,Pangenome,344.41,95337714,NotImp
8,Pangenome,0,1682912,NotImp
8,Pangenome,0,2209019,NotImp
8,Pangenome,0,2238470,NotImp
8,Pangenome,0,2481993,NotImp
8,Pangenome,0,3077202,NotImp
8,Pangenome,23.93,3132500,NotImp
8,Pangenome,23.93,3132596,NotImp
8,Pangenome,23.93,3394931,NotImp
8,Pangenome,23.93,3729483,NotImp
8,Pangenome,23.93,3729490,NotImp
8,Pangenome,23.93,3729506,NotImp
8,Pangenome,23.93,3729741,NotImp
8,Pangenome,23.93,6144575,NotImp
8,Pangenome,25.06,7684714,NotImp
8,Pangenome,25.06,10485138,NotImp
8,Pangenome,25.88,10948814,NotImp
8,Pangenome,25.88,10948828,NotImp
8,Pangenome,25.88,11007261,NotImp
8,Pangenome,25.88,11007270,NotImp
8,Pangenome,27.99,13251848,NotImp
8,Pangenome,27.99,13783488,NotImp
8,Pangenome,27.99,13783489,NotImp
8,Pangenome,27.99,14583871,NotImp
8,Pangenome,27.99,14583968,NotImp
8,Pangenome,28.08,14586304,NotImp
8,Pangenome,28.08,14586363,NotImp
8,Pangenome,28.08,14586365,NotImp
8,Pangenome,28.08,14672843,NotImp
8,Pangenome,28.08,14726404,NotImp
8,Pangenome,28.08,14878442,NotImp
8,Pangenome,30.54,16791873,NotImp
8,Pangenome,33.52,17031075,NotImp
8,Pangenome,33.52,17091036,NotImp
8,Pangenome,33.52,17091118,NotImp
8,Pangenome,34.67,17134516,NotImp
8,Pangenome,35.15,17135296,NotImp
8,Pangenome,37.61,17757496,NotImp
8,Pangenome,37.71,17868888,NotImp
8,Pangenome,37.71,17869021,NotImp
8,Pangenome,43.07,19995404,NotImp
8,Pangenome,46.9,21073107,NotImp
8,Pangenome,52.16,21452958,NotImp
8,Pangenome,52.16,21453154,NotImp
8,Pangenome,52.16,21453158,NotImp
8,Pangenome,52.16,23507661,NotImp
8,Pangenome,52.16,23507693,NotImp
8,Pangenome,52.95,24236742,NotImp
8,Pangenome,52.95,24242498,NotImp
8,Pangenome,52.95,24872739,NotImp
8,Pangenome,57.69,26068709,NotImp
8,Pangenome,57.69,27394121,NotImp
8,Pangenome,57.69,30321133,NotImp
8,Pangenome,57.69,30617368,NotImp
8,Pangenome,57.69,30833537,NotImp
8,Pangenome,57.69,30833557,NotImp
8,Pangenome,57.69,31103671,NotImp
8,Pangenome,68.35,32061418,NotImp
8,Pangenome,69.11,32061483,NotImp
8,Pangenome,69.11,32061520,NotImp
8,Pangenome,71.52,32061557,NotImp
8,Pangenome,73.96,32061576,NotImp
8,Pangenome,84.85,32428708,NotImp
8,Pangenome,84.86,32441194,NotImp
8,Pangenome,85.61,32447494,NotImp
8,Pangenome,115.61,32447626,NotImp
8,Pangenome,115.61,32513472,NotImp
8,Pangenome,115.61,32513617,NotImp
8,Pangenome,115.61,32513641,NotImp
8,Pangenome,119.4,34934411,NotImp
8,Pangenome,119.41,34934446,NotImp
8,Pangenome,120.31,35034491,NotImp
8,Pangenome,120.31,35244399,NotImp
8,Pangenome,120.31,35534819,NotImp
8,Pangenome,120.32,35624919,NotImp
8,Pangenome,120.32,35666654,NotImp
8,Pangenome,120.32,35666657,NotImp
8,Pangenome,131.68,35666662,NotImp
8,Pangenome,131.68,36266345,NotImp
8,Pangenome,131.7,36266351,NotImp
8,Pangenome,131.7,36438461,NotImp
8,Pangenome,131.7,36438536,NotImp
8,Pangenome,133.8,36896804,NotImp
8,Pangenome,136.03,36897814,NotImp
8,Pangenome,136.03,37921457,NotImp
8,Pangenome,136.03,37921501,NotImp
8,Pangenome,136.03,37974182,NotImp
8,Pangenome,140.35,39456460,NotImp
8,Pangenome,140.35,39456502,NotImp
8,Pangenome,140.4,39456586,NotImp
8,Pangenome,140.4,40071354,NotImp
8,Pangenome,140.4,40294051,NotImp
8,Pangenome,170.04,40294086,NotImp
8,Pangenome,181.04,40310488,NotImp
8,Pangenome,181.04,40310496,NotImp
8,Pangenome,194.53,40310518,NotImp
8,Pangenome,195.1,40343464,NotImp
8,Pangenome,195.1,40492779,NotImp
8,Pangenome,195.1,42441355,NotImp
8,Pangenome,195.43,42887824,NotImp
8,Pangenome,195.43,46086865,NotImp
8,Pangenome,204.69,46963766,NotImp
8,Pangenome,229.08,46964054,NotImp
8,Pangenome,232.29,47370402,NotImp
8,Pangenome,232.29,47970770,NotImp
8,Pangenome,232.29,48495233,NotImp
8,Pangenome,232.29,48601779,NotImp
8,Pangenome,232.29,48601780,NotImp
8,Pangenome,232.29,48601795,NotImp
8,Pangenome,236.07,49247598,NotImp
8,Pangenome,237.72,49291989,NotImp
8,Pangenome,238.17,49291990,NotImp
8,Pangenome,238.17,49303172,NotImp
8,Pangenome,238.17,49442780,NotImp
8,Pangenome,238.17,49442789,NotImp
8,Pangenome,245.2,49926810,NotImp
8,Pangenome,245.2,49926811,NotImp
8,Pangenome,249.83,49944358,NotImp
8,Pangenome,249.93,50918085,NotImp
8,Pangenome,249.93,50918315,NotImp
8,Pangenome,249.93,50918353,NotImp
8,Pangenome,249.93,50921242,NotImp
8,Pangenome,277.88,51292291,NotImp
8,Pangenome,277.88,52283688,NotImp
8,Pangenome,277.88,52283706,NotImp
8,Pangenome,277.88,52283910,NotImp
8,Pangenome,277.88,52314200,NotImp
8,Pangenome,277.88,52332497,NotImp
8,Pangenome,277.88,52332586,NotImp
8,Pangenome,277.88,52338042,NotImp
8,Pangenome,277.88,52338183,NotImp
8,Pangenome,277.88,52338249,NotImp
8,Pangenome,277.89,52559917,NotImp
8,Pangenome,277.89,52707240,NotImp
8,Pangenome,278.24,52868134,NotImp
8,Pangenome,278.24,54033284,NotImp
8,Pangenome,280.49,54034949,NotImp
8,Pangenome,298.58,54484745,NotImp
8,Pangenome,298.58,54484753,NotImp
8,Pangenome,298.58,54484757,NotImp
8,Pangenome,298.59,54484783,NotImp
8,Pangenome,298.59,54931413,NotImp
8,Pangenome,298.59,54944687,NotImp
8,Pangenome,305.13,55028321,NotImp
8,Pangenome,305.71,55028369,NotImp
8,Pangenome,305.71,55028471,NotImp
8,Pangenome,307.48,55538094,NotImp
8,Pangenome,307.48,55538135,NotImp
8,Pangenome,307.48,55538155,NotImp
8,Pangenome,307.48,55556042,NotImp
8,Pangenome,307.48,55556368,NotImp
8,Pangenome,307.48,55592407,NotImp
8,Pangenome,307.48,55592437,NotImp
8,Pangenome,307.84,55623118,NotImp
8,Pangenome,307.88,55906319,NotImp
8,Pangenome,312.18,56184790,NotImp
8,Pangenome,318.86,56424334,NotImp
8,Pangenome,318.86,56424395,NotImp
8,Pangenome,320.69,56502375,NotImp
8,Pangenome,320.69,56502386,NotImp
8,Pangenome,320.69,56502397,NotImp
8,Pangenome,320.69,56502401,NotImp
8,Pangenome,322.38,56502484,NotImp
8,Pangenome,324.52,56502489,NotImp
8,Pangenome,324.52,56502520,NotImp
8,Pangenome,335.45,56907787,NotImp
8,Pangenome,335.47,56907859,NotImp
8,Pangenome,335.47,57017461,NotImp
8,Pangenome,335.97,57050600,NotImp
8,Pangenome,335.97,57054805,NotImp
8,Pangenome,335.98,57054835,NotImp
8,Pangenome,335.98,57364790,NotImp
8,Pangenome,335.98,57493381,NotImp
8,Pangenome,338.84,57493420,NotImp
8,Pangenome,338.84,57493484,NotImp
8,Pangenome,338.84,57539354,NotImp
8,Pangenome,338.84,57549351,NotImp
8,Pangenome,338.85,57549352,NotImp
8,Pangenome,343.64,58128475,NotImp
8,Pangenome,343.66,59002649,NotImp
8,Pangenome,343.66,59021259,NotImp
8,Pangenome,343.67,59221637,NotImp
8,Pangenome,343.67,59221772,NotImp
8,Pangenome,343.67,59234218,NotImp
8,Pangenome,343.67,59234309,NotImp
8,Pangenome,343.67,59234310,NotImp
8,Pangenome,343.67,59301297,NotImp
8,Pangenome,343.67,59325911,NotImp
8,Pangenome,343.67,59353190,NotImp
8,Pangenome,343.67,59353236,NotImp
8,Pangenome,343.67,59840206,NotImp
8,Pangenome,346.15,59854294,NotImp
8,Pangenome,346.15,59854378,NotImp
8,Pangenome,346.15,59862086,NotImp
8,Pangenome,349.29,60220809,NotImp
8,Pangenome,353.87,60450289,NotImp
8,Pangenome,353.87,60506408,NotImp
8,Pangenome,353.87,60506466,NotImp
8,Pangenome,353.87,60506556,NotImp
8,Pangenome,353.87,60506627,NotImp
8,Pangenome,353.87,60524576,NotImp
8,Pangenome,356.61,60524597,NotImp
8,Pangenome,356.61,60535140,NotImp
8,Pangenome,356.61,60535332,NotImp
8,Pangenome,356.61,60877436,NotImp
8,Pangenome,356.61,61225886,NotImp
8,Pangenome,357.71,61226027,NotImp
8,Pangenome,357.72,61671888,NotImp
8,Pangenome,357.72,61671935,NotImp
8,Pangenome,357.72,61671997,NotImp
8,Pangenome,357.72,61784961,NotImp
8,Pangenome,357.72,61784976,NotImp
8,Pangenome,357.72,61784977,NotImp
8,Pangenome,357.72,61972534,NotImp
8,Pangenome,366.86,62051482,NotImp
8,Pangenome,366.86,62051589,NotImp
8,Pangenome,367.09,62090780,NotImp
8,Pangenome,367.09,62179703,NotImp
8,Pangenome,367.09,62484235,NotImp
8,Pangenome,367.09,62484346,NotImp
8,Pangenome,367.3,62508876,NotImp
8,Pangenome,367.53,62630232,NotImp
8,Pangenome,367.53,62630281,NotImp
8,Pangenome,367.54,62639052,NotImp
8,Pangenome,367.54,62797834,NotImp
8,Pangenome,367.54,62979312,NotImp
8,Pangenome,367.54,63045289,NotImp
8,Pangenome,367.54,63205045,NotImp
8,Pangenome,367.54,63404420,NotImp
8,Pangenome,367.54,63404460,NotImp
8,Pangenome,372.39,63404504,NotImp
8,Pangenome,372.4,63760066,NotImp
8,Pangenome,372.52,63760125,NotImp
8,Pangenome,372.52,63760223,NotImp
8,Pangenome,372.52,63760240,NotImp
8,Pangenome,372.67,64138343,NotImp
8,Pangenome,374.48,64182937,NotImp
8,Pangenome,374.48,64182952,NotImp
8,Pangenome,374.48,64182983,NotImp
8,Pangenome,375.55,64335057,NotImp
8,Pangenome,376.39,66178682,NotImp
8,Pangenome,376.39,66178719,NotImp
8,Pangenome,379.07,66338829,NotImp
8,Pangenome,379.07,66338867,NotImp
8,Pangenome,385.88,66471327,NotImp
8,Pangenome,385.88,66471350,NotImp
8,Pangenome,385.88,66471367,NotImp
8,Pangenome,391.21,67189782,NotImp
8,Pangenome,391.21,67273514,NotImp
8,Pangenome,392.04,68151922,NotImp
8,Pangenome,392.04,68645487,NotImp
8,Pangenome,392.04,68645704,NotImp
8,Pangenome,392.04,68744283,NotImp
8,Pangenome,392.04,69060653,NotImp
8,Pangenome,392.04,69172356,NotImp
8,Pangenome,392.05,69172395,NotImp
8,Pangenome,392.67,69173317,NotImp
8,Pangenome,392.67,70028856,NotImp
8,Pangenome,393.12,70185604,NotImp
8,Pangenome,441.62,70235048,NotImp
8,Pangenome,443.94,70709525,NotImp
8,Pangenome,443.94,70709552,NotImp
8,Pangenome,444.29,70756114,NotImp
8,Pangenome,444.3,70827398,NotImp
8,Pangenome,444.3,70829908,NotImp
8,Pangenome,444.3,70872863,NotImp
8,Pangenome,444.3,70890356,NotImp
8,Pangenome,444.3,70920956,NotImp
8,Pangenome,444.3,70990743,NotImp
8,Pangenome,446.35,70990945,NotImp
8,Pangenome,449.76,71161092,NotImp
8,Pangenome,449.76,71662054,NotImp
8,Pangenome,449.77,72562651,NotImp
8,Pangenome,449.77,72630375,NotImp
8,Pangenome,449.77,72791148,NotImp
8,Pangenome,450.16,72818813,NotImp
8,Pangenome,450.16,73227731,NotImp
8,Pangenome,452.3,73227779,NotImp
8,Pangenome,452.3,73238239,NotImp
8,Pangenome,452.3,73525905,NotImp
8,Pangenome,452.31,73559689,NotImp
8,Pangenome,452.31,73731285,NotImp
8,Pangenome,452.31,73731432,NotImp
8,Pangenome,452.79,74168280,NotImp
8,Pangenome,452.79,74380596,NotImp
8,Pangenome,452.79,74431648,NotImp
8,Pangenome,452.79,74444986,NotImp
8,Pangenome,452.79,74643260,NotImp
8,Pangenome,452.79,74652837,NotImp
8,Pangenome,452.79,74652898,NotImp
8,Pangenome,452.8,74990666,NotImp
8,Pangenome,452.8,76628486,NotImp
8,Pangenome,452.8,77711696,NotImp
8,Pangenome,452.8,78107343,NotImp
8,Pangenome,452.8,78107374,NotImp
8,Pangenome,459.69,78477456,NotImp
8,Pangenome,459.69,78689123,NotImp
8,Pangenome,459.69,78786525,NotImp
8,Pangenome,459.69,78807378,NotImp
8,Pangenome,459.69,78807379,NotImp
8,Pangenome,459.69,78808895,NotImp
8,Pangenome,459.7,79250629,NotImp
8,Pangenome,459.7,79719076,NotImp
8,Pangenome,459.7,80142710,NotImp
8,Pangenome,473.55,80202853,NotImp
8,Pangenome,473.55,80202876,NotImp
8,Pangenome,473.55,80284043,NotImp
8,Pangenome,477.5,80510524,NotImp
8,Pangenome,477.5,80524031,NotImp
8,Pangenome,500.97,80729024,NotImp
8,Pangenome,500.97,80834918,NotImp
8,Pangenome,500.97,80980023,NotImp
8,Pangenome,500.97,81057458,NotImp
8,Pangenome,500.97,81070006,NotImp
8,Pangenome,500.97,81097445,NotImp
8,Pangenome,500.97,81154705,NotImp
8,Pangenome,500.97,81241109,NotImp
8,Pangenome,500.98,81418399,NotImp
8,Pangenome,500.98,81472248,NotImp
8,Pangenome,500.98,81609148,NotImp
8,Pangenome,500.98,81694756,NotImp
8,Pangenome,501.37,82716330,NotImp
8,Pangenome,501.37,82834625,NotImp
8,Pangenome,501.37,83102302,NotImp
8,Pangenome,501.37,83417572,NotImp
8,Pangenome,501.37,83650386,NotImp
8,Pangenome,512.85,84162086,NotImp
8,Pangenome,512.85,84162087,NotImp
8,Pangenome,512.85,84245289,NotImp
8,Pangenome,512.86,84254240,NotImp
8,Pangenome,513.05,84335715,NotImp
8,Pangenome,513.05,84696835,NotImp
8,Pangenome,513.05,85206126,NotImp
8,Pangenome,523.73,85553574,NotImp
8,Pangenome,523.73,86081780,NotImp
8,Pangenome,523.73,86170277,NotImp
8,Pangenome,523.74,86197866,NotImp
8,Pangenome,523.74,86320513,NotImp
8,Pangenome,523.74,86477670,NotImp
8,Pangenome,524.21,86525041,NotImp
8,Pangenome,524.21,86525053,NotImp
8,Pangenome,524.21,86525057,NotImp
8,Pangenome,524.21,86578200,NotImp
8,Pangenome,524.21,86666898,NotImp
8,Pangenome,524.22,86932208,NotImp
8,Pangenome,528.86,87180976,NotImp
8,Pangenome,535.85,87182318,NotImp
8,Pangenome,535.85,87512178,NotImp
8,Pangenome,535.85,87512320,NotImp
8,Pangenome,535.85,87770652,NotImp
8,Pangenome,544.64,87844200,NotImp
8,Pangenome,544.64,87914605,NotImp
8,Pangenome,544.64,88088996,NotImp
8,Pangenome,545.67,88318309,NotImp
8,Pangenome,545.67,88323926,NotImp
8,Pangenome,560.85,88515464,NotImp
8,Pangenome,560.85,88631209,NotImp
8,Pangenome,560.85,88631213,NotImp
8,Pangenome,560.85,88709903,NotImp
8,Pangenome,562.15,89145090,NotImp
8,Pangenome,562.15,89189133,NotImp
8,Pangenome,562.15,89239052,NotImp
8,Pangenome,562.15,89245870,NotImp
8,Pangenome,562.16,89543200,NotImp
8,Pangenome,562.16,89543263,NotImp
8,Pangenome,562.16,89705543,NotImp
8,Pangenome,562.16,90290506,NotImp